dataset,pid,path,sx,sy,sz,nx,ny,nz,fov_x,fov_y,fov_z,raw_min,raw_max,mean,std,q01,q50,q99,frac_below,frac_above,eff_spacing_h,eff_spacing_w,slab_z_mm
train(totalseg),s0003,F:\Totalsegmentator_dataset_v201\nii\s0003.nii.gz,1.5,1.5,1.5,127,127,126,190.5,190.5,189.0,-1031.0,3077.0,-390.63916015625,530.7980346679688,-1022.0,-109.0,1045.0,0.0008935890887654791,0.010452433603279906,0.744140625,0.744140625,18.0
train(totalseg),s0002,F:\Totalsegmentator_dataset_v201\nii\s0002.nii.gz,1.0,1.0,1.0,185,128,101,185.0,128.0,101.0,-1217.966552734375,3183.026123046875,-528.7114868164062,533.927490234375,-1023.971435546875,-882.9707641601562,861.0103149414062,0.003363326197484613,0.006403866738025154,0.5,0.72265625,12.0
train(totalseg),s0009,F:\Totalsegmentator_dataset_v201\nii\s0009.nii.gz,1.5,1.5,1.5,119,119,185,178.5,178.5,277.5,-1033.0,2939.0,-95.12796020507812,314.8103942871094,-987.0,-42.0,548.0,9.008369385896406e-05,0.001668075178659631,0.697265625,0.697265625,18.0
train(totalseg),s0006,F:\Totalsegmentator_dataset_v201\nii\s0006.nii.gz,1.5,1.5,1.5,216,216,217,324.0,324.0,325.5,-1040.0,2382.0,-342.8603210449219,468.37896728515625,-1014.0,-106.0,454.0,0.0001985312245168876,0.0012024473269992982,1.265625,1.265625,18.0
train(totalseg),s0012,F:\Totalsegmentator_dataset_v201\nii\s0012.nii.gz,1.4999998807907104,1.5000001192092896,1.5,238,145,315,356.9999716281891,217.50001728534698,472.5,-1218.0,1576.0,-258.8746032714844,437.29876708984375,-1010.0,-57.0,444.0,0.0011491493148983731,0.0004034717335209946,0.8496094425208867,1.3945311391726136,18.0
train(totalseg),s0013,F:\Totalsegmentator_dataset_v201\nii\s0013.nii.gz,1.5,1.5,1.5,231,175,301,346.5,262.5,451.5,-1042.0,1703.0,-291.39630126953125,450.3815612792969,-1007.0,-98.0,506.0,1.4382074182738635e-05,0.0010314823603860149,1.025390625,1.353515625,18.0
train(totalseg),s0000,F:\Totalsegmentator_dataset_v201\nii\s0000.nii.gz,1.0,1.0,1.0,294,192,179,294.0,192.0,179.0,-1034.00927734375,1712.0,-515.5316162109375,503.90338134765625,-1024.0172119140625,-853.0134887695312,529.9832763671875,0.010447544939763615,0.004272484133318132,0.75,1.1484375,12.0
train(totalseg),s0001,F:\Totalsegmentator_dataset_v201\nii\s0001.nii.gz,1.0,1.0,1.0,249,188,213,249.0,188.0,213.0,-1327.0,2147.9990234375,-322.8459777832031,434.9066467285156,-1023.9840698242188,-111.00474548339844,452.99456787109375,0.0023137190400924286,0.0007521843433330391,0.734375,0.97265625,12.0
train(totalseg),s0025,F:\Totalsegmentator_dataset_v201\nii\s0025.nii.gz,1.0,1.0,1.0,59,90,139,59.0,90.0,139.0,-1633.9998779296875,3338.0,-193.21327209472656,504.9247741699219,-1024.0223388671875,12.029083251953125,1037.9901123046875,0.04880299150510101,0.010458074218591228,0.3515625,0.23046875,12.0
train(totalseg),s0010,F:\Totalsegmentator_dataset_v201\nii\s0010.nii.gz,1.5,1.5,1.5,259,259,283,388.5,388.5,424.5,-1044.0,1601.0,-546.6163330078125,496.0805358886719,-1024.0,-927.0,381.0,0.002754434935232062,0.0010909226909285906,1.517578125,1.517578125,18.0
train(totalseg),s0014,F:\Totalsegmentator_dataset_v201\nii\s0014.nii.gz,1.5,1.5,1.5,286,286,308,429.0,429.0,462.0,-1200.0,2380.0,-607.0639038085938,502.1949768066406,-1024.0,-1023.0,298.0,0.00536963036963037,0.0003668851809347677,1.67578125,1.67578125,18.0
train(totalseg),s0004,F:\Totalsegmentator_dataset_v201\nii\s0004.nii.gz,1.0,1.0,1.0,255,177,440,255.0,177.0,440.0,-1144.9781494140625,2926.99658203125,-442.3351135253906,493.3151550292969,-1024.02197265625,-153.02268981933594,346.0013732910156,0.038457355207105956,0.00022659294842744494,0.69140625,0.99609375,12.0
train(totalseg),s0019,F:\Totalsegmentator_dataset_v201\nii\s0019.nii.gz,1.5,1.5,1.5,221,221,407,331.5,331.5,610.5,-1527.0,3339.0,-414.7138671875,493.0088195800781,-1024.0,-124.0,459.0,0.005579956827272366,0.0007777328935235374,1.294921875,1.294921875,18.0
train(totalseg),s0021,F:\Totalsegmentator_dataset_v201\nii\s0021.nii.gz,1.5,1.5,1.5,185,185,218,277.5,277.5,327.0,-1072.0,3158.0,-528.1708984375,533.9874877929688,-1022.0,-880.0,654.0,0.0005865124649982335,0.0039056154547642877,1.083984375,1.083984375,18.0
train(totalseg),s0016,F:\Totalsegmentator_dataset_v201\nii\s0016.nii.gz,1.5,1.5,1.5,259,259,294,388.5,388.5,441.0,-1167.0,2995.0,-506.07147216796875,500.2281494140625,-1024.0,-836.0,464.0,0.0016205400921415975,0.0016387939855449446,1.517578125,1.517578125,18.0
train(totalseg),s0015,F:\Totalsegmentator_dataset_v201\nii\s0015.nii.gz,1.5,1.5,1.5,293,293,344,439.5,439.5,516.0,-1156.0,2484.0,-581.174560546875,499.2842712402344,-1024.0,-948.0,367.0,0.00397297039217718,0.0010112738495045724,1.716796875,1.716796875,18.0
train(totalseg),s0036,F:\Totalsegmentator_dataset_v201\nii\s0036.nii.gz,1.5,1.5,1.5,121,121,137,181.5,181.5,205.5,-1156.0,2852.0,-236.35260009765625,490.7703857421875,-1028.0,-83.0,1198.0,0.014515773614555258,0.013328228184212127,0.708984375,0.708984375,18.0
train(totalseg),s0011,F:\Totalsegmentator_dataset_v201\nii\s0011.nii.gz,1.5,1.5,1.5,311,311,431,466.5,466.5,646.5,-1425.0,3470.0,-643.9362182617188,481.5531921386719,-1024.0,-961.0,324.0,0.0061140989499688676,0.0012911292418859857,1.822265625,1.822265625,18.0
train(totalseg),s0022,F:\Totalsegmentator_dataset_v201\nii\s0022.nii.gz,1.5,1.5,1.5,295,295,250,442.5,442.5,375.0,-1237.0,1673.0,-580.9463500976562,488.21685791015625,-1024.0,-947.0,296.0,0.002253467290848961,0.00037717895422331726,1.728515625,1.728515625,18.0
train(totalseg),s0032,F:\Totalsegmentator_dataset_v201\nii\s0032.nii.gz,1.5,1.5,1.5,221,221,216,331.5,331.5,324.0,-1548.0,3846.0,-538.4678344726562,523.6818237304688,-1024.0,-870.0,654.0,0.0068510290762087405,0.00461361014994233,1.294921875,1.294921875,18.0
train(totalseg),s0035,F:\Totalsegmentator_dataset_v201\nii\s0035.nii.gz,1.5,1.5,1.5,320,320,145,480.0,480.0,217.5,-1147.0,1697.0,-721.6338500976562,449.4277038574219,-1024.0,-991.0,362.0,0.006091056034482759,0.0012036637931034484,1.875,1.875,18.0
train(totalseg),s0039,F:\Totalsegmentator_dataset_v201\nii\s0039.nii.gz,1.5,1.5,1.5,296,296,92,444.0,444.0,138.0,-1166.0,1344.0,-657.658203125,469.16375732421875,-1024.0,-970.0,278.0,0.003011534393831782,8.311958986065063e-05,1.734375,1.734375,18.0
train(totalseg),s0031,F:\Totalsegmentator_dataset_v201\nii\s0031.nii.gz,1.5,1.5,1.5,288,288,280,432.0,432.0,420.0,-1054.0,1579.0,-586.052001953125,485.7080383300781,-1024.0,-932.0,356.0,0.007036933697089947,0.0007776331018518518,1.6875,1.6875,18.0
train(totalseg),s0028,F:\Totalsegmentator_dataset_v201\nii\s0028.nii.gz,1.5,1.5,1.5,299,299,394,448.5,448.5,591.0,-1343.0,3321.0,-654.3110961914062,465.8032531738281,-1024.0,-973.0,300.0,0.004512264109001584,0.0005064160511914574,1.751953125,1.751953125,18.0
train(totalseg),s0030,F:\Totalsegmentator_dataset_v201\nii\s0030.nii.gz,1.5,1.5,1.5,309,309,317,463.5,463.5,475.5,-1208.0,3078.0,-524.0481567382812,482.25494384765625,-1024.0,-779.0,326.0,0.0023380863321065823,0.0010942434337464675,1.810546875,1.810546875,18.0
train(totalseg),s0037,F:\Totalsegmentator_dataset_v201\nii\s0037.nii.gz,1.5,1.5,1.5,253,253,217,379.5,379.5,325.5,-1313.0,3606.0,-676.259521484375,459.7583923339844,-1040.0,-943.0,392.0,0.05887831297917279,0.000935352337045345,1.482421875,1.482421875,18.0
train(totalseg),s0024,F:\Totalsegmentator_dataset_v201\nii\s0024.nii.gz,1.5,1.5,1.5,287,287,486,430.5,430.5,729.0,-1303.0,3282.0,-524.0693359375,492.4727783203125,-1024.0,-845.0,392.0,0.0035289106278596663,0.0012558662171987573,1.681640625,1.681640625,18.0
train(totalseg),s0034,F:\Totalsegmentator_dataset_v201\nii\s0034.nii.gz,1.5,1.5,1.5,308,308,283,462.0,462.0,424.5,-1125.0,3249.0,-643.7064819335938,466.1828308105469,-1024.0,-965.0,253.0,0.002492167325125886,0.0009616146782866988,1.8046875,1.8046875,18.0
train(totalseg),s0043,F:\Totalsegmentator_dataset_v201\nii\s0043.nii.gz,1.0,1.0,1.0,134,159,159,134.0,159.0,159.0,-1503.9998779296875,3595.0,-572.1178588867188,544.7888793945312,-1025.0277099609375,-951.034423828125,1009.981689453125,0.04511617774424425,0.009650926570423072,0.62109375,0.5234375,12.0
train(totalseg),s0029,F:\Totalsegmentator_dataset_v201\nii\s0029.nii.gz,1.5,1.5,1.5,300,300,422,450.0,450.0,633.0,-1205.0,3489.0,-648.2178344726562,488.1942138671875,-1024.0,-964.0,318.0,0.0027744593656263195,0.0016568715144165832,1.7578125,1.7578125,18.0
train(totalseg),s0038,F:\Totalsegmentator_dataset_v201\nii\s0038.nii.gz,1.5,1.5,1.5,240,240,333,360.0,360.0,499.5,-1041.0,1580.0,-527.8970947265625,491.0016174316406,-1020.0,-887.0,351.0,0.0017924174174174174,0.0010573073073073074,1.40625,1.40625,18.0
train(totalseg),s0044,F:\Totalsegmentator_dataset_v201\nii\s0044.nii.gz,1.5,1.5,1.5,151,114,136,226.5,171.0,204.0,-1580.0,3256.0,-376.0429992675781,560.6970825195312,-1026.0,-118.0,1234.0,0.011628701672373376,0.015995017735222355,0.66796875,0.884765625,18.0
train(totalseg),s0056,F:\Totalsegmentator_dataset_v201\nii\s0056.nii.gz,1.5,1.5,1.5,179,179,139,268.5,268.5,208.5,-1038.0,3078.0,-531.941650390625,531.2054443359375,-1015.0,-926.0,865.0,0.0002613556680163307,0.007357700932325722,1.048828125,1.048828125,18.0
train(totalseg),s0048,F:\Totalsegmentator_dataset_v201\nii\s0048.nii.gz,1.0,1.0,1.0,236,182,140,236.0,182.0,140.0,-1144.997802734375,2600.98681640625,-316.0356140136719,439.9179992675781,-1013.9857177734375,-94.01060485839844,323.01934814453125,0.0012405874996674027,0.00013370406832876567,0.7109375,0.921875,12.0
train(totalseg),s0046,F:\Totalsegmentator_dataset_v201\nii\s0046.nii.gz,1.5,1.5,1.5,247,247,213,370.5,370.5,319.5,-1099.0,3309.0,-542.9215087890625,477.6868896484375,-1021.0,-862.0,334.0,0.0017657670663433916,0.0009340573804269192,1.447265625,1.447265625,18.0
train(totalseg),s0042,F:\Totalsegmentator_dataset_v201\nii\s0042.nii.gz,1.5,1.5,1.5,285,285,332,427.5,427.5,498.0,-1201.0,2998.0,-517.1583251953125,485.8852844238281,-1024.0,-813.0,302.0,0.0025303798736679033,0.0006105307204418249,1.669921875,1.669921875,18.0
train(totalseg),s0040,F:\Totalsegmentator_dataset_v201\nii\s0040.nii.gz,1.5,1.5,1.5,291,291,421,436.5,436.5,631.5,-1319.0,3310.0,-663.7705078125,470.4718017578125,-1024.0,-962.0,353.0,0.003100078511760355,0.0007911763889134326,1.705078125,1.705078125,18.0
train(totalseg),s0045,F:\Totalsegmentator_dataset_v201\nii\s0045.nii.gz,1.5,1.5,1.5,231,231,306,346.5,346.5,459.0,-1050.0,3084.0,-395.0730895996094,488.47625732421875,-1015.0,-104.0,428.0,0.0011833934675798694,0.001639223182385902,1.353515625,1.353515625,18.0
train(totalseg),s0050,F:\Totalsegmentator_dataset_v201\nii\s0050.nii.gz,1.5,1.5,1.5,261,182,399,391.5,273.0,598.5,-1075.0,3214.0,-426.5781555175781,498.3281555175781,-1010.0,-119.0,516.0,0.00024850553729429705,0.0012889575957748783,1.06640625,1.529296875,18.0
train(totalseg),s0052,F:\Totalsegmentator_dataset_v201\nii\s0052.nii.gz,1.5,1.5,1.5,249,249,294,373.5,373.5,441.0,-1043.0,2470.0,-419.4200744628906,494.1373596191406,-1019.0,-117.0,454.0,0.0008514233362409002,0.0016238486309749127,1.458984375,1.458984375,18.0
train(totalseg),s0057,F:\Totalsegmentator_dataset_v201\nii\s0057.nii.gz,1.5,1.5,1.5,293,293,184,439.5,439.5,276.0,-1218.0,1729.0,-571.3261108398438,476.5211486816406,-1024.0,-909.0,196.0,0.008861869197027946,5.9254697454124455e-05,1.716796875,1.716796875,18.0
train(totalseg),s0049,F:\Totalsegmentator_dataset_v201\nii\s0049.nii.gz,1.5,1.5,1.5,221,221,455,331.5,331.5,682.5,-1396.0,3172.0,-363.32330322265625,482.1085510253906,-1024.0,-106.0,529.0,0.006640250382312537,0.002222596614914077,1.294921875,1.294921875,18.0
train(totalseg),s0054,F:\Totalsegmentator_dataset_v201\nii\s0054.nii.gz,1.5,1.5,1.5,261,261,273,391.5,391.5,409.5,-1154.0,3388.0,-514.008544921875,488.80364990234375,-1024.0,-695.0,408.0,0.0009458494470087713,0.0021331351655962455,1.529296875,1.529296875,18.0
train(totalseg),s0063,F:\Totalsegmentator_dataset_v201\nii\s0063.nii.gz,1.5,1.5,1.5,210,156,210,315.0,234.0,315.0,-1169.0,3570.0,-601.103271484375,523.56005859375,-1024.0,-989.0,680.0,0.006904471190185476,0.004341531484388627,0.9140625,1.23046875,18.0
train(totalseg),s0061,F:\Totalsegmentator_dataset_v201\nii\s0061.nii.gz,1.0,1.0,1.0,233,194,202,233.0,194.0,202.0,-1406.0,2639.98486328125,-694.5194702148438,485.5963134765625,-1024.0283203125,-995.0130004882812,608.0205688476562,0.08207600534673558,0.002665153839119333,0.7578125,0.91015625,12.0
train(totalseg),s0068,F:\Totalsegmentator_dataset_v201\nii\s0068.nii.gz,1.5,1.5,1.5,104,137,189,156.0,205.5,283.5,-1127.0,3577.0,-141.6703338623047,451.8419189453125,-1024.0,-5.0,885.0,0.00020498560644546045,0.007853325371573548,0.802734375,0.609375,18.0
train(totalseg),s0053,F:\Totalsegmentator_dataset_v201\nii\s0053.nii.gz,1.5,1.5,1.5,333,333,346,499.5,499.5,519.0,-1200.0,1323.0,-623.3287353515625,474.3531799316406,-1024.0,-969.0,253.0,0.0033158185552393167,0.0001735839614674882,1.951171875,1.951171875,18.0
train(totalseg),s0067,F:\Totalsegmentator_dataset_v201\nii\s0067.nii.gz,1.0,1.0,1.0,122,154,243,122.0,154.0,243.0,-1410.00341796875,2067.02197265625,-479.7637023925781,500.1867370605469,-1025.0069580078125,-633.0184936523438,678.986572265625,0.056989357535805626,0.004553734061930784,0.6015625,0.4765625,12.0
train(totalseg),s0069,F:\Totalsegmentator_dataset_v201\nii\s0069.nii.gz,1.5,1.5,1.5,305,305,116,457.5,457.5,174.0,-1333.0,1272.0,-652.0842895507812,465.7591857910156,-1024.0,-990.0,126.0,0.003592470102597521,3.391745492314638e-05,1.787109375,1.787109375,18.0
train(totalseg),s0059,F:\Totalsegmentator_dataset_v201\nii\s0059.nii.gz,1.5,1.5,1.5,233,233,449,349.5,349.5,673.5,-1213.0,3254.0,-567.209228515625,483.3478088378906,-1023.0,-908.0,335.0,0.004321464017932236,0.0009813024550160822,1.365234375,1.365234375,18.0
train(totalseg),s0062,F:\Totalsegmentator_dataset_v201\nii\s0062.nii.gz,1.0,1.0,1.0,273,205,273,273.0,205.0,273.0,-1416.016845703125,3274.993896484375,-607.0369262695312,499.7547302246094,-1024.033203125,-977.9653930664062,335.0058898925781,0.08405879968960198,0.0021462912986973544,0.80078125,1.06640625,12.0
train(totalseg),s0058,F:\Totalsegmentator_dataset_v201\nii\s0058.nii.gz,1.5,1.5,1.5,298,298,325,447.0,447.0,487.5,-1345.0,3412.0,-431.0828552246094,483.32220458984375,-1024.0,-134.0,379.0,0.0017509603255985826,0.0016906719914432143,1.74609375,1.74609375,18.0
train(totalseg),s0066,F:\Totalsegmentator_dataset_v201\nii\s0066.nii.gz,1.0,1.0,1.0,260,202,217,260.0,202.0,217.0,-1248.0091552734375,1541.0042724609375,-420.7536315917969,483.68304443359375,-1015.9861450195312,-126.02027130126953,518.9991455078125,0.0014351341476640375,0.0011755886103205413,0.7890625,1.015625,12.0
train(totalseg),s0074,F:\Totalsegmentator_dataset_v201\nii\s0074.nii.gz,1.5,1.5,1.5,251,192,180,376.5,288.0,270.0,-1167.0,1615.0,-284.1349182128906,454.410888671875,-1024.0,-70.0,463.0,0.00694213885199941,0.001177004943190202,1.125,1.470703125,18.0
train(totalseg),s0065,F:\Totalsegmentator_dataset_v201\nii\s0065.nii.gz,1.5,1.5,1.5,243,243,409,364.5,364.5,613.5,-1068.0,3136.0,-493.9365539550781,511.226318359375,-1016.0,-823.0,499.0,0.0011599910215080098,0.0014759607336310733,1.423828125,1.423828125,18.0
train(totalseg),s0070,F:\Totalsegmentator_dataset_v201\nii\s0070.nii.gz,1.5,1.5,1.5,242,242,270,363.0,363.0,405.0,-1041.0,2500.0,-640.984619140625,479.7028503417969,-1018.0,-935.0,371.0,0.0011560635151919901,0.0006005459048283992,1.41796875,1.41796875,18.0
train(totalseg),s0073,F:\Totalsegmentator_dataset_v201\nii\s0073.nii.gz,1.5,1.5,1.5,247,245,265,370.5,367.5,397.5,-1048.0,1382.0,-389.0531005859375,462.8093566894531,-1006.0,-122.0,366.0,0.00016948857663830072,0.0002351513695743311,1.435546875,1.447265625,18.0
train(totalseg),s0072,F:\Totalsegmentator_dataset_v201\nii\s0072.nii.gz,1.5,1.5,1.5,286,286,269,429.0,429.0,403.5,-1094.0,3050.0,-631.0955200195312,477.6466064453125,-1024.0,-958.0,294.0,0.003171367271053461,0.0004750233694045683,1.67578125,1.67578125,18.0
train(totalseg),s0071,F:\Totalsegmentator_dataset_v201\nii\s0071.nii.gz,1.5,1.5,1.5,308,308,278,462.0,462.0,417.0,-1059.0,1984.0,-676.463134765625,451.54058837890625,-1024.0,-981.0,225.0,0.0034707770973304002,5.998742918298183e-05,1.8046875,1.8046875,18.0
train(totalseg),s0084,F:\Totalsegmentator_dataset_v201\nii\s0084.nii.gz,1.5,1.5,1.5,128,128,99,192.0,192.0,148.5,-1026.0,2233.0,-359.66058349609375,420.2813720703125,-1002.0,-132.0,474.0,4.932133838383839e-06,0.00019975142045454547,0.75,0.75,18.0
train(totalseg),s0081,F:\Totalsegmentator_dataset_v201\nii\s0081.nii.gz,1.0,1.0,1.0,135,153,153,135.0,153.0,153.0,-1447.9866943359375,3360.021240234375,-514.461181640625,532.7578125,-1023.9805908203125,-879.962646484375,903.9745483398438,0.009277846830722964,0.007696309366195222,0.59765625,0.52734375,12.0
train(totalseg),s0083,F:\Totalsegmentator_dataset_v201\nii\s0083.nii.gz,1.5,1.5,1.5,156,156,124,234.0,234.0,186.0,-1027.0,2345.0,-529.8422241210938,460.1321105957031,-1020.0,-841.0,299.0,0.00022997921571122563,0.00018027189243070136,0.9140625,0.9140625,18.0
train(totalseg),s0079,F:\Totalsegmentator_dataset_v201\nii\s0079.nii.gz,1.0,1.0,1.0,220,196,196,220.0,196.0,196.0,-1403.0,2033.0076904296875,-614.9409790039062,513.9479370117188,-1024.9742431640625,-987.9841918945312,666.0147094726562,0.1336262589451365,0.0033082806406421568,0.765625,0.859375,12.0
train(totalseg),s0075,F:\Totalsegmentator_dataset_v201\nii\s0075.nii.gz,1.5,1.5,1.5,220,363,317,330.0,544.5,475.5,-1120.0,3151.0,-564.7190551757812,495.5853271484375,-1024.0,-932.0,410.44999999995343,0.0005289222925854338,0.00086681633969341,2.126953125,1.2890625,18.0
train(totalseg),s0085,F:\Totalsegmentator_dataset_v201\nii\s0085.nii.gz,1.5,1.5,1.5,135,135,95,202.5,202.5,142.5,-1025.0,1101.0,-162.330078125,290.8683166503906,-844.0,-76.0,335.0,5.775756263085697e-07,7.508483142011407e-06,0.791015625,0.791015625,18.0
train(totalseg),s0078,F:\Totalsegmentator_dataset_v201\nii\s0078.nii.gz,1.5,1.5,1.5,271,271,266,406.5,406.5,399.0,-1130.0,3255.0,-559.1702880859375,504.9991149902344,-1024.0,-937.0,434.0,0.0016395951740719754,0.001251067938005591,1.587890625,1.587890625,18.0
train(totalseg),s0077,F:\Totalsegmentator_dataset_v201\nii\s0077.nii.gz,1.5,1.5,1.5,255,255,272,382.5,382.5,408.0,-1038.0,2150.0,-446.7955322265625,474.5685119628906,-1023.0,-126.0,324.0,0.0003760431508243436,0.0007592102584978628,1.494140625,1.494140625,18.0
train(totalseg),s0082,F:\Totalsegmentator_dataset_v201\nii\s0082.nii.gz,1.5,1.5000001192092896,1.5000001192092896,260,205,311,390.0,307.50002443790436,466.50003707408905,-1213.0,1336.0,-410.891357421875,469.45050048828125,-1023.0,-113.0,380.0,0.005625438426940426,0.0001949167450315233,1.201171970460564,1.5234375,18.000001430511475
train(totalseg),s0088,F:\Totalsegmentator_dataset_v201\nii\s0088.nii.gz,1.5,1.5,1.5,311,311,90,466.5,466.5,135.0,-1451.0,3462.0,-688.6038818359375,456.624755859375,-1024.0,-973.0,291.0,0.008736468812357193,0.00045951183759932634,1.822265625,1.822265625,18.0
train(totalseg),s0080,F:\Totalsegmentator_dataset_v201\nii\s0080.nii.gz,1.5,1.5,1.5,306,306,233,459.0,459.0,349.5,-1228.0,2485.0,-669.5059814453125,467.0463562011719,-1032.0,-958.0,369.0,0.030006841852372287,0.0009458596205166833,1.79296875,1.79296875,18.0
train(totalseg),s0099,F:\Totalsegmentator_dataset_v201\nii\s0099.nii.gz,1.5,1.5,1.5,108,108,77,162.0,162.0,115.5,-1032.0,1883.0,-275.1069030761719,516.5227661132812,-1023.0,-33.0,1083.0,0.0018215666363814512,0.011420421142643364,0.6328125,0.6328125,18.0
train(totalseg),s0092,F:\Totalsegmentator_dataset_v201\nii\s0092.nii.gz,1.5000001192092896,1.5,1.4999998807907104,243,167,203,364.50002896785736,250.5,304.4999758005142,-1279.0,1453.0,-345.2652893066406,472.7032165527344,-1024.0,-95.0,419.0,0.008023238805308848,0.00019907877510714141,0.978515625,1.4238282381556928,17.999998569488525
train(totalseg),s0100,F:\Totalsegmentator_dataset_v201\nii\s0100.nii.gz,1.5,1.5,1.5,91,91,121,136.5,136.5,181.5,-1029.0,2190.0,-216.54966735839844,545.560546875,-1017.0,-10.0,1341.0,0.0002704588119173534,0.023300375947728595,0.533203125,0.533203125,18.0
train(totalseg),s0101,F:\Totalsegmentator_dataset_v201\nii\s0101.nii.gz,1.5,1.5,1.5,119,119,74,178.5,178.5,111.0,-1027.0,3137.0,-294.5727844238281,548.085205078125,-1001.0,-11.0,1254.0,1.908553564510065e-06,0.022026616688010658,0.697265625,0.697265625,18.0
train(totalseg),s0089,F:\Totalsegmentator_dataset_v201\nii\s0089.nii.gz,1.5,1.5,1.5,221,221,263,331.5,331.5,394.5,-1251.0,3256.0,-423.7978515625,498.4234313964844,-1018.0,-138.0,437.0,0.004985757702747698,0.0012217803879724931,1.294921875,1.294921875,18.0
train(totalseg),s0098,F:\Totalsegmentator_dataset_v201\nii\s0098.nii.gz,1.5,1.5,1.5000001192092896,231,170,231,346.5,255.0,346.5000275373459,-1122.0,1487.0,-268.7608947753906,449.6038818359375,-1024.0,-62.0,422.0,0.005781375911246041,0.0001802373842098823,0.99609375,1.353515625,18.000001430511475
train(totalseg),s0076,F:\Totalsegmentator_dataset_v201\nii\s0076.nii.gz,1.5,1.5,1.5,319,319,441,478.5,478.5,661.5,-1294.0,3408.0,-638.1778564453125,456.7747802734375,-1024.0,-925.0,294.0,0.0037423948969765117,0.0008287390507273377,1.869140625,1.869140625,18.0
train(totalseg),s0090,F:\Totalsegmentator_dataset_v201\nii\s0090.nii.gz,1.0,1.0,1.0,258,158,275,258.0,158.0,275.0,-1101.0137939453125,1516.98681640625,-422.0578918457031,488.2578430175781,-1024.0020751953125,-112.9830551147461,440.9884033203125,0.01328873069820965,0.0006481654936173629,0.6171875,1.0078125,12.0
train(totalseg),s0095,F:\Totalsegmentator_dataset_v201\nii\s0095.nii.gz,1.5,1.5,1.5,221,221,413,331.5,331.5,619.5,-1344.0,3178.0,-378.86474609375,484.5941467285156,-1024.0,-146.0,443.0,0.007243049519075036,0.0011102882714076777,1.294921875,1.294921875,18.0
train(totalseg),s0103,F:\Totalsegmentator_dataset_v201\nii\s0103.nii.gz,1.5,1.5,1.5,178,178,117,267.0,267.0,175.5,-1036.0,3204.0,-652.9378662109375,502.0047607421875,-1002.0,-943.0,949.0,1.4027409558276873e-05,0.007514914912970714,1.04296875,1.04296875,18.0
train(totalseg),s0102,F:\Totalsegmentator_dataset_v201\nii\s0102.nii.gz,1.5,1.5,1.5,369,152,369,553.5,228.0,553.5,-1385.0,3100.0,-767.703857421875,434.7745666503906,-1024.0,-1003.0,343.0,0.006352385173941189,0.00039596109057782683,0.890625,2.162109375,18.0
train(totalseg),s0086,F:\Totalsegmentator_dataset_v201\nii\s0086.nii.gz,1.5,1.5,1.5,273,430,430,409.5,645.0,645.0,-1124.0,1436.0,-761.090576171875,423.32958984375,-1024.0,-999.0,237.0,0.004390532849159134,6.026423549408947e-05,2.51953125,1.599609375,18.0
train(totalseg),s0096,F:\Totalsegmentator_dataset_v201\nii\s0096.nii.gz,1.5,1.5,1.5,259,259,310,388.5,388.5,465.0,-1148.0,3104.0,-490.8594970703125,490.7707824707031,-1023.0,-537.0,346.0,0.0006881904716564444,0.0004570304131523197,1.517578125,1.517578125,18.0
train(totalseg),s0106,F:\Totalsegmentator_dataset_v201\nii\s0106.nii.gz,1.5,1.5,1.5,197,197,181,295.5,295.5,271.5,-1476.0,3375.0,-385.8623962402344,503.67462158203125,-1022.0,-97.0,393.0,0.008017160675767094,0.0017504618166992007,1.154296875,1.154296875,18.0
train(totalseg),s0110,F:\Totalsegmentator_dataset_v201\nii\s0110.nii.gz,1.5,1.5,1.5,165,154,165,247.5,231.0,247.5,-1347.0,3442.0,-442.3909606933594,553.601318359375,-1024.0,-585.0,987.0,0.007027297771099424,0.00903939036170441,0.90234375,0.966796875,18.0
train(totalseg),s0105,F:\Totalsegmentator_dataset_v201\nii\s0105.nii.gz,1.5,1.5,1.5,283,283,116,424.5,424.5,174.0,-1137.0,1398.0,-664.1516723632812,460.3861389160156,-1025.0,-969.0,207.0,0.010065848073129841,5.489581903754712e-05,1.658203125,1.658203125,18.0
train(totalseg),s0091,F:\Totalsegmentator_dataset_v201\nii\s0091.nii.gz,1.5,1.5,1.5,312,312,437,468.0,468.0,655.5,-1109.0,3096.0,-609.799072265625,479.0546875,-1024.0,-950.0,301.0,0.0023960413858873006,0.00040028837312254924,1.828125,1.828125,18.0
train(totalseg),s0104,F:\Totalsegmentator_dataset_v201\nii\s0104.nii.gz,1.5,1.5,1.5,295,295,202,442.5,442.5,303.0,-1261.0,2282.0,-694.3999633789062,443.9737854003906,-1033.0,-966.0,314.0,0.02755694675685583,0.001028553758189008,1.728515625,1.728515625,18.0
train(totalseg),s0111,F:\Totalsegmentator_dataset_v201\nii\s0111.nii.gz,1.5,1.5,1.5,221,221,247,331.5,331.5,370.5,-1620.0,3262.0,-524.4014282226562,506.1110534667969,-1024.0,-851.0,430.0,0.008796615972008657,0.0009098346862869113,1.294921875,1.294921875,18.0
train(totalseg),s0112,F:\Totalsegmentator_dataset_v201\nii\s0112.nii.gz,1.0,1.0,1.0,160,158,160,160.0,158.0,160.0,-1243.0057373046875,1968.0146484375,-493.052001953125,523.3167724609375,-1024.0159912109375,-724.9869995117188,721.9856567382812,0.01402912034485751,0.0041950147856470565,0.6171875,0.625,12.0
train(totalseg),s0122,F:\Totalsegmentator_dataset_v201\nii\s0122.nii.gz,1.5,1.5,1.5,93,93,83,139.5,139.5,124.5,-1097.0,1818.0,-152.49688720703125,458.24078369140625,-1024.0,-7.0,909.0,0.003330700533664314,0.007089056886582055,0.544921875,0.544921875,18.0
train(totalseg),s0109,F:\Totalsegmentator_dataset_v201\nii\s0109.nii.gz,1.4999998807907104,1.5,1.5,303,252,303,454.49996387958527,378.0,454.5,-1116.0,1567.0,-594.9022216796875,481.1044616699219,-1024.0,-944.0,351.0,0.004634881215608596,0.0005176378080995276,1.4765625,1.77539048390463,18.0
train(totalseg),s0108,F:\Totalsegmentator_dataset_v201\nii\s0108.nii.gz,1.5,1.5,1.5,288,288,293,432.0,432.0,439.5,-1281.0,1848.0,-537.4479370117188,489.21722412109375,-1024.0,-909.0,379.0,0.005404318212333057,0.0010115377352788095,1.6875,1.6875,18.0
train(totalseg),s0129,F:\Totalsegmentator_dataset_v201\nii\s0129.nii.gz,1.5,1.5,1.5,50,111,148,75.0,166.5,222.0,-1134.0,2492.0,-42.58705520629883,338.9202880859375,-1023.0,5.0,940.0,0.0010153396639883126,0.007753834915997078,0.650390625,0.29296875,18.0
train(totalseg),s0130,F:\Totalsegmentator_dataset_v201\nii\s0130.nii.gz,1.0,1.0,1.0,69,101,135,69.0,101.0,135.0,-1358.0,3481.0,-157.5254669189453,502.34283447265625,-1011.0333251953125,11.997772216796875,1247.0189208984375,0.005313478207724154,0.01638366735224247,0.39453125,0.26953125,12.0
train(totalseg),s0117,F:\Totalsegmentator_dataset_v201\nii\s0117.nii.gz,1.0,1.0,1.0,259,156,266,259.0,156.0,266.0,-1301.00537109375,1442.0048828125,-266.93328857421875,447.1029968261719,-1024.01416015625,-74.98778533935547,469.0183410644531,0.026811534330331323,0.0004912786867674086,0.609375,1.01171875,12.0
train(totalseg),s0114,F:\Totalsegmentator_dataset_v201\nii\s0114.nii.gz,1.0,1.0,1.0,258,181,227,258.0,181.0,227.0,-1243.9976806640625,3249.026611328125,-524.5950927734375,482.0171813964844,-1024.003662109375,-785.9702758789062,282.017822265625,0.0518389509271591,0.00022187745685417387,0.70703125,1.0078125,12.0
train(totalseg),s0128,F:\Totalsegmentator_dataset_v201\nii\s0128.nii.gz,1.5,1.5,1.5,261,261,52,391.5,391.5,78.0,-1165.0,1707.0,-496.2356872558594,478.0179748535156,-1029.0,-693.0,287.0,0.017132410315129302,0.0006046932325172516,1.529296875,1.529296875,18.0
train(totalseg),s0120,F:\Totalsegmentator_dataset_v201\nii\s0120.nii.gz,1.5,1.5,1.5,261,254,355,391.5,381.0,532.5,-1284.0,1680.0,-576.5731201171875,481.90777587890625,-1024.0,-927.0,311.0,0.0063277649681470205,0.00041709200192943294,1.48828125,1.529296875,18.0
train(totalseg),s0123,F:\Totalsegmentator_dataset_v201\nii\s0123.nii.gz,1.5,1.5,1.5,267,194,213,400.5,291.0,319.5,-1188.0,2847.0,-486.653076171875,490.33355712890625,-1024.0,-738.0,433.0,0.008410243693132967,0.0004524618656764713,1.13671875,1.564453125,18.0
train(totalseg),s0107,F:\Totalsegmentator_dataset_v201\nii\s0107.nii.gz,1.0,1.0,1.0,499,154,333,499.0,154.0,333.0,-1110.02978515625,3192.9638671875,-641.5654296875,481.3433837890625,-1024.032470703125,-998.0298461914062,328.0298767089844,0.3224167360955884,0.0006004755034443519,0.6015625,1.94921875,12.0
train(totalseg),s0132,F:\Totalsegmentator_dataset_v201\nii\s0132.nii.gz,1.5,1.5,1.5,305,305,52,457.5,457.5,78.0,-1280.0,2059.0,-580.5174560546875,488.60943603515625,-1027.0,-924.0,390.0,0.011509928468390024,0.0011907464119461633,1.787109375,1.787109375,18.0
train(totalseg),s0136,F:\Totalsegmentator_dataset_v201\nii\s0136.nii.gz,1.5000001192092896,1.5,1.5,81,111,148,121.50000965595245,166.5,222.0,-1229.0,2431.0,-117.25021362304688,446.24053955078125,-1005.0,-11.0,1214.0,0.0028790051312573835,0.015426838249661073,0.650390625,0.47460941271856427,18.0
train(totalseg),s0115,F:\Totalsegmentator_dataset_v201\nii\s0115.nii.gz,1.5,1.5,1.5,303,303,283,454.5,454.5,424.5,-1344.0,3437.0,-599.680908203125,461.4839782714844,-1024.0,-857.0,421.0,0.0025647799572903595,0.0017577198575811613,1.775390625,1.775390625,18.0
train(totalseg),s0119,F:\Totalsegmentator_dataset_v201\nii\s0119.nii.gz,1.5,1.5,1.5,293,293,343,439.5,439.5,514.5,-1634.0,3462.0,-590.895751953125,503.1141662597656,-1024.0,-948.0,388.0,0.006857078235691752,0.001864925594002489,1.716796875,1.716796875,18.0
train(totalseg),s0131,F:\Totalsegmentator_dataset_v201\nii\s0131.nii.gz,1.5,1.5,1.5,265,202,245,397.5,303.0,367.5,-1127.0,2090.0,-430.8788146972656,495.4491271972656,-1023.0,-110.0,415.0,0.0031587094019374985,0.0005059912999386192,1.18359375,1.552734375,18.0
train(totalseg),s0124,F:\Totalsegmentator_dataset_v201\nii\s0124.nii.gz,1.5,1.5,1.5,431,159,431,646.5,238.5,646.5,-1409.0,3125.0,-646.2423095703125,490.30364990234375,-1024.0,-997.0,336.0,0.006039408511746934,0.0003148699358630255,0.931640625,2.525390625,18.0
train(totalseg),s0140,F:\Totalsegmentator_dataset_v201\nii\s0140.nii.gz,1.5,1.5,1.5,196,196,125,294.0,294.0,187.5,-1278.0,3226.0,-594.5267944335938,544.566650390625,-1022.0,-963.0,1131.0,0.005161598258725894,0.011588294129884604,1.1484375,1.1484375,18.0
train(totalseg),s0135,F:\Totalsegmentator_dataset_v201\nii\s0135.nii.gz,1.5,1.5,1.5,299,299,130,448.5,448.5,195.0,-1231.0,2590.0,-659.4686279296875,457.87969970703125,-1028.0,-954.0,224.0,0.017747862440385294,8.518230562172241e-05,1.751953125,1.751953125,18.0
train(totalseg),s0138,F:\Totalsegmentator_dataset_v201\nii\s0138.nii.gz,1.5,1.5,1.5,221,221,215,331.5,331.5,322.5,-1394.0,3403.0,-512.123046875,489.8949279785156,-1024.0,-794.0,403.0,0.007116589796450104,0.0005422435742136611,1.294921875,1.294921875,18.0
train(totalseg),s0149,F:\Totalsegmentator_dataset_v201\nii\s0149.nii.gz,1.0,1.0,1.0,80,108,153,80.0,108.0,153.0,-1380.0,3416.0,-272.0834045410156,515.8524780273438,-1023.96826171875,-36.00761413574219,910.970947265625,0.004870945291696926,0.007063211086903897,0.421875,0.3125,12.0
train(totalseg),s0137,F:\Totalsegmentator_dataset_v201\nii\s0137.nii.gz,1.5,1.5,1.5,247,247,265,370.5,370.5,397.5,-1032.0,1390.0,-488.050048828125,485.1610412597656,-1012.0,-436.0,308.0,9.908833168093334e-05,0.0003824364262067484,1.447265625,1.447265625,18.0
train(totalseg),s0143,F:\Totalsegmentator_dataset_v201\nii\s0143.nii.gz,1.5,1.5,1.5,279,166,267,418.5,249.0,400.5,-1222.0,3348.0,-402.19781494140625,508.45623779296875,-1024.0,-94.0,484.0,0.005389604251000114,0.0012397052105545898,0.97265625,1.634765625,18.0
train(totalseg),s0154,F:\Totalsegmentator_dataset_v201\nii\s0154.nii.gz,1.0,1.0,1.0,76,97,160,76.0,97.0,160.0,-1323.0,2539.0,-72.31874084472656,440.8940124511719,-1003.0081787109375,16.01527214050293,1422.9771728515625,0.002139853499728703,0.021104347531199132,0.37890625,0.296875,12.0
train(totalseg),s0146,F:\Totalsegmentator_dataset_v201\nii\s0146.nii.gz,1.0,1.0,1.0,259,176,211,259.0,176.0,211.0,-1251.0,3354.0234375,-508.685302734375,486.751953125,-1024.9918212890625,-803.0245361328125,323.96807861328125,0.010112052899573466,0.0006222561855227965,0.6875,1.01171875,12.0
train(totalseg),s0139,F:\Totalsegmentator_dataset_v201\nii\s0139.nii.gz,1.5,1.5,1.5,280,280,285,420.0,420.0,427.5,-1245.0,3164.0,-638.3729858398438,483.5461120605469,-1024.0,-961.0,407.0,0.00888453276047261,0.001349624060150376,1.640625,1.640625,18.0
train(totalseg),s0141,F:\Totalsegmentator_dataset_v201\nii\s0141.nii.gz,1.5,1.5,1.5,406,168,406,609.0,252.0,609.0,-1141.0,3098.0,-621.6544189453125,482.86688232421875,-1024.0,-984.0,259.0,0.00337861065948377,0.00019817677368212446,0.984375,2.37890625,18.0
train(totalseg),s0133,F:\Totalsegmentator_dataset_v201\nii\s0133.nii.gz,1.5,1.5,1.5,307,307,301,460.5,460.5,451.5,-1197.0,2344.0,-592.1085205078125,488.9461669921875,-1024.0,-945.0,375.0,0.005847940848025448,0.0019653522723427296,1.798828125,1.798828125,18.0
train(totalseg),s0147,F:\Totalsegmentator_dataset_v201\nii\s0147.nii.gz,1.5,1.5,1.5,220,310,310,330.0,465.0,465.0,-1101.0,1634.0,-548.7700805664062,501.4032287597656,-1024.0,-946.0,293.0,0.006597814776274714,0.0002710718002081165,1.81640625,1.2890625,18.0
train(totalseg),s0145,F:\Totalsegmentator_dataset_v201\nii\s0145.nii.gz,1.4999998807907104,1.5,1.5,222,219,447,332.9999735355377,328.5,670.5,-1186.0,3308.0,-331.771728515625,469.4976806640625,-1026.0,-101.0,467.0,0.013427418395583448,0.000495024698088081,1.283203125,1.3007811466231942,18.0
train(totalseg),s0151,F:\Totalsegmentator_dataset_v201\nii\s0151.nii.gz,1.5,1.5,1.5,292,184,292,438.0,276.0,438.0,-1160.0,1720.0,-489.940673828125,497.9325866699219,-1024.0,-377.0,366.0,0.009506025275971509,0.0006516843848670523,1.078125,1.7109375,18.0
train(totalseg),s0152,F:\Totalsegmentator_dataset_v201\nii\s0152.nii.gz,1.5,1.5,1.5,233,233,224,349.5,349.5,336.0,-1463.0,3483.0,-664.5643920898438,495.2756042480469,-1025.0,-979.0,684.0,0.010384239901269134,0.0036857144172852694,1.365234375,1.365234375,18.0
train(totalseg),s0159,F:\Totalsegmentator_dataset_v201\nii\s0159.nii.gz,1.5,1.5,1.5,173,173,74,259.5,259.5,111.0,-1339.0,2956.0,-624.572021484375,646.7227172851562,-1023.0,-998.0,1778.0,0.0033638168891602016,0.03760792433985658,1.013671875,1.013671875,18.0
train(totalseg),s0150,F:\Totalsegmentator_dataset_v201\nii\s0150.nii.gz,1.5,1.5,1.5,247,247,296,370.5,370.5,444.0,-1069.0,1629.0,-462.3965148925781,485.61431884765625,-1023.0,-139.0,306.0,0.003085498544466453,0.00036547541983988853,1.447265625,1.447265625,18.0
train(totalseg),s0153,F:\Totalsegmentator_dataset_v201\nii\s0153.nii.gz,1.5,1.5000001192092896,1.5,248,195,299,372.0,292.50002324581146,448.5,-1091.0,1314.0,-298.16973876953125,458.947021484375,-1013.0,-88.0,446.0,0.0018584141790528672,0.0003784326580744749,1.142578215803951,1.453125,18.0
train(totalseg),s0156,F:\Totalsegmentator_dataset_v201\nii\s0156.nii.gz,1.5,1.5,1.5,333,333,101,499.5,499.5,151.5,-1443.0,2118.0,-603.5261840820312,469.8982238769531,-1024.0,-923.0,251.0,0.005733856485906167,0.0004982235384371424,1.951171875,1.951171875,18.0
train(totalseg),s0160,F:\Totalsegmentator_dataset_v201\nii\s0160.nii.gz,1.5,1.5,1.5,321,321,95,481.5,481.5,142.5,-1313.0,2581.0,-657.8914184570312,464.8265686035156,-1038.0,-965.0,239.0,0.05197879842413265,0.0006435864313592086,1.880859375,1.880859375,18.0
train(totalseg),s0169,F:\Totalsegmentator_dataset_v201\nii\s0169.nii.gz,1.0,1.0,1.0,81,109,145,81.0,109.0,145.0,-1461.0,3444.0,-154.85838317871094,515.8084106445312,-1009.0079345703125,-14.98487377166748,1493.0023193359375,0.0027893970106350153,0.025348284063880393,0.42578125,0.31640625,12.0
train(totalseg),s0167,F:\Totalsegmentator_dataset_v201\nii\s0167.nii.gz,1.5,1.5,1.5,177,177,149,265.5,265.5,223.5,-1201.0,2987.0,-552.9548950195312,538.7747192382812,-1028.0,-916.0,1064.0,0.016357252891535834,0.010610492112182015,1.037109375,1.037109375,18.0
train(totalseg),s0165,F:\Totalsegmentator_dataset_v201\nii\s0165.nii.gz,1.5,1.5,1.5,304,304,91,456.0,456.0,136.5,-1245.0,1528.0,-602.8617553710938,472.186279296875,-1025.0,-927.0,268.0,0.010947863579179677,0.0007384189510883653,1.78125,1.78125,18.0
train(totalseg),s0161,F:\Totalsegmentator_dataset_v201\nii\s0161.nii.gz,1.5,1.5,1.5,246,181,300,369.0,271.5,450.0,-1413.0,1666.0,-384.90777587890625,502.795166015625,-1024.0,-90.0,519.0,0.003480137381842497,0.0011528839391738435,1.060546875,1.44140625,18.0
train(totalseg),s0170,F:\Totalsegmentator_dataset_v201\nii\s0170.nii.gz,1.5,1.5,1.5,165,156,198,247.5,234.0,297.0,-1437.0,3380.0,-570.6187133789062,522.7940673828125,-1025.0,-912.0,660.0,0.010378846742483107,0.004245838336747428,0.9140625,0.966796875,18.0
train(totalseg),s0158,F:\Totalsegmentator_dataset_v201\nii\s0158.nii.gz,1.5,1.5,1.5,253,253,271,379.5,379.5,406.5,-1116.0,1515.0,-456.2471008300781,495.9386291503906,-1026.0,-175.0,384.0,0.011903186860110316,0.0007123649010082584,1.482421875,1.482421875,18.0
train(totalseg),s0162,F:\Totalsegmentator_dataset_v201\nii\s0162.nii.gz,1.5,1.5,1.5,290,245,199,435.0,367.5,298.5,-1436.0,3525.0,-493.8697204589844,477.3121337890625,-1026.0,-697.0,416.0,0.015183020636890202,0.0004045561509792239,1.435546875,1.69921875,18.0
train(totalseg),s0172,F:\Totalsegmentator_dataset_v201\nii\s0172.nii.gz,1.5,1.5,1.5,86,86,159,129.0,129.0,238.5,-1040.0,3163.0,-34.60481262207031,416.84222412109375,-1017.0,37.0,1195.0,0.0001743250643727189,0.02262654298941124,0.50390625,0.50390625,18.0
train(totalseg),s0166,F:\Totalsegmentator_dataset_v201\nii\s0166.nii.gz,1.5,1.5,1.5,200,321,321,300.0,481.5,481.5,-1223.0,3246.0,-628.3228149414062,481.5397644042969,-1024.0,-970.0,332.0,0.006311807002289331,0.0003271998048544068,1.880859375,1.171875,18.0
train(totalseg),s0168,F:\Totalsegmentator_dataset_v201\nii\s0168.nii.gz,1.5,1.5,1.5,229,229,280,343.5,343.5,420.0,-1030.0,1388.0,-514.7966918945312,499.2687072753906,-1012.0,-869.0,307.0,1.035176947154217e-05,0.0003606774415874166,1.341796875,1.341796875,18.0
train(totalseg),s0157,F:\Totalsegmentator_dataset_v201\nii\s0157.nii.gz,1.5,1.5,1.5,314,314,261,471.0,471.0,391.5,-1216.0,1860.0,-650.7678833007812,461.2237548828125,-1034.0,-951.0,275.0,0.03189989416546056,0.0009371029626093392,1.83984375,1.83984375,18.0
train(totalseg),s0181,F:\Totalsegmentator_dataset_v201\nii\s0181.nii.gz,1.5,1.5,1.5,245,245,52,367.5,367.5,78.0,-1089.0,1597.0,-576.2871704101562,470.76300048828125,-1019.0,-882.0,334.0,0.0018710152820939994,0.00010892897190273284,1.435546875,1.435546875,18.0
train(totalseg),s0174,F:\Totalsegmentator_dataset_v201\nii\s0174.nii.gz,1.5,1.5,1.5,194,133,253,291.0,199.5,379.5,-1129.0,1601.0,-196.80137634277344,406.568359375,-1024.0,-59.0,515.0,0.0022671888145482442,0.0012304094971926688,0.779296875,1.13671875,18.0
train(totalseg),s0185,F:\Totalsegmentator_dataset_v201\nii\s0185.nii.gz,1.5,1.5,1.5,98,98,93,147.0,147.0,139.5,-1032.0,1709.0,-230.5742645263672,441.6965026855469,-1021.0,-26.0,655.0,0.000408655891586391,0.0016894842202845588,0.57421875,0.57421875,18.0
train(totalseg),s0175,F:\Totalsegmentator_dataset_v201\nii\s0175.nii.gz,1.5,1.5,1.5,253,253,159,379.5,379.5,238.5,-1482.0,3475.0,-554.7633056640625,489.95184326171875,-1039.0,-861.0,496.0,0.043887683280481114,0.001796327050610203,1.482421875,1.482421875,18.0
train(totalseg),s0187,F:\Totalsegmentator_dataset_v201\nii\s0187.nii.gz,1.5,1.5,1.5,180,180,125,270.0,270.0,187.5,-1316.0,3252.0,-653.3111572265625,563.7344360351562,-1019.0,-969.0,1336.0,0.0034851851851851853,0.02321111111111111,1.0546875,1.0546875,18.0
train(totalseg),s0184,F:\Totalsegmentator_dataset_v201\nii\s0184.nii.gz,1.5000001192092896,1.5,1.5,223,188,189,334.50002658367157,282.0,283.5,-1280.0,3416.0,-303.81585693359375,475.8564453125,-1026.0,-62.0,444.0,0.013137403081110742,0.001986461770833491,1.1015625,1.306640728842467,18.0
train(totalseg),s0171,F:\Totalsegmentator_dataset_v201\nii\s0171.nii.gz,1.5,1.5,1.5,222,222,409,333.0,333.0,613.5,-1032.0,3012.0,-450.4245910644531,479.6157531738281,-1011.0,-118.0,347.0,6.548541885292466e-06,0.00033779561891633637,1.30078125,1.30078125,18.0
train(totalseg),s0178,F:\Totalsegmentator_dataset_v201\nii\s0178.nii.gz,1.5,1.5,1.5,261,261,310,391.5,391.5,465.0,-1044.0,1406.0,-548.508544921875,488.0865783691406,-1024.0,-925.0,298.0,0.0004635962358069231,0.0003854620387608125,1.529296875,1.529296875,18.0
train(totalseg),s0179,F:\Totalsegmentator_dataset_v201\nii\s0179.nii.gz,1.5,1.5,1.5,248,248,247,372.0,372.0,370.5,-1239.0,2003.0,-509.90631103515625,488.7205505371094,-1024.0,-878.0,460.0,0.009060863557276285,0.0018394511452729317,1.453125,1.453125,18.0
train(totalseg),s0163,F:\Totalsegmentator_dataset_v201\nii\s0163.nii.gz,1.5,1.5,1.5,291,291,440,436.5,436.5,660.0,-1169.0,3089.0,-613.7202758789062,477.5773620605469,-1024.0,-941.0,293.0,0.0009734660388346148,0.0003809214934570232,1.705078125,1.705078125,18.0
train(totalseg),s0191,F:\Totalsegmentator_dataset_v201\nii\s0191.nii.gz,1.5,1.5,1.5,98,111,339,147.0,166.5,508.5,-1214.0,3514.0,-168.5493621826172,379.3587951660156,-991.0,-7.0,491.0,0.0006058071797641962,0.00046804977272739596,0.650390625,0.57421875,18.0
train(totalseg),s0182,F:\Totalsegmentator_dataset_v201\nii\s0182.nii.gz,1.5,1.5,1.5,239,239,303,358.5,358.5,454.5,-1226.0,3386.0,-476.3851013183594,506.45208740234375,-1015.0,-826.0,503.0,0.005072087709573319,0.0034975253162384807,1.400390625,1.400390625,18.0
train(totalseg),s0183,F:\Totalsegmentator_dataset_v201\nii\s0183.nii.gz,1.5,1.5,1.5,331,201,331,496.5,301.5,496.5,-1047.0,3075.0,-383.7158203125,484.49884033203125,-1024.0,-103.0,323.0,0.0004163154232331252,0.0007007613014107317,1.177734375,1.939453125,18.0
train(totalseg),s0190,F:\Totalsegmentator_dataset_v201\nii\s0190.nii.gz,1.5,1.5,1.5,257,257,237,385.5,385.5,355.5,-1208.0,2587.0,-569.6187744140625,500.5545959472656,-1024.0,-933.0,391.0,0.005945207803743237,0.0013972490445658052,1.505859375,1.505859375,18.0
train(totalseg),s0188,F:\Totalsegmentator_dataset_v201\nii\s0188.nii.gz,1.5,1.5,1.5,311,311,219,466.5,466.5,328.5,-1433.0,2889.0,-704.685546875,446.5129089355469,-1026.0,-952.0,396.0,0.0113692779706153,0.0014260282879143844,1.822265625,1.822265625,18.0
train(totalseg),s0192,F:\Totalsegmentator_dataset_v201\nii\s0192.nii.gz,1.5,1.5,1.5,239,136,296,358.5,204.0,444.0,-1101.0,1481.0,-349.4953308105469,498.841796875,-1016.0,-90.0,527.0,0.0016094691038577888,0.000703655526839989,0.796875,1.400390625,18.0
train(totalseg),s0199,F:\Totalsegmentator_dataset_v201\nii\s0199.nii.gz,1.5,1.5,1.5,331,331,62,496.5,496.5,93.0,-1258.0,1919.0,-696.433349609375,461.3590087890625,-1024.0,-971.0,295.0,0.0074667470657097295,0.0009922294010820895,1.939453125,1.939453125,18.0
train(totalseg),s0197,F:\Totalsegmentator_dataset_v201\nii\s0197.nii.gz,1.5,1.5,1.5,261,162,261,391.5,243.0,391.5,-1102.0,1785.0,-426.8992614746094,469.7015380859375,-1024.0,-122.0,346.0,0.000838921157178376,0.0001815940806854035,0.94921875,1.529296875,18.0
train(totalseg),s0208,F:\Totalsegmentator_dataset_v201\nii\s0208.nii.gz,1.0,1.0,1.0,64,117,131,64.0,117.0,131.0,-1293.0,1829.0,-181.2654571533203,472.4583740234375,-1023.9844360351562,15.014880180358887,910.0025024414062,0.005871990604815032,0.007131002479284922,0.45703125,0.25,12.0
train(totalseg),s0194,F:\Totalsegmentator_dataset_v201\nii\s0194.nii.gz,1.5,1.5,1.5,227,227,279,340.5,340.5,418.5,-1038.0,1595.0,-495.3257141113281,498.8293762207031,-1019.0,-815.0,374.0,0.0015269265483780856,0.001078419697797642,1.330078125,1.330078125,18.0
train(totalseg),s0209,F:\Totalsegmentator_dataset_v201\nii\s0209.nii.gz,1.0,1.0,1.0,74,122,366,74.0,122.0,366.0,-1219.9998779296875,3591.9716796875,-7.707691669464111,276.1405334472656,-887.0153198242188,-4.026158809661865,850.9817504882812,0.0005925705334466421,0.005465086155760706,0.4765625,0.2890625,12.0
train(totalseg),s0189,F:\Totalsegmentator_dataset_v201\nii\s0189.nii.gz,1.0,1.0,1.0,254,174,440,254.0,174.0,440.0,-1427.020751953125,3263.03369140625,-436.9936218261719,514.8358764648438,-1024.9974365234375,-127.98057556152344,550.9921875,0.010111980516542015,0.001631163659401509,0.6796875,0.9921875,12.0
train(totalseg),s0193,F:\Totalsegmentator_dataset_v201\nii\s0193.nii.gz,1.0,1.0,1.0,278,174,278,278.0,174.0,278.0,-1100.0106201171875,1501.0146484375,-387.0885314941406,470.66070556640625,-1022.9987182617188,-111.0166244506836,336.0050964355469,0.009515059394292735,0.0004133134831811604,0.6796875,1.0859375,12.0
train(totalseg),s0211,F:\Totalsegmentator_dataset_v201\nii\s0211.nii.gz,1.5,1.5,1.5,261,261,59,391.5,391.5,88.5,-1264.0,3605.0,-569.1407470703125,480.2237548828125,-1024.0,-898.0,305.0,0.004744299711953232,0.0009748356550992637,1.529296875,1.529296875,18.0
train(totalseg),s0201,F:\Totalsegmentator_dataset_v201\nii\s0201.nii.gz,1.5,1.5,1.5,293,293,219,439.5,439.5,328.5,-1284.0,1975.0,-599.9598388671875,474.184814453125,-1024.0,-934.0,380.0,0.009047951857726262,0.0011206886464187429,1.716796875,1.716796875,18.0
train(totalseg),s0206,F:\Totalsegmentator_dataset_v201\nii\s0206.nii.gz,1.5,1.5,1.5,240,240,288,360.0,360.0,432.0,-1041.0,2065.0,-551.3693237304688,478.0925598144531,-1023.0,-892.0,321.0,0.0017399088541666667,0.0006488715277777777,1.40625,1.40625,18.0
train(totalseg),s0204,F:\Totalsegmentator_dataset_v201\nii\s0204.nii.gz,1.5,1.5,1.5,290,236,321,435.0,354.0,481.5,-1174.0,1398.0,-409.8586730957031,476.14715576171875,-1024.0,-112.0,360.0,0.006929187003430796,0.00020628839117085686,1.3828125,1.69921875,18.0
train(totalseg),s0217,F:\Totalsegmentator_dataset_v201\nii\s0217.nii.gz,1.5,1.5,1.5,133,133,73,199.5,199.5,109.5,-1431.0,3304.0,-567.8406372070312,534.7716064453125,-1028.0,-970.0,794.0,0.021075709151341635,0.006053603469999543,0.779296875,0.779296875,18.0
train(totalseg),s0215,F:\Totalsegmentator_dataset_v201\nii\s0215.nii.gz,1.5,1.5,1.5,249,249,57,373.5,373.5,85.5,-1192.0,2700.0,-562.4805297851562,483.39019775390625,-1039.0,-880.0,330.0,0.0393790933821686,0.00044651219646083906,1.458984375,1.458984375,18.0
train(totalseg),s0213,F:\Totalsegmentator_dataset_v201\nii\s0213.nii.gz,1.5,1.5,1.5,267,166,267,400.5,249.0,400.5,-1225.0,1343.0,-536.3045043945312,512.0062866210938,-1030.0,-897.0,250.0,0.013012534926982263,4.258924347814183e-05,0.97265625,1.564453125,18.0
train(totalseg),s0196,F:\Totalsegmentator_dataset_v201\nii\s0196.nii.gz,1.5,1.5,1.5,295,295,367,442.5,442.5,550.5,-1279.0,3676.0,-627.4723510742188,469.34307861328125,-1024.0,-953.0,361.0,0.0059780495918113795,0.0008321076319449176,1.728515625,1.728515625,18.0
train(totalseg),s0221,F:\Totalsegmentator_dataset_v201\nii\s0221.nii.gz,1.5,1.5,1.5,103,103,193,154.5,154.5,289.5,-1216.0,3437.0,-171.76315307617188,413.21160888671875,-969.0,2.0,633.0,1.0744611333220678e-05,0.002627545862396693,0.603515625,0.603515625,18.0
train(totalseg),s0219,F:\Totalsegmentator_dataset_v201\nii\s0219.nii.gz,1.5,1.5,1.5,173,173,60,259.5,259.5,90.0,-1133.0,1765.0,-466.59722900390625,454.51129150390625,-1027.0,-500.0,373.0,0.013913484134674284,0.00029681356989319166,1.013671875,1.013671875,18.0
train(totalseg),s0212,F:\Totalsegmentator_dataset_v201\nii\s0212.nii.gz,1.5,1.5,1.5,262,184,327,393.0,276.0,490.5,-1225.0,1849.0,-341.4814453125,487.42828369140625,-1024.0,-62.0,514.0,0.007653379697153314,0.0011565580750488962,1.078125,1.53515625,18.0
train(totalseg),s0216,F:\Totalsegmentator_dataset_v201\nii\s0216.nii.gz,1.5,1.5,1.5,288,288,179,432.0,432.0,268.5,-1060.0,1776.0,-700.5634765625,458.519775390625,-1024.0,-992.0,388.0,0.0024473670597972273,0.0014850162080143458,1.6875,1.6875,18.0
train(totalseg),s0220,F:\Totalsegmentator_dataset_v201\nii\s0220.nii.gz,1.5,1.5,1.5,253,253,181,379.5,379.5,271.5,-1260.0,1822.0,-586.9794311523438,482.1456604003906,-1040.0,-907.0,329.0,0.04337993069693035,0.0008591674827635674,1.482421875,1.482421875,18.0
train(totalseg),s0222,F:\Totalsegmentator_dataset_v201\nii\s0222.nii.gz,1.5,1.5,1.5,280,280,137,420.0,420.0,205.5,-1287.0,2194.0,-516.8350219726562,482.5500183105469,-1024.0,-863.0,280.0,0.0033952765547160158,0.0005926930609663857,1.640625,1.640625,18.0
train(totalseg),s0223,F:\Totalsegmentator_dataset_v201\nii\s0223.nii.gz,1.5,1.5,1.5,251,251,191,376.5,376.5,286.5,-1084.0,3190.0,-582.4948120117188,475.51123046875,-1024.0,-887.0,351.0,0.008933536859201828,0.00039150031296756075,1.470703125,1.470703125,18.0
train(totalseg),s0226,F:\Totalsegmentator_dataset_v201\nii\s0226.nii.gz,1.0,1.0,1.0,190,188,154,190.0,188.0,154.0,-1443.007080078125,3096.01123046875,-595.4336547851562,490.7889099121094,-1023.9962768554688,-948.0360717773438,516.982421875,0.007971086813185015,0.0017958941485918347,0.734375,0.7421875,12.0
train(totalseg),s0229,F:\Totalsegmentator_dataset_v201\nii\s0229.nii.gz,1.5,1.5,1.5,269,269,108,403.5,403.5,162.0,-1630.0,3750.0,-569.249267578125,542.9761352539062,-1035.0,-899.0,767.0,0.02297431550758619,0.008083953551816075,1.576171875,1.576171875,18.0
train(totalseg),s0218,F:\Totalsegmentator_dataset_v201\nii\s0218.nii.gz,1.5,1.5,1.5,265,265,273,397.5,397.5,409.5,-1249.0,2512.0,-651.0817260742188,482.99713134765625,-1024.0,-951.0,403.0,0.008056258714138695,0.0024786883398890953,1.552734375,1.552734375,18.0
train(totalseg),s0210,F:\Totalsegmentator_dataset_v201\nii\s0210.nii.gz,1.5,1.5,1.5,333,333,317,499.5,499.5,475.5,-1205.0,2196.0,-547.792724609375,481.1167297363281,-1024.0,-888.0,300.0,0.0027462018896204014,0.0005514934617044886,1.951171875,1.951171875,18.0
train(totalseg),s0233,F:\Totalsegmentator_dataset_v201\nii\s0233.nii.gz,1.5,1.5,1.5,91,91,153,136.5,136.5,229.5,-1026.0,1415.0,15.084013938903809,173.2678985595703,-152.0,-2.0,811.0,5.524892402720457e-06,0.003552505814949254,0.533203125,0.533203125,18.0
train(totalseg),s0227,F:\Totalsegmentator_dataset_v201\nii\s0227.nii.gz,1.5,1.5,1.5,264,264,247,396.0,396.0,370.5,-1040.0,1551.0,-610.6778564453125,487.5676574707031,-1024.0,-936.0,420.0,0.0010058721183123097,0.0007366288018201894,1.546875,1.546875,18.0
train(totalseg),s0230,F:\Totalsegmentator_dataset_v201\nii\s0230.nii.gz,1.5,1.5,1.5,221,221,217,331.5,331.5,325.5,-1281.0,3460.0,-529.5337524414062,517.52783203125,-1024.0,-850.0,610.0,0.006952491965373974,0.0029132418902218446,1.294921875,1.294921875,18.0
train(totalseg),s0228,F:\Totalsegmentator_dataset_v201\nii\s0228.nii.gz,1.5,1.5,1.5,254,267,267,381.0,400.5,400.5,-1118.0,1474.0,-501.00250244140625,485.0554504394531,-1024.0,-599.0,376.0,0.001517058486001035,0.0001883206930201503,1.564453125,1.48828125,18.0
train(totalseg),s0231,F:\Totalsegmentator_dataset_v201\nii\s0231.nii.gz,1.5,1.5,1.5,248,158,237,372.0,237.0,355.5,-1114.0,2830.0,-520.6544189453125,483.5904846191406,-1023.0,-836.0,372.0,0.0017568305334239296,0.0001647533384087412,0.92578125,1.453125,18.0
train(totalseg),s0234,F:\Totalsegmentator_dataset_v201\nii\s0234.nii.gz,1.5,1.5,1.5,169,169,129,253.5,253.5,193.5,-1040.0,1934.0,-416.14678955078125,522.8319702148438,-1021.0,-126.0,1025.0,0.0011280083162114555,0.010010395264319273,0.990234375,0.990234375,18.0
train(totalseg),s0237,F:\Totalsegmentator_dataset_v201\nii\s0237.nii.gz,1.5,1.5,1.5,249,249,39,373.5,373.5,58.5,-1238.0,1919.0,-509.90771484375,500.15814208984375,-1025.0,-892.0,410.0,0.010640849613736746,0.0017634116888058096,1.458984375,1.458984375,18.0
train(totalseg),s0232,F:\Totalsegmentator_dataset_v201\nii\s0232.nii.gz,1.5,1.5,1.5,279,148,279,418.5,222.0,418.5,-1184.0,3486.0,-396.5340576171875,497.7561340332031,-1018.0,-108.0,518.0,0.0005010213126758393,0.0028040527520236157,0.8671875,1.634765625,18.0
train(totalseg),s0238,F:\Totalsegmentator_dataset_v201\nii\s0238.nii.gz,1.5,1.5,1.5,231,134,281,346.5,201.0,421.5,-1240.0,3346.0,-302.9849853515625,483.9319763183594,-1014.0,-76.0,548.0,0.0034162731408961177,0.0012336062864484383,0.78515625,1.353515625,18.0
train(totalseg),s0235,F:\Totalsegmentator_dataset_v201\nii\s0235.nii.gz,1.0,1.0,1.0,202,163,245,202.0,163.0,245.0,-1119.00341796875,1522.0169677734375,-292.0087585449219,473.2861022949219,-1012.986083984375,-68.99382781982422,479.0057373046875,0.0019617274110032765,0.0007413036282969727,0.63671875,0.7890625,12.0
train(totalseg),s0245,F:\Totalsegmentator_dataset_v201\nii\s0245.nii.gz,1.5,1.5,1.5,277,277,95,415.5,415.5,142.5,-1578.0,3577.0,-565.04638671875,494.4822082519531,-1024.0,-912.0,432.0,0.006256331235999943,0.0029297914629421713,1.623046875,1.623046875,18.0
train(totalseg),s0241,F:\Totalsegmentator_dataset_v201\nii\s0241.nii.gz,1.5,1.5,1.5,257,257,171,385.5,385.5,256.5,-1328.0,3550.0,-551.9310913085938,484.885009765625,-1024.0,-854.0,473.0,0.005118473945719208,0.003271360929708239,1.505859375,1.505859375,18.0
train(totalseg),s0246,F:\Totalsegmentator_dataset_v201\nii\s0246.nii.gz,1.5,1.5,1.5,258,258,77,387.0,387.0,115.5,-1103.0,2830.0,-492.843994140625,502.2820129394531,-1024.0,-751.0,234.0,0.001993004291544043,0.00032719218765730394,1.51171875,1.51171875,18.0
train(totalseg),s0247,F:\Totalsegmentator_dataset_v201\nii\s0247.nii.gz,1.5,1.5,1.5,227,227,88,340.5,340.5,132.0,-1222.0,2044.0,-607.0634765625,482.8495178222656,-1026.0,-939.0,275.0,0.01116030374762325,0.0004697264604192606,1.330078125,1.330078125,18.0
train(totalseg),s0240,F:\Totalsegmentator_dataset_v201\nii\s0240.nii.gz,1.5,1.5,1.5,309,309,204,463.5,463.5,306.0,-1231.0,3331.0,-672.2333374023438,463.9280700683594,-1024.0,-949.0,395.0,0.0066068970686611085,0.0015129789153270875,1.810546875,1.810546875,18.0
train(totalseg),s0236,F:\Totalsegmentator_dataset_v201\nii\s0236.nii.gz,1.0,1.0,1.0,252,198,308,252.0,198.0,308.0,-1355.9998779296875,3385.0078125,-344.76226806640625,500.956298828125,-1013.9750366210938,-91.02165985107422,580.9911499023438,0.004916720284685653,0.0035882427657319433,0.7734375,0.984375,12.0
train(totalseg),s0243,F:\Totalsegmentator_dataset_v201\nii\s0243.nii.gz,1.5,1.5,1.5,253,253,285,379.5,379.5,427.5,-1316.0,3576.0,-581.3959350585938,507.2452697753906,-1030.0,-928.0,451.0,0.023365128926461566,0.002257357378921939,1.482421875,1.482421875,18.0
train(totalseg),s0242,F:\Totalsegmentator_dataset_v201\nii\s0242.nii.gz,1.0,1.0,1.0,248,194,250,248.0,194.0,250.0,-1122.0,1366.994873046875,-263.9019775390625,408.5346984863281,-1010.000732421875,-102.98155212402344,429.0054626464844,0.0028598265946414045,0.000471399988127704,0.7578125,0.96875,12.0
train(totalseg),s0244,F:\Totalsegmentator_dataset_v201\nii\s0244.nii.gz,1.5,1.5,1.5,288,288,287,432.0,432.0,430.5,-1060.0,1878.0,-604.23828125,485.3215637207031,-1024.0,-948.0,355.0,0.0023652245451025937,0.0008927563233965673,1.6875,1.6875,18.0
train(totalseg),s0249,F:\Totalsegmentator_dataset_v201\nii\s0249.nii.gz,1.5,1.5,1.5,285,285,69,427.5,427.5,103.5,-1221.0,2013.0,-596.3802490234375,472.7591247558594,-1024.0,-909.0,303.0,0.006849465387343262,0.0005700750732666907,1.669921875,1.669921875,18.0
train(totalseg),s0239,F:\Totalsegmentator_dataset_v201\nii\s0239.nii.gz,1.5,1.5,1.5,283,283,412,424.5,424.5,618.0,-1058.0,3036.0,-606.2271118164062,489.9139404296875,-1024.0,-950.0,351.0,0.00263887178699843,0.0004806847671357937,1.658203125,1.658203125,18.0
train(totalseg),s0224,F:\Totalsegmentator_dataset_v201\nii\s0224.nii.gz,1.5,1.5,1.5,333,333,621,499.5,499.5,931.5,-1303.0,3180.0,-683.89404296875,463.2920837402344,-1024.0,-981.0,347.0,0.004598757400299265,0.0008559137336542841,1.951171875,1.951171875,18.0
train(totalseg),s0254,F:\Totalsegmentator_dataset_v201\nii\s0254.nii.gz,1.0,1.0,1.0,178,168,168,178.0,168.0,168.0,-1187.978271484375,2505.0,-536.6297607421875,536.8787841796875,-1029.9771728515625,-943.9909057617188,738.0225830078125,0.026566560613009247,0.0038671367423373845,0.65625,0.6953125,12.0
train(totalseg),s0259,F:\Totalsegmentator_dataset_v201\nii\s0259.nii.gz,1.5,1.5,1.5,165,113,165,247.5,169.5,247.5,-1272.0,1748.0,-794.64404296875,437.3563232421875,-1026.0,-1024.0,347.0,0.01192227604369486,0.0010414682491956576,0.662109375,0.966796875,18.0
train(totalseg),s0256,F:\Totalsegmentator_dataset_v201\nii\s0256.nii.gz,1.5,1.5,1.5,231,231,151,346.5,346.5,226.5,-1255.0,2324.0,-518.487060546875,496.6150817871094,-1018.0,-888.0,356.0,0.005972685126866038,0.0013285733877007985,1.353515625,1.353515625,18.0
train(totalseg),s0252,F:\Totalsegmentator_dataset_v201\nii\s0252.nii.gz,1.5,1.5,1.5,227,227,267,340.5,340.5,400.5,-1153.0,1920.0,-402.5792541503906,502.1539001464844,-1019.0,-125.0,392.0,0.004368942906102579,0.001630149420187803,1.330078125,1.330078125,18.0
train(totalseg),s0248,F:\Totalsegmentator_dataset_v201\nii\s0248.nii.gz,1.5,1.5,1.5,299,299,280,448.5,448.5,420.0,-1265.0,3541.0,-715.171142578125,446.5921630859375,-1030.0,-976.0,285.0,0.02350692785475394,0.0005167327946155924,1.751953125,1.751953125,18.0
train(totalseg),s0258,F:\Totalsegmentator_dataset_v201\nii\s0258.nii.gz,1.5,1.5,1.5,243,243,127,364.5,364.5,190.5,-1346.0,3195.0,-480.08721923828125,503.7967529296875,-1020.0,-816.0,342.0,0.005774997519743376,0.0013697417226102328,1.423828125,1.423828125,18.0
train(totalseg),s0257,F:\Totalsegmentator_dataset_v201\nii\s0257.nii.gz,1.5,1.5,1.5,233,233,263,349.5,349.5,394.5,-1225.0,3523.0,-441.063720703125,480.43365478515625,-1019.0,-171.0,445.0,0.007196522091877242,0.001411961668602511,1.365234375,1.365234375,18.0
train(totalseg),s0253,F:\Totalsegmentator_dataset_v201\nii\s0253.nii.gz,1.5,1.5,1.5,253,253,266,379.5,379.5,399.0,-1291.0,4213.0,-613.6805419921875,476.5977783203125,-1038.0,-935.0,286.0,0.05516956669284954,0.0008679463501323064,1.482421875,1.482421875,18.0
train(totalseg),s0262,F:\Totalsegmentator_dataset_v201\nii\s0262.nii.gz,1.5,1.5,1.5,307,307,83,460.5,460.5,124.5,-1254.0,1653.0,-596.3408813476562,481.2931823730469,-1038.0,-928.0,287.0,0.03860728845964062,0.00041469227634356975,1.798828125,1.798828125,18.0
train(totalseg),s0255,F:\Totalsegmentator_dataset_v201\nii\s0255.nii.gz,1.5,1.5,1.5,261,261,306,391.5,391.5,459.0,-1124.0,1738.0,-575.1195068359375,493.09210205078125,-1024.0,-938.0,346.0,0.000782056809408745,0.0010722938169491025,1.529296875,1.529296875,18.0
train(totalseg),s0261,F:\Totalsegmentator_dataset_v201\nii\s0261.nii.gz,1.5,1.5,1.5,223,223,191,334.5,334.5,286.5,-1045.0,1509.0,-522.9019165039062,515.8478393554688,-1016.0,-936.0,428.0,0.0012123298632167644,0.0007390842935112189,1.306640625,1.306640625,18.0
train(totalseg),s0265,F:\Totalsegmentator_dataset_v201\nii\s0265.nii.gz,1.5,1.5,1.5,261,261,44,391.5,391.5,66.0,-1178.0,2820.0,-554.8818359375,475.2615051269531,-1024.0,-912.0,219.0,0.007273821582184642,0.00046508151938195536,1.529296875,1.529296875,18.0
train(totalseg),s0263,F:\Totalsegmentator_dataset_v201\nii\s0263.nii.gz,1.5,1.5,1.5,171,171,161,256.5,256.5,241.5,-1360.0,3395.0,-554.299560546875,545.490966796875,-1029.0,-926.0,986.0,0.018721479518781697,0.009410763114243784,1.001953125,1.001953125,18.0
train(totalseg),s0250,F:\Totalsegmentator_dataset_v201\nii\s0250.nii.gz,1.5,1.5,1.5,307,307,301,460.5,460.5,451.5,-1238.0,1822.0,-564.6182861328125,481.2015380859375,-1024.0,-899.0,340.0,0.0047301698758079255,0.0007455331460864269,1.798828125,1.798828125,18.0
train(totalseg),s0278,F:\Totalsegmentator_dataset_v201\nii\s0278.nii.gz,1.0,1.0,1.0,63,123,130,63.0,123.0,130.0,-1323.0,3360.0,-226.00387573242188,561.0383911132812,-1024.0196533203125,-3.0278191566467285,1421.987548828125,0.01062171793879111,0.0217616168835681,0.48046875,0.24609375,12.0
train(totalseg),s0266,F:\Totalsegmentator_dataset_v201\nii\s0266.nii.gz,1.5,1.5,1.5,302,302,97,453.0,453.0,145.5,-1367.0,1763.0,-605.06689453125,474.117919921875,-1041.0,-924.0,277.0,0.0523297150717944,0.00032836769042782747,1.76953125,1.76953125,18.0
train(totalseg),s0282,F:\Totalsegmentator_dataset_v201\nii\s0282.nii.gz,1.0,1.0,1.0,85,118,118,85.0,118.0,118.0,-1411.0,3552.0,-241.01812744140625,564.1624145507812,-1024.0169677734375,-51.03123092651367,1348.9990234375,0.06438312182097775,0.025988137283066055,0.4609375,0.33203125,12.0
train(totalseg),s0264,F:\Totalsegmentator_dataset_v201\nii\s0264.nii.gz,1.5,1.5,1.5,247,247,156,370.5,370.5,234.0,-1427.0,1965.0,-510.9822998046875,481.81549072265625,-1041.0,-774.0,339.0,0.04987021147045859,0.0014368412398127431,1.447265625,1.447265625,18.0
train(totalseg),s0277,F:\Totalsegmentator_dataset_v201\nii\s0277.nii.gz,1.5000001192092896,1.5,1.5,224,162,224,336.00002670288086,243.0,336.0,-1395.0,3413.0,-553.5345458984375,522.3724975585938,-1024.0,-938.0,735.0,0.00883925292627251,0.004869893209276233,0.94921875,1.3125001043081284,18.0
train(totalseg),s0279,F:\Totalsegmentator_dataset_v201\nii\s0279.nii.gz,1.5,1.5,1.5,184,173,173,276.0,259.5,259.5,-1229.0,3458.0,-510.8741455078125,513.6683959960938,-1025.0,-768.0,548.0,0.010597359185812515,0.0025162803721414696,1.013671875,1.078125,18.0
train(totalseg),s0270,F:\Totalsegmentator_dataset_v201\nii\s0270.nii.gz,1.5,1.5,1.5,333,333,91,499.5,499.5,136.5,-1178.0,3090.0,-663.9179077148438,463.5858154296875,-1024.0,-974.0,355.0,0.005650436403009365,6.243247630390227e-05,1.951171875,1.951171875,18.0
train(totalseg),s0281,F:\Totalsegmentator_dataset_v201\nii\s0281.nii.gz,1.5,1.5,1.5,184,174,184,276.0,261.0,276.0,-1283.0,3206.0,-564.2061767578125,522.3834838867188,-1025.0,-951.0,644.0,0.010117393748777785,0.0030993334854311975,1.01953125,1.078125,18.0
train(totalseg),s0283,F:\Totalsegmentator_dataset_v201\nii\s0283.nii.gz,1.5,1.5,1.5,232,232,96,348.0,348.0,144.0,-1142.0,2186.0,-584.9178466796875,494.2784423828125,-1020.0,-950.0,311.0,0.0024971434675980977,0.0007553554176575506,1.359375,1.359375,18.0
train(totalseg),s0260,F:\Totalsegmentator_dataset_v201\nii\s0260.nii.gz,1.5,1.5,1.5,366,424,283,549.0,636.0,424.5,-1104.0,1503.0,-718.7976684570312,446.4359130859375,-1024.0,-1000.0,176.0,0.00469835404820384,0.00011671995876228753,2.484375,2.14453125,18.0
train(totalseg),s0271,F:\Totalsegmentator_dataset_v201\nii\s0271.nii.gz,1.5,1.5,1.5,221,221,255,331.5,331.5,382.5,-1341.0,3509.0,-493.938720703125,510.14935302734375,-1024.0,-805.0,490.0,0.007225686934860904,0.002008196905589453,1.294921875,1.294921875,18.0
train(totalseg),s0288,F:\Totalsegmentator_dataset_v201\nii\s0288.nii.gz,1.5,1.5,1.5,111,111,152,166.5,166.5,228.0,-1035.0,2055.0,-348.28680419921875,518.1896362304688,-1023.0,-59.0,882.0,0.0008372526153464987,0.007171645329540066,0.650390625,0.650390625,18.0
train(totalseg),s0275,F:\Totalsegmentator_dataset_v201\nii\s0275.nii.gz,1.5,1.5,1.5,283,283,245,424.5,424.5,367.5,-1185.0,1413.0,-558.5167236328125,497.9641418457031,-1024.0,-944.0,389.0,0.0029049307887498658,0.000988695742135919,1.658203125,1.658203125,18.0
train(totalseg),s0296,F:\Totalsegmentator_dataset_v201\nii\s0296.nii.gz,1.5,1.5,1.5,80,80,60,120.0,120.0,90.0,-1171.0,1840.0,-363.51513671875,477.2547302246094,-1025.0,-118.0,565.0,0.010736979166666667,0.00047395833333333334,0.46875,0.46875,18.0
train(totalseg),s0289,F:\Totalsegmentator_dataset_v201\nii\s0289.nii.gz,1.5,1.5,1.5,145,145,233,217.5,217.5,349.5,-1183.0,3338.0,-497.3501281738281,560.60595703125,-1020.0,-827.0,1201.0,0.00054931528492745,0.01701040208409117,0.849609375,0.849609375,18.0
train(totalseg),s0295,F:\Totalsegmentator_dataset_v201\nii\s0295.nii.gz,1.0,1.0,1.0,99,122,122,99.0,122.0,122.0,-1673.0,3326.0,-308.2555847167969,521.3142700195312,-1024.010986328125,-85.00605010986328,1106.0274658203125,0.0375034950417912,0.011978831583776491,0.4765625,0.38671875,12.0
train(totalseg),s0286,F:\Totalsegmentator_dataset_v201\nii\s0286.nii.gz,1.5,1.5,1.5,261,261,156,391.5,391.5,234.0,-1512.0,3523.0,-492.99530029296875,492.1180725097656,-1024.0,-832.0,327.0,0.0053400453717536555,0.0009383754924777517,1.529296875,1.529296875,18.0
train(totalseg),s0292,F:\Totalsegmentator_dataset_v201\nii\s0292.nii.gz,1.5,1.5,1.5,148,148,233,222.0,222.0,349.5,-1381.0,3459.0,-510.02301025390625,587.1048583984375,-1023.0,-936.0,1276.0,0.001120966182325414,0.01958957472059609,0.8671875,0.8671875,18.0
train(totalseg),s0290,F:\Totalsegmentator_dataset_v201\nii\s0290.nii.gz,1.5,1.5,1.5,285,285,115,427.5,427.5,172.5,-1158.0,3387.0,-597.3143310546875,468.5869140625,-1024.0,-909.0,271.0,0.006831265807539444,0.0006600024087679152,1.669921875,1.669921875,18.0
train(totalseg),s0294,F:\Totalsegmentator_dataset_v201\nii\s0294.nii.gz,1.5,1.5,1.5,301,301,71,451.5,451.5,106.5,-1226.0,1985.0,-643.3846435546875,474.88641357421875,-1024.0,-943.0,363.0,0.0065981912337516975,0.0012225090910899857,1.763671875,1.763671875,18.0
train(totalseg),s0285,F:\Totalsegmentator_dataset_v201\nii\s0285.nii.gz,1.5,1.5,1.5,333,333,181,499.5,499.5,271.5,-1300.0,3376.0,-612.0452880859375,463.587890625,-1024.0,-903.0,383.0,0.005967788520296455,0.0010840559916563861,1.951171875,1.951171875,18.0
train(totalseg),s0291,F:\Totalsegmentator_dataset_v201\nii\s0291.nii.gz,1.5,1.5,1.5,251,226,251,376.5,339.0,376.5,-1103.0,1508.0,-356.01007080078125,446.0947570800781,-1024.0,-108.0,356.0,0.006941873120202002,0.00024834544064178757,1.32421875,1.470703125,18.0
train(totalseg),s0299,F:\Totalsegmentator_dataset_v201\nii\s0299.nii.gz,1.0,1.0,1.0,270,112,270,270.0,112.0,270.0,-1105.9998779296875,3229.0,-663.9007568359375,467.54498291015625,-1023.9765625,-992.027099609375,220.0000457763672,0.006072408387223202,0.0006374926513815403,0.4375,1.0546875,12.0
train(totalseg),s0293,F:\Totalsegmentator_dataset_v201\nii\s0293.nii.gz,1.5,1.5,1.5,240,240,329,360.0,360.0,493.5,-1039.0,1870.0,-477.33355712890625,496.28125,-1022.0,-438.0,368.0,0.0023920339412360687,0.0009662065180682202,1.40625,1.40625,18.0
train(totalseg),s0301,F:\Totalsegmentator_dataset_v201\nii\s0301.nii.gz,1.0,1.0,1.0,253,138,253,253.0,138.0,253.0,-1216.972900390625,3181.983154296875,-304.1195068359375,522.0383911132812,-1024.0054931640625,-86.02864837646484,1037.977294921875,0.0434585477930251,0.010236328778382124,0.5390625,0.98828125,12.0
train(totalseg),s0304,F:\Totalsegmentator_dataset_v201\nii\s0304.nii.gz,1.5,1.5,1.5,234,231,231,351.0,346.5,346.5,-1102.0,2159.0,-386.2450866699219,465.13653564453125,-1024.0,-116.0,386.0,0.0016577137789259002,0.00011604557059102513,1.353515625,1.37109375,18.0
train(totalseg),s0305,F:\Totalsegmentator_dataset_v201\nii\s0305.nii.gz,1.5,1.5,1.5,319,319,98,478.5,478.5,147.0,-1267.0,1555.0,-647.0568237304688,465.0946350097656,-1037.0,-942.0,312.0,0.035823728663996676,0.00039959569138577983,1.869140625,1.869140625,18.0
train(totalseg),s0306,F:\Totalsegmentator_dataset_v201\nii\s0306.nii.gz,1.5,1.5,1.5,245,202,225,367.5,303.0,337.5,-1099.0,3266.0,-354.8577880859375,461.5631408691406,-1020.0,-101.0,308.0,0.0036791270963831076,0.0005576884219034149,1.18359375,1.435546875,18.0
train(totalseg),s0298,F:\Totalsegmentator_dataset_v201\nii\s0298.nii.gz,1.5,1.5,1.5,348,206,348,522.0,309.0,522.0,-1220.0,3555.0,-671.5795288085938,477.0986633300781,-1024.0,-1000.0,310.0,0.004734676266640542,0.0011281723659780734,1.20703125,2.0390625,18.0
train(totalseg),s0303,F:\Totalsegmentator_dataset_v201\nii\s0303.nii.gz,1.5,1.5,1.5,252,231,231,378.0,346.5,346.5,-1108.0,1775.0,-586.1896362304688,471.6480407714844,-1024.0,-886.0,322.0,0.0036075036075036075,0.00019104672784326464,1.353515625,1.4765625,18.0
train(totalseg),s0310,F:\Totalsegmentator_dataset_v201\nii\s0310.nii.gz,1.5,1.5,1.5,235,235,184,352.5,352.5,276.0,-1036.0,3253.0,-619.1414184570312,477.6837463378906,-1015.0,-935.0,467.0,5.963743979423312e-05,0.0008237052328015366,1.376953125,1.376953125,18.0
train(totalseg),s0312,F:\Totalsegmentator_dataset_v201\nii\s0312.nii.gz,1.5,1.5,1.5,95,95,131,142.5,142.5,196.5,-1129.0,2715.0,-192.95750427246094,510.55010986328125,-1027.0,-40.0,1326.0,0.01441373622888076,0.020970586369499482,0.556640625,0.556640625,18.0
train(totalseg),s0313,F:\Totalsegmentator_dataset_v201\nii\s0313.nii.gz,1.5,1.5,1.5,109,109,170,163.5,163.5,255.0,-1024.0,3131.0,5.522862434387207,192.30003356933594,-175.0,-27.0,799.0,0.0,0.005481812285557266,0.638671875,0.638671875,18.0
train(totalseg),s0307,F:\Totalsegmentator_dataset_v201\nii\s0307.nii.gz,1.5,1.5,1.5,240,240,287,360.0,360.0,430.5,-1045.0,1586.0,-467.1956481933594,476.62347412109375,-1020.0,-134.0,331.0,0.001753048780487805,0.0007355182926829268,1.40625,1.40625,18.0
train(totalseg),s0300,F:\Totalsegmentator_dataset_v201\nii\s0300.nii.gz,1.5,1.5,1.5,325,325,278,487.5,487.5,417.0,-1147.0,1639.0,-675.723876953125,458.39251708984375,-1029.0,-972.0,234.0,0.01984027249916223,0.0003856794906374388,1.904296875,1.904296875,18.0
train(totalseg),s0316,F:\Totalsegmentator_dataset_v201\nii\s0316.nii.gz,1.5,1.5,1.5,225,225,58,337.5,337.5,87.0,-1102.0,1359.0,-500.97589111328125,491.5263977050781,-1019.0,-736.0,370.0,0.0017811834823329075,0.0001382716049382716,1.318359375,1.318359375,18.0
train(totalseg),s0308,F:\Totalsegmentator_dataset_v201\nii\s0308.nii.gz,1.5,1.5,1.5,271,166,391,406.5,249.0,586.5,-1281.0,3151.0,-335.7078857421875,458.34130859375,-1023.0,-103.0,401.0,0.0021827760244618275,0.0005050163938452471,0.97265625,1.587890625,18.0
train(totalseg),s0324,F:\Totalsegmentator_dataset_v201\nii\s0324.nii.gz,1.5,1.5,1.5,201,201,261,301.5,301.5,391.5,-1221.0,2379.0,-485.28814697265625,497.9942932128906,-1024.0,-804.0,465.0,0.009492194345879584,0.0017491311245194725,1.177734375,1.177734375,18.0
train(totalseg),s0311,F:\Totalsegmentator_dataset_v201\nii\s0311.nii.gz,1.0,1.0,1.0,292,164,292,292.0,164.0,292.0,-1241.9969482421875,1571.97607421875,-407.0276184082031,496.83258056640625,-1024.0137939453125,-105.01337432861328,416.9856872558594,0.012314691426872259,0.0005216222953984103,0.640625,1.140625,12.0
train(totalseg),s0319,F:\Totalsegmentator_dataset_v201\nii\s0319.nii.gz,1.5,1.5000001192092896,1.5000001192092896,270,213,338,405.0,319.5000253915787,507.00004029273987,-1455.0,1932.0,-417.6405334472656,487.0078430175781,-1024.0,-109.0,390.0,0.004708211280981234,0.000780929274970445,1.2480469741858542,1.58203125,18.000001430511475
train(totalseg),s0320,F:\Totalsegmentator_dataset_v201\nii\s0320.nii.gz,1.5,1.5,1.5,272,272,282,408.0,408.0,423.0,-1224.0,3293.0,-572.3577270507812,481.2267761230469,-1024.0,-930.0,324.0,0.0032952299305998214,0.0007444583459211117,1.59375,1.59375,18.0
train(totalseg),s0326,F:\Totalsegmentator_dataset_v201\nii\s0326.nii.gz,1.0,1.0,1.0,217,168,217,217.0,168.0,217.0,-1413.0,1738.0062255859375,-524.1201171875,509.87408447265625,-1023.9856567382812,-796.9761352539062,610.0065307617188,0.009695925345015366,0.002969554106762372,0.65625,0.84765625,12.0
train(totalseg),s0314,F:\Totalsegmentator_dataset_v201\nii\s0314.nii.gz,1.5,1.5,1.5,299,299,273,448.5,448.5,409.5,-1517.0,3416.0,-744.0459594726562,435.1771240234375,-1034.0,-979.0,277.0,0.03911056710242402,0.0006194668111201483,1.751953125,1.751953125,18.0
train(totalseg),s0322,F:\Totalsegmentator_dataset_v201\nii\s0322.nii.gz,1.5,1.5,1.5,299,299,209,448.5,448.5,313.5,-1356.0,3419.0,-677.5809326171875,456.8642883300781,-1028.0,-951.0,317.0,0.018986010561520293,0.0006727389788817762,1.751953125,1.751953125,18.0
train(totalseg),s0315,F:\Totalsegmentator_dataset_v201\nii\s0315.nii.gz,1.5,1.5,1.5,297,297,305,445.5,445.5,457.5,-1153.0,1569.0,-546.4259643554688,475.51934814453125,-1029.0,-869.0,299.0,0.016993834095593633,0.0003996467705366663,1.740234375,1.740234375,18.0
train(totalseg),s0327,F:\Totalsegmentator_dataset_v201\nii\s0327.nii.gz,1.5000001192092896,1.5,1.5,222,166,429,333.0000264644623,249.0,643.5,-1264.0,3364.0,-312.07415771484375,468.97637939453125,-1015.0,-70.0,423.0,0.004130677784361718,0.0015742421397953333,0.97265625,1.3007813533768058,18.0
train(totalseg),s0321,F:\Totalsegmentator_dataset_v201\nii\s0321.nii.gz,1.5,1.5,1.5,272,272,303,408.0,408.0,454.5,-1165.0,1613.0,-368.9430236816406,450.3860778808594,-1024.0,-139.0,395.0,0.009759134434204666,0.0014276568227757033,1.59375,1.59375,18.0
train(totalseg),s0335,F:\Totalsegmentator_dataset_v201\nii\s0335.nii.gz,1.5,1.5,1.5,89,89,89,133.5,133.5,133.5,-1044.0,3237.0,-354.82598876953125,432.34307861328125,-998.0,-102.0,288.0,0.00023972685323751824,8.652862749993263e-05,0.521484375,0.521484375,18.0
train(totalseg),s0287,F:\Totalsegmentator_dataset_v201\nii\s0287.nii.gz,1.5,1.5,1.5,317,317,835,475.5,475.5,1252.5,-1289.0,3093.0,-767.6829223632812,429.2373046875,-1024.0,-998.0,307.0,0.004096469247949513,0.001575218563452727,1.857421875,1.857421875,18.0
train(totalseg),s0325,F:\Totalsegmentator_dataset_v201\nii\s0325.nii.gz,1.5,1.5,1.5,315,315,293,472.5,472.5,439.5,-1271.0,1654.0,-678.8780517578125,457.4333190917969,-1035.0,-966.0,258.0,0.036079445050678595,0.0005525759791971396,1.845703125,1.845703125,18.0
train(totalseg),s0336,F:\Totalsegmentator_dataset_v201\nii\s0336.nii.gz,1.5,1.5,1.5,123,123,130,184.5,184.5,195.0,-1032.0,2520.0,-253.80502319335938,393.0472717285156,-1009.0,-73.0,588.0,0.00016829624206185777,0.0018792232950472093,0.720703125,0.720703125,18.0
train(totalseg),s0330,F:\Totalsegmentator_dataset_v201\nii\s0330.nii.gz,1.5,1.5,1.5,330,330,88,495.0,495.0,132.0,-1097.0,2962.0,-609.427001953125,463.7447509765625,-1024.0,-945.0,118.0,0.00508807079055013,7.40879873111278e-05,1.93359375,1.93359375,18.0
train(totalseg),s0338,F:\Totalsegmentator_dataset_v201\nii\s0338.nii.gz,1.5,1.5,1.5,221,221,102,331.5,331.5,153.0,-1313.0,1320.0,-436.91485595703125,489.7433166503906,-1024.0,-381.0,509.0,0.005519109427108613,0.00017162533406720728,1.294921875,1.294921875,18.0
train(totalseg),s0340,F:\Totalsegmentator_dataset_v201\nii\s0340.nii.gz,1.5,1.5,1.5,163,163,100,244.5,244.5,150.0,-1043.0,3149.0,-560.8828735351562,586.5288696289062,-1024.0,-964.0,1261.0,0.002400541985020136,0.01836275358500508,0.955078125,0.955078125,18.0
train(totalseg),s0333,F:\Totalsegmentator_dataset_v201\nii\s0333.nii.gz,1.5,1.5,1.5,219,219,217,328.5,328.5,325.5,-1357.0,3442.0,-675.0816650390625,490.78826904296875,-1024.0,-978.0,702.0,0.007218420491297655,0.005726425264759972,1.283203125,1.283203125,18.0
train(totalseg),s0328,F:\Totalsegmentator_dataset_v201\nii\s0328.nii.gz,1.5,1.5,1.5,265,265,269,397.5,397.5,403.5,-1049.0,2226.0,-503.9527893066406,503.9125061035156,-1024.0,-805.0,430.0,0.0009840909704492144,0.0010026187724748855,1.552734375,1.552734375,18.0
train(totalseg),s0331,F:\Totalsegmentator_dataset_v201\nii\s0331.nii.gz,1.5,1.5,1.5,253,253,209,379.5,379.5,313.5,-1219.0,3766.0,-607.8805541992188,494.4893798828125,-1036.0,-938.0,446.0,0.044676279847587236,0.001211851023951325,1.482421875,1.482421875,18.0
train(totalseg),s0329,F:\Totalsegmentator_dataset_v201\nii\s0329.nii.gz,1.5,1.5,1.5,304,329,329,456.0,493.5,493.5,-1390.0,1577.0,-640.2195434570312,478.2540588378906,-1024.0,-990.0,314.0,0.004770087269916781,0.0003409788365802096,1.927734375,1.78125,18.0
train(totalseg),s0339,F:\Totalsegmentator_dataset_v201\nii\s0339.nii.gz,1.5,1.5,1.5,240,240,281,360.0,360.0,421.5,-3384.0,1946.0,-934.2850952148438,1173.7354736328125,-3024.0,-732.0,377.0,0.22294428380782919,0.0016375667259786477,1.40625,1.40625,18.0
train(totalseg),s0347,F:\Totalsegmentator_dataset_v201\nii\s0347.nii.gz,1.5,1.5,1.5,95,95,130,142.5,142.5,195.0,-1034.0,1375.0,-457.802734375,457.4618225097656,-951.0,-681.0,376.0,4.4321329639889195e-05,6.39249946729171e-05,0.556640625,0.556640625,18.0
train(totalseg),s0352,F:\Totalsegmentator_dataset_v201\nii\s0352.nii.gz,1.0,1.0,1.0,100,116,58,100.0,116.0,58.0,-1097.0,3164.0,-97.28584289550781,588.738037109375,-1023.9840087890625,36.99099349975586,1599.975341796875,0.0007951843043995244,0.05482164090368609,0.453125,0.390625,12.0
train(totalseg),s0341,F:\Totalsegmentator_dataset_v201\nii\s0341.nii.gz,1.5,1.5,1.5,247,247,275,370.5,370.5,412.5,-1036.0,1604.0,-484.1773376464844,508.4590759277344,-1023.0,-779.0,380.0,0.0032878008587227305,0.0008110874365130964,1.447265625,1.447265625,18.0
train(totalseg),s0343,F:\Totalsegmentator_dataset_v201\nii\s0343.nii.gz,1.5,1.5,1.5,277,277,166,415.5,415.5,249.0,-1183.0,3200.0,-525.7510375976562,488.4538879394531,-1027.0,-869.0,338.0,0.019218784176955706,0.00012805195062140918,1.623046875,1.623046875,18.0
train(totalseg),s0342,F:\Totalsegmentator_dataset_v201\nii\s0342.nii.gz,1.5,1.5,1.5,233,233,284,349.5,349.5,426.0,-1074.0,1500.0,-315.82904052734375,463.8373107910156,-1018.0,-93.0,425.0,0.0018305781264593257,0.0008250054481491859,1.365234375,1.365234375,18.0
train(totalseg),s0346,F:\Totalsegmentator_dataset_v201\nii\s0346.nii.gz,1.5,1.5,1.5,215,215,241,322.5,322.5,361.5,-1095.0,3441.0,-658.5846557617188,509.25323486328125,-1024.0,-978.0,902.0,0.006569702779924651,0.008195162936492334,1.259765625,1.259765625,18.0
train(totalseg),s0356,F:\Totalsegmentator_dataset_v201\nii\s0356.nii.gz,1.5,1.5,1.5,107,107,89,160.5,160.5,133.5,-1062.0,2230.0,-307.369873046875,526.7283325195312,-928.0,-206.0,819.0,8.047413002067793e-05,0.0002875478060494955,0.626953125,0.626953125,18.0
train(totalseg),s0353,F:\Totalsegmentator_dataset_v201\nii\s0353.nii.gz,1.0,1.0,1.0,47,129,309,47.0,129.0,309.0,-1143.0,2014.0,-11.09033489227295,324.29034423828125,-954.0183715820312,10.977800369262695,976.985595703125,0.00018895448919036204,0.008451176348449158,0.50390625,0.18359375,12.0
train(totalseg),s0332,F:\Totalsegmentator_dataset_v201\nii\s0332.nii.gz,1.5,1.5,1.5,269,269,505,403.5,403.5,757.5,-1072.0,3323.0,-607.123291015625,502.6327819824219,-1024.0,-937.0,578.0,0.0024089056195665736,0.0035309471319828626,1.576171875,1.576171875,18.0
train(totalseg),s0349,F:\Totalsegmentator_dataset_v201\nii\s0349.nii.gz,1.5,1.5,1.5,268,268,231,402.0,402.0,346.5,-1122.0,3283.0,-455.609619140625,492.29046630859375,-1024.0,-179.0,550.0,0.004487158275937451,0.001946858202652262,1.5703125,1.5703125,18.0
train(totalseg),s0334,F:\Totalsegmentator_dataset_v201\nii\s0334.nii.gz,1.5,1.5,1.5,291,291,469,436.5,436.5,703.5,-1241.0,2645.0,-575.60400390625,489.8829345703125,-1024.0,-951.0,310.0,0.007361376191603257,0.0004073986413330849,1.705078125,1.705078125,18.0
train(totalseg),s0359,F:\Totalsegmentator_dataset_v201\nii\s0359.nii.gz,1.5,1.5,1.5,126,84,137,189.0,126.0,205.5,-1248.0,2868.0,-351.3260498046875,562.3492431640625,-1024.0,-67.0,1255.0,0.009648912281863273,0.016048187320345818,0.4921875,0.73828125,18.0
train(totalseg),s0345,F:\Totalsegmentator_dataset_v201\nii\s0345.nii.gz,1.5,1.5,1.5,238,261,476,357.0,391.5,714.0,-1111.0,1607.0,-322.31787109375,450.23297119140625,-1024.0,-96.0,360.0,0.003534373776133668,0.0005098386170538735,1.529296875,1.39453125,18.0
train(totalseg),s0354,F:\Totalsegmentator_dataset_v201\nii\s0354.nii.gz,1.5,1.5,1.5,247,247,238,370.5,370.5,357.0,-1111.0,3407.0,-584.06494140625,483.6117248535156,-1030.0,-894.0,409.0,0.02550828697015677,0.0010947549831461726,1.447265625,1.447265625,18.0
train(totalseg),s0360,F:\Totalsegmentator_dataset_v201\nii\s0360.nii.gz,1.5,1.5,1.5,253,253,53,379.5,379.5,79.5,-1196.0,2119.0,-652.0076904296875,462.1175537109375,-1025.0,-952.0,351.0,0.010864624619525904,0.0016442258431742225,1.482421875,1.482421875,18.0
train(totalseg),s0357,F:\Totalsegmentator_dataset_v201\nii\s0357.nii.gz,1.5,1.5,1.5,223,223,215,334.5,334.5,322.5,-1042.0,3087.0,-549.6227416992188,482.2965087890625,-1016.0,-851.0,397.0,0.0004770039215334161,0.0008350374532255566,1.306640625,1.306640625,18.0
train(totalseg),s0344,F:\Totalsegmentator_dataset_v201\nii\s0344.nii.gz,1.5,1.5,1.5,283,283,384,424.5,424.5,576.0,-1051.0,2161.0,-650.0147705078125,471.39910888671875,-1024.0,-955.0,296.0,0.0023177340209017466,0.000477073422484153,1.658203125,1.658203125,18.0
train(totalseg),s0368,F:\Totalsegmentator_dataset_v201\nii\s0368.nii.gz,1.5,1.5,1.5,107,107,75,160.5,160.5,112.5,-1053.0,1427.0,-257.00323486328125,515.9583129882812,-976.0,-86.0,695.0,0.00021311904969866365,0.0001024834774507235,0.626953125,0.626953125,18.0
train(totalseg),s0350,F:\Totalsegmentator_dataset_v201\nii\s0350.nii.gz,1.5,1.5,1.5,266,266,415,399.0,399.0,622.5,-1045.0,3244.0,-529.6355590820312,486.6082458496094,-1024.0,-827.0,387.0,0.004321145003813376,0.0015713254559321368,1.55859375,1.55859375,18.0
train(totalseg),s0355,F:\Totalsegmentator_dataset_v201\nii\s0355.nii.gz,1.5,1.5,1.5,259,259,325,388.5,388.5,487.5,-1046.0,1530.0,-553.8207397460938,490.5447082519531,-1023.0,-934.0,280.0,0.001464727219152557,0.0005338206675382037,1.517578125,1.517578125,18.0
train(totalseg),s0363,F:\Totalsegmentator_dataset_v201\nii\s0363.nii.gz,1.5,1.5,1.5,229,229,208,343.5,343.5,312.0,-1048.0,3260.0,-590.4995727539062,477.1181335449219,-1020.0,-896.0,454.0,0.0018432799491736593,0.0008828601368020661,1.341796875,1.341796875,18.0
train(totalseg),s0364,F:\Totalsegmentator_dataset_v201\nii\s0364.nii.gz,1.5,1.5,1.5,211,211,167,316.5,316.5,250.5,-1116.0,1641.0,-479.1346740722656,497.5057373046875,-1026.0,-715.0,557.0,0.014277859553076472,0.0023203741004717143,1.236328125,1.236328125,18.0
train(totalseg),s0367,F:\Totalsegmentator_dataset_v201\nii\s0367.nii.gz,1.5,1.5,1.5,212,212,205,318.0,318.0,307.5,-1275.0,3768.0,-439.54608154296875,495.24456787109375,-1025.0,-612.0,548.0,0.011143406645885612,0.003025987896048416,1.2421875,1.2421875,18.0
train(totalseg),s0365,F:\Totalsegmentator_dataset_v201\nii\s0365.nii.gz,1.5,1.5,1.5,257,257,222,385.5,385.5,333.0,-1079.0,3170.0,-489.39617919921875,492.47833251953125,-1024.0,-701.0,427.0,0.003273572449614264,0.0010966467706207785,1.505859375,1.505859375,18.0
train(totalseg),s0373,F:\Totalsegmentator_dataset_v201\nii\s0373.nii.gz,1.5,1.5,1.5,177,177,169,265.5,265.5,253.5,-1108.0,3399.0,-307.69171142578125,456.81414794921875,-1024.0,-87.0,529.0,0.0087100047765639,0.0015666902945094445,1.037109375,1.037109375,18.0
train(totalseg),s0358,F:\Totalsegmentator_dataset_v201\nii\s0358.nii.gz,1.5,1.5,1.5,255,255,523,382.5,382.5,784.5,-1290.0,3594.0,-568.3665771484375,471.1065979003906,-1023.0,-915.0,268.0,0.0010172875366927464,0.0015095234415440752,1.494140625,1.494140625,18.0
train(totalseg),s0374,F:\Totalsegmentator_dataset_v201\nii\s0374.nii.gz,1.5,1.5,1.5,221,221,193,331.5,331.5,289.5,-1270.0,3239.0,-576.0149536132812,516.1338500976562,-1024.0,-911.0,789.0,0.0047934956555133156,0.0020310163621733413,1.294921875,1.294921875,18.0
train(totalseg),s0376,F:\Totalsegmentator_dataset_v201\nii\s0376.nii.gz,1.5,1.5,1.5,125,125,167,187.5,187.5,250.5,-1029.0,2076.0,-353.9244689941406,438.1848449707031,-1004.0,-99.0,369.0,8.891014556736936e-05,0.00028512563923328794,0.732421875,0.732421875,18.0
train(totalseg),s0371,F:\Totalsegmentator_dataset_v201\nii\s0371.nii.gz,1.5,1.5,1.5,233,233,283,349.5,349.5,424.5,-1049.0,2816.0,-442.074951171875,483.9807434082031,-1021.0,-139.0,505.0,0.003947983674863601,0.0013538324392832187,1.365234375,1.365234375,18.0
train(totalseg),s0372,F:\Totalsegmentator_dataset_v201\nii\s0372.nii.gz,1.5,1.5,1.5,256,256,295,384.0,384.0,442.5,-1042.0,3148.0,-573.44091796875,463.0749206542969,-1024.0,-882.0,286.0,0.0014689817266949152,0.000410694186970339,1.5,1.5,18.0
train(totalseg),s0369,F:\Totalsegmentator_dataset_v201\nii\s0369.nii.gz,1.5,1.5,1.5,248,248,439,372.0,372.0,658.5,-1309.0,1352.0,-561.2933959960938,508.6710510253906,-1024.0,-968.0,409.0,0.005903795000492588,0.0008617694792568664,1.453125,1.453125,18.0
train(totalseg),s0366,F:\Totalsegmentator_dataset_v201\nii\s0366.nii.gz,1.5,1.5,1.5,325,325,270,487.5,487.5,405.0,-1218.0,1956.0,-609.0802001953125,463.6607360839844,-1024.0,-944.0,192.0,0.0029254437869822487,0.0004665351742274819,1.904296875,1.904296875,18.0
train(totalseg),s0362,F:\Totalsegmentator_dataset_v201\nii\s0362.nii.gz,1.5,1.5,1.5,285,285,418,427.5,427.5,627.0,-1198.0,3136.0,-636.0933227539062,474.3861083984375,-1024.0,-946.0,389.0,0.002062908701268789,0.0002688791195585776,1.669921875,1.669921875,18.0
train(totalseg),s0379,F:\Totalsegmentator_dataset_v201\nii\s0379.nii.gz,1.5,1.5,1.5,135,95,126,202.5,142.5,189.0,-1387.0,3374.0,-184.9766082763672,486.7694091796875,-1025.0,-46.0,1228.0,0.011552956465237166,0.016621801417123053,0.556640625,0.791015625,18.0
train(totalseg),s0378,F:\Totalsegmentator_dataset_v201\nii\s0378.nii.gz,1.5,1.5,1.5,183,183,179,274.5,274.5,268.5,-1146.0,3101.0,-298.0821228027344,478.9744873046875,-1025.0,-134.0,771.0,0.01103455799961665,0.004876444879507671,1.072265625,1.072265625,18.0
train(totalseg),s0370,F:\Totalsegmentator_dataset_v201\nii\s0370.nii.gz,1.5,1.5,1.5,437,202,437,655.5,303.0,655.5,-1345.0,1396.0,-568.2916259765625,492.11468505859375,-1024.0,-958.0,283.0,0.006730136609174575,0.00032092709044596423,1.18359375,2.560546875,18.0
train(totalseg),s0386,F:\Totalsegmentator_dataset_v201\nii\s0386.nii.gz,1.0,1.0,1.0,65,89,203,65.0,89.0,203.0,-1187.0,1627.0,-178.1673126220703,382.273681640625,-986.0030517578125,-2.0155210494995117,454.9830627441406,0.0012381264609083284,0.00020607056639602165,0.34765625,0.25390625,12.0
train(totalseg),s0375,F:\Totalsegmentator_dataset_v201\nii\s0375.nii.gz,1.5,1.5,1.5,259,259,440,388.5,388.5,660.0,-1251.0,1346.0,-647.9508666992188,486.4864807128906,-1024.0,-994.0,300.0,0.005827078177170417,0.00033897271447520214,1.517578125,1.517578125,18.0
train(totalseg),s0361,F:\Totalsegmentator_dataset_v201\nii\s0361.nii.gz,1.0,1.0,1.0,299,190,483,299.0,190.0,483.0,-1181.98193359375,1761.00048828125,-538.7568359375,493.08392333984375,-1024.0203857421875,-926.0120239257812,358.0040588378906,0.01819846985502144,0.002129141378967267,0.7421875,1.16796875,12.0
train(totalseg),s0388,F:\Totalsegmentator_dataset_v201\nii\s0388.nii.gz,1.5,1.5,1.5,154,154,102,231.0,231.0,153.0,-1115.0,3315.0,-566.0086059570312,640.935302734375,-1024.0,-981.0,1516.0,0.0020454462776846277,0.037389335899649115,0.90234375,0.90234375,18.0
train(totalseg),s0377,F:\Totalsegmentator_dataset_v201\nii\s0377.nii.gz,1.5,1.5,1.5,248,248,259,372.0,372.0,388.5,-1350.0,3652.0,-570.1328735351562,523.2416381835938,-1030.0,-896.0,829.0,0.030096042973254213,0.007195187606217783,1.453125,1.453125,18.0
train(totalseg),s0381,F:\Totalsegmentator_dataset_v201\nii\s0381.nii.gz,1.5,1.5,1.5,219,219,192,328.5,328.5,288.0,-1227.0,1958.0,-387.1496276855469,480.1314697265625,-1034.0,-145.0,482.0,0.025236425199937233,0.003589069464511922,1.283203125,1.283203125,18.0
train(totalseg),s0380,F:\Totalsegmentator_dataset_v201\nii\s0380.nii.gz,1.5,1.5,1.5,287,287,177,430.5,430.5,265.5,-1153.0,3335.0,-581.2125854492188,490.51873779296875,-1024.0,-933.0,413.0,0.0018020044830623103,0.0009673976564064717,1.681640625,1.681640625,18.0
train(totalseg),s0389,F:\Totalsegmentator_dataset_v201\nii\s0389.nii.gz,1.5,1.5,1.5,171,171,110,256.5,256.5,165.0,-1041.0,3161.0,-276.37066650390625,406.4955139160156,-1013.0,-95.0,582.0,0.0002760756223360102,0.0007044902705105844,1.001953125,1.001953125,18.0
train(totalseg),s0385,F:\Totalsegmentator_dataset_v201\nii\s0385.nii.gz,1.5,1.5,1.5,243,243,182,364.5,364.5,273.0,-1405.0,3665.0,-361.9715881347656,508.4268493652344,-1039.0,-137.0,666.0,0.03966830304278864,0.006131246186115871,1.423828125,1.423828125,18.0
train(totalseg),s0391,F:\Totalsegmentator_dataset_v201\nii\s0391.nii.gz,1.5,1.5,1.5,193,193,112,289.5,289.5,168.0,-1283.0,3407.0,-554.18603515625,511.88714599609375,-1027.0,-856.0,577.0,0.018107620287207957,0.0023198118838224403,1.130859375,1.130859375,18.0
train(totalseg),s0382,F:\Totalsegmentator_dataset_v201\nii\s0382.nii.gz,1.5,1.5,1.5,232,232,309,348.0,348.0,463.5,-1286.0,3391.0,-618.078369140625,502.66064453125,-1018.0,-943.0,791.0,0.0007186310511386082,0.006535321690211574,1.359375,1.359375,18.0
train(totalseg),s0383,F:\Totalsegmentator_dataset_v201\nii\s0383.nii.gz,1.5,1.5000001192092896,1.5,247,145,385,370.5,217.50001728534698,577.5,-1160.0,2204.0,-277.6919860839844,427.2763977050781,-1024.0,-103.0,412.0,0.004652697574657647,0.0005360882311880497,0.8496094425208867,1.447265625,18.0
train(totalseg),s0396,F:\Totalsegmentator_dataset_v201\nii\s0396.nii.gz,1.5,1.5,1.5,95,94,105,142.5,141.0,157.5,-1467.0,1793.0,-214.29393005371094,485.8681945800781,-1029.0,23.0,818.0,0.012577187649976004,0.00446861835439663,0.55078125,0.556640625,18.0
train(totalseg),s0395,F:\Totalsegmentator_dataset_v201\nii\s0395.nii.gz,1.5,1.5,1.5,333,333,38,499.5,499.5,57.0,-1252.0,3593.0,-637.62451171875,475.5041198730469,-1034.0,-949.0,313.0,0.03176077927144783,0.0011426789520672877,1.951171875,1.951171875,18.0
train(totalseg),s0393,F:\Totalsegmentator_dataset_v201\nii\s0393.nii.gz,1.5,1.5,1.5,221,221,206,331.5,331.5,309.0,-1272.0,3513.0,-513.0758056640625,514.6956176757812,-1027.0,-830.0,552.0,0.014318896757361163,0.0015838986209467014,1.294921875,1.294921875,18.0
train(totalseg),s0394,F:\Totalsegmentator_dataset_v201\nii\s0394.nii.gz,1.5,1.5,1.5,225,225,275,337.5,337.5,412.5,-1317.0,3574.0,-457.4355163574219,505.9864501953125,-1018.0,-582.0,456.0,0.001957422417087347,0.0017261318155306611,1.318359375,1.318359375,18.0
train(totalseg),s0398,F:\Totalsegmentator_dataset_v201\nii\s0398.nii.gz,1.5,1.5,1.5,221,221,201,331.5,331.5,301.5,-1327.0,3445.0,-447.92425537109375,510.294677734375,-1028.0,-309.0,596.0,0.014504873920818331,0.002470193423784856,1.294921875,1.294921875,18.0
train(totalseg),s0399,F:\Totalsegmentator_dataset_v201\nii\s0399.nii.gz,1.5,1.5,1.5,227,227,157,340.5,340.5,235.5,-1220.0,2060.0,-432.5901184082031,492.8479919433594,-1034.0,-173.0,466.0,0.028192020944233384,0.0030179028449126735,1.330078125,1.330078125,18.0
train(totalseg),s0400,F:\Totalsegmentator_dataset_v201\nii\s0400.nii.gz,1.5,1.5000001192092896,1.5,225,160,203,337.5,240.00001907348633,304.5,-1334.0,3469.0,-515.0990600585938,545.1564331054688,-1023.0,-905.0,1094.0,0.0032862616310892173,0.011120415982484947,0.937500074505806,1.318359375,18.0
train(totalseg),s0392,F:\Totalsegmentator_dataset_v201\nii\s0392.nii.gz,1.5,1.5,1.5,267,267,270,400.5,400.5,405.0,-1109.0,3447.0,-597.943115234375,490.7682800292969,-1024.0,-931.0,505.0,0.00479737406893069,0.002271401281066166,1.564453125,1.564453125,18.0
train(totalseg),s0390,F:\Totalsegmentator_dataset_v201\nii\s0390.nii.gz,1.5,1.5,1.5,247,247,299,370.5,370.5,448.5,-1057.0,3322.0,-476.6406555175781,498.7132263183594,-1023.0,-476.0,432.0,0.002783731779384597,0.0012224737825970167,1.447265625,1.447265625,18.0
train(totalseg),s0405,F:\Totalsegmentator_dataset_v201\nii\s0405.nii.gz,1.5,1.5,1.5,196,196,182,294.0,294.0,273.0,-1309.0,3628.0,-453.7933654785156,529.9356689453125,-1030.0,-722.0,658.0,0.020572929777427904,0.0045482422616949895,1.1484375,1.1484375,18.0
train(totalseg),s0411,F:\Totalsegmentator_dataset_v201\nii\s0411.nii.gz,1.5,1.5,1.5,121,121,154,181.5,181.5,231.0,-1160.0,3193.0,-328.01031494140625,565.4114379882812,-1028.0,-152.0,1618.0,0.021778371891069112,0.020964077927400106,0.708984375,0.708984375,18.0
train(totalseg),s0401,F:\Totalsegmentator_dataset_v201\nii\s0401.nii.gz,1.5,1.5,1.5,233,233,295,349.5,349.5,442.5,-1053.0,1538.0,-577.8428344726562,492.20855712890625,-1015.0,-947.0,307.0,0.0006007396571906401,0.0011525884348905547,1.365234375,1.365234375,18.0
train(totalseg),s0407,F:\Totalsegmentator_dataset_v201\nii\s0407.nii.gz,1.5,1.5,1.5,215,215,228,322.5,322.5,342.0,-1187.0,3446.0,-420.642578125,499.5598449707031,-1030.0,-344.0,604.0,0.017451823176112265,0.0025959978366684694,1.259765625,1.259765625,18.0
train(totalseg),s0410,F:\Totalsegmentator_dataset_v201\nii\s0410.nii.gz,1.5,1.5,1.5,151,151,75,226.5,226.5,112.5,-1038.0,3148.0,-483.7673645019531,614.5029907226562,-1024.0,-952.0,1410.0,0.0018051839831586334,0.026460827741473326,0.884765625,0.884765625,18.0
train(totalseg),s0414,F:\Totalsegmentator_dataset_v201\nii\s0414.nii.gz,1.5,1.5,1.5,199,199,171,298.5,298.5,256.5,-1226.0,3523.0,-403.27099609375,507.01580810546875,-1026.0,-159.0,558.0,0.014175905508927352,0.0024986074545923875,1.166015625,1.166015625,18.0
train(totalseg),s0418,F:\Totalsegmentator_dataset_v201\nii\s0418.nii.gz,1.5,1.5,1.5,235,235,62,352.5,352.5,93.0,-1038.0,3273.0,-498.0464172363281,516.904541015625,-1015.0,-891.0,478.0,0.00048014719841119177,0.0020531841878532104,1.376953125,1.376953125,18.0
train(totalseg),s0417,F:\Totalsegmentator_dataset_v201\nii\s0417.nii.gz,1.0,1.0,1.0,142,161,86,142.0,161.0,86.0,-1305.9998779296875,3472.0,-478.2817077636719,643.8775634765625,-1022.9725341796875,-970.9894409179688,1298.98876953125,0.004827753172218345,0.019897951917775613,0.62890625,0.5546875,12.0
train(totalseg),s0406,F:\Totalsegmentator_dataset_v201\nii\s0406.nii.gz,1.5,1.5,1.5,278,278,316,417.0,417.0,474.0,-1218.0,1345.0,-501.6040344238281,494.653076171875,-1024.0,-760.0,339.0,0.004045574460927203,0.0003268398314485925,1.62890625,1.62890625,18.0
train(totalseg),s0413,F:\Totalsegmentator_dataset_v201\nii\s0413.nii.gz,1.5,1.5,1.5,261,261,204,391.5,391.5,306.0,-1138.0,1612.0,-480.81109619140625,466.88568115234375,-1024.0,-187.0,344.0,0.0026969017867352124,0.0006387133854277642,1.529296875,1.529296875,18.0
train(totalseg),s0403,F:\Totalsegmentator_dataset_v201\nii\s0403.nii.gz,1.5,1.5,1.5,267,267,391,400.5,400.5,586.5,-1121.0,3420.0,-558.2425537109375,486.921630859375,-1024.0,-916.0,397.0,0.0033264691109994977,0.0010939226519337017,1.564453125,1.564453125,18.0
train(totalseg),s0402,F:\Totalsegmentator_dataset_v201\nii\s0402.nii.gz,1.5,1.5,1.5,264,264,429,396.0,396.0,643.5,-1051.0,3119.0,-577.5949096679688,490.152587890625,-1024.0,-938.0,377.0,0.0032348269658547158,0.0012752683230773398,1.546875,1.546875,18.0
train(totalseg),s0416,F:\Totalsegmentator_dataset_v201\nii\s0416.nii.gz,1.5,1.5,1.5,212,212,328,318.0,318.0,492.0,-1035.0,1567.0,-486.33001708984375,519.4476928710938,-1018.0,-835.0,508.0,0.0016057923573183756,0.001588969253879082,1.2421875,1.2421875,18.0
train(totalseg),s0420,F:\Totalsegmentator_dataset_v201\nii\s0420.nii.gz,1.5,1.5,1.5,209,209,219,313.5,313.5,328.5,-1393.0,3723.0,-491.5226745605469,537.7913208007812,-1025.0,-828.0,683.0,0.010570094102741545,0.004553560788363959,1.224609375,1.224609375,18.0
train(totalseg),s0424,F:\Totalsegmentator_dataset_v201\nii\s0424.nii.gz,1.5,1.5,1.5,130,130,153,195.0,195.0,229.5,-1042.0,3206.0,-274.27349853515625,474.4752197265625,-1019.0,-74.0,683.0,0.0011022160343427312,0.0036144951077077773,0.76171875,0.76171875,18.0
train(totalseg),s0421,F:\Totalsegmentator_dataset_v201\nii\s0421.nii.gz,1.5,1.5,1.5,245,245,171,367.5,367.5,256.5,-1095.0,3431.0,-503.3824462890625,485.98077392578125,-1021.0,-752.0,372.0,0.0015169113697037434,0.0006634660518742769,1.435546875,1.435546875,18.0
train(totalseg),s0419,F:\Totalsegmentator_dataset_v201\nii\s0419.nii.gz,1.5,1.5,1.5,288,288,164,432.0,432.0,246.0,-1227.0,3575.0,-565.3657836914062,487.71575927734375,-1024.0,-908.0,449.0,0.002836470672992806,0.0017799985591222995,1.6875,1.6875,18.0
train(totalseg),s0408,F:\Totalsegmentator_dataset_v201\nii\s0408.nii.gz,1.5,1.5,1.5,279,279,391,418.5,418.5,586.5,-1048.0,2303.0,-638.5284423828125,483.6286926269531,-1024.0,-958.0,600.0,0.0037534695937421147,0.0008122003532677265,1.634765625,1.634765625,18.0
train(totalseg),s0426,F:\Totalsegmentator_dataset_v201\nii\s0426.nii.gz,1.5,1.5,1.5,239,239,156,358.5,358.5,234.0,-1048.0,1710.0,-491.59857177734375,508.4129943847656,-1020.0,-791.0,574.0,0.0014869462948665002,0.0026804311134253854,1.400390625,1.400390625,18.0
train(totalseg),s0412,F:\Totalsegmentator_dataset_v201\nii\s0412.nii.gz,1.5,1.5,1.5,313,313,431,469.5,469.5,646.5,-1164.0,3423.0,-771.9820556640625,422.1986389160156,-1024.0,-990.0,352.0,0.003290258646111972,0.0023320978147263953,1.833984375,1.833984375,18.0
train(totalseg),s0422,F:\Totalsegmentator_dataset_v201\nii\s0422.nii.gz,1.5,1.5,1.5,247,247,226,370.5,370.5,339.0,-1039.0,3204.0,-563.55029296875,489.6458435058594,-1023.0,-899.0,373.0,0.0018693012204780374,0.00037721097414861,1.447265625,1.447265625,18.0
train(totalseg),s0435,F:\Totalsegmentator_dataset_v201\nii\s0435.nii.gz,1.5,1.5,1.5,121,121,113,181.5,181.5,169.5,-1093.0,3653.0,-298.4388732910156,564.784423828125,-1016.0,-206.0,747.0,0.001917877605197672,0.00552878236834009,0.708984375,0.708984375,18.0
train(totalseg),s0425,F:\Totalsegmentator_dataset_v201\nii\s0425.nii.gz,1.5,1.5,1.5,260,260,196,390.0,390.0,294.0,-1222.0,3188.0,-432.8402404785156,484.999755859375,-1024.0,-127.0,365.0,0.004545646661031276,0.0001632502113271344,1.5234375,1.5234375,18.0
train(totalseg),s0433,F:\Totalsegmentator_dataset_v201\nii\s0433.nii.gz,1.5,1.5,1.5,233,233,175,349.5,349.5,262.5,-1034.0,1969.0,-461.1224365234375,506.1900329589844,-1020.0,-672.0,552.0,0.0020898735076561154,0.0015793780902734836,1.365234375,1.365234375,18.0
train(totalseg),s0430,F:\Totalsegmentator_dataset_v201\nii\s0430.nii.gz,1.5,1.5,1.5,250,250,217,375.0,375.0,325.5,-1040.0,2581.0,-463.9989318847656,483.3352355957031,-1021.0,-516.0,373.0,0.0006348387096774194,0.00025806451612903227,1.46484375,1.46484375,18.0
train(totalseg),s0431,F:\Totalsegmentator_dataset_v201\nii\s0431.nii.gz,1.5,1.5,1.5,250,250,235,375.0,375.0,352.5,-1064.0,3445.0,-520.7147216796875,495.39984130859375,-1024.0,-846.0,413.0,0.0010370720579888863,0.00042975307445022653,1.46484375,1.46484375,18.0
train(totalseg),s0429,F:\Totalsegmentator_dataset_v201\nii\s0429.nii.gz,1.5,1.5,1.5,254,254,433,381.0,381.0,649.5,-1325.0,3297.0,-686.3687133789062,477.56689453125,-1024.0,-997.0,337.0,0.007437651223721903,0.0007973386629567783,1.48828125,1.48828125,18.0
train(totalseg),s0437,F:\Totalsegmentator_dataset_v201\nii\s0437.nii.gz,1.5,1.5,1.5,294,180,294,441.0,270.0,441.0,-1090.0,3093.0,-688.5728149414062,464.741943359375,-1024.0,-981.0,374.0,0.000572292409027103,0.0009723314873946556,1.0546875,1.72265625,18.0
train(totalseg),s0438,F:\Totalsegmentator_dataset_v201\nii\s0438.nii.gz,1.5,1.5,1.5,255,255,202,382.5,382.5,303.0,-1182.0,3375.0,-550.068603515625,498.8171081542969,-1024.0,-864.0,594.0,0.0036185619973183205,0.0031330671549682485,1.494140625,1.494140625,18.0
train(totalseg),s0423,F:\Totalsegmentator_dataset_v201\nii\s0423.nii.gz,1.5,1.5,1.5,272,272,441,408.0,408.0,661.5,-1059.0,3363.0,-585.041748046875,490.7757873535156,-1024.0,-923.0,359.0,0.0047586743030545555,0.0007898992930505536,1.59375,1.59375,18.0
train(totalseg),s0443,F:\Totalsegmentator_dataset_v201\nii\s0443.nii.gz,1.5,1.5,1.5,263,263,92,394.5,394.5,138.0,-1473.0,3525.0,-589.214599609375,508.7086486816406,-1032.0,-937.0,462.0,0.02451022605628181,0.0032057587999650508,1.541015625,1.541015625,18.0
train(totalseg),s0444,F:\Totalsegmentator_dataset_v201\nii\s0444.nii.gz,1.5,1.5,1.5,194,194,178,291.0,291.0,267.0,-1336.0,3528.0,-404.43328857421875,491.8128967285156,-1025.0,-165.0,571.0,0.01161808978016506,0.0026056811491746486,1.13671875,1.13671875,18.0
train(totalseg),s0428,F:\Totalsegmentator_dataset_v201\nii\s0428.nii.gz,1.5,1.5,1.5,307,307,317,460.5,460.5,475.5,-1218.0,1553.0,-484.6488342285156,489.22564697265625,-1024.0,-134.0,327.0,0.0069987087031001165,0.0006079939913525281,1.798828125,1.798828125,18.0
train(totalseg),s0436,F:\Totalsegmentator_dataset_v201\nii\s0436.nii.gz,1.0,1.0,1.0,238,158,421,238.0,158.0,421.0,-1255.990966796875,2328.983154296875,-379.8848571777344,473.38153076171875,-1013.9728393554688,-97.98155212402344,340.98114013671875,0.006022504296555024,0.0002506429041023068,0.6171875,0.9296875,12.0
train(totalseg),s0441,F:\Totalsegmentator_dataset_v201\nii\s0441.nii.gz,1.5,1.5,1.5,242,242,303,363.0,363.0,454.5,-3615.0,3140.0,-970.5520629882812,1165.4879150390625,-3024.0,-893.0,401.0,0.22469752568273862,0.000900766107660823,1.41796875,1.41796875,18.0
train(totalseg),s0439,F:\Totalsegmentator_dataset_v201\nii\s0439.nii.gz,1.5,1.5,1.5,307,221,334,460.5,331.5,501.0,-1063.0,3106.0,-587.6098022460938,477.2958068847656,-1024.0,-912.0,385.0,0.0005973282270948719,0.0012640270195704427,1.294921875,1.798828125,18.0
train(totalseg),s0442,F:\Totalsegmentator_dataset_v201\nii\s0442.nii.gz,1.5,1.5,1.5,264,264,178,396.0,396.0,267.0,-1050.0,1534.0,-480.6571350097656,483.9497985839844,-1024.0,-145.0,340.0,0.00295327461391323,0.0011098760346899739,1.546875,1.546875,18.0
train(totalseg),s0445,F:\Totalsegmentator_dataset_v201\nii\s0445.nii.gz,1.5,1.5,1.5,239,239,134,358.5,358.5,201.0,-1054.0,2236.0,-492.116943359375,477.42333984375,-1018.0,-500.0,292.0,0.0010075493035472216,0.0005429687377518481,1.400390625,1.400390625,18.0
train(totalseg),s0449,F:\Totalsegmentator_dataset_v201\nii\s0449.nii.gz,1.5,1.5,1.5,140,140,107,210.0,210.0,160.5,-1024.0,1982.0,-500.6171569824219,591.3069458007812,-1006.0,-933.0,1227.0,0.0,0.023813656303642954,0.8203125,0.8203125,18.0
train(totalseg),s0440,F:\Totalsegmentator_dataset_v201\nii\s0440.nii.gz,1.5,1.5,1.5,255,255,422,382.5,382.5,633.0,-1045.0,3048.0,-621.2460327148438,476.33197021484375,-1024.0,-950.0,328.0,0.0035989061447725557,0.0007091692006285586,1.494140625,1.494140625,18.0
train(totalseg),s0453,F:\Totalsegmentator_dataset_v201\nii\s0453.nii.gz,1.5,1.5,1.5,200,200,134,300.0,300.0,201.0,-1652.0,3666.0,-640.9588623046875,508.14801025390625,-1029.0,-960.0,747.0,0.018812123355947136,0.006572573400639291,1.171875,1.171875,18.0
train(totalseg),s0452,F:\Totalsegmentator_dataset_v201\nii\s0452.nii.gz,1.5,1.5,1.5,211,211,182,316.5,316.5,273.0,-1328.0,3411.0,-349.2572326660156,483.5517883300781,-1022.0,-102.0,503.0,0.006231777188819948,0.0016148688883198144,1.236328125,1.236328125,18.0
train(totalseg),s0450,F:\Totalsegmentator_dataset_v201\nii\s0450.nii.gz,1.5,1.5,1.5,213,213,238,319.5,319.5,357.0,-1039.0,1464.0,-294.9897766113281,460.0747375488281,-1016.0,-78.0,434.0,0.00010446551165596174,0.0006079003710192666,1.248046875,1.248046875,18.0
train(totalseg),s0460,F:\Totalsegmentator_dataset_v201\nii\s0460.nii.gz,1.5000001192092896,1.5,1.5,115,139,102,172.5000137090683,208.5,153.0,-1345.0,2052.0,-301.2902526855469,667.3150024414062,-1014.0,-72.0,1471.0,0.0044600636626248875,0.05470385839665863,0.814453125,0.673828178551048,18.0
train(totalseg),s0455,F:\Totalsegmentator_dataset_v201\nii\s0455.nii.gz,1.5,1.5,1.5,220,220,207,330.0,330.0,310.5,-1411.0,3701.0,-481.531494140625,500.3321533203125,-1038.0,-769.0,545.0,0.033218948377051145,0.0021391783447119415,1.2890625,1.2890625,18.0
train(totalseg),s0465,F:\Totalsegmentator_dataset_v201\nii\s0465.nii.gz,1.5,1.5,1.5,123,123,113,184.5,184.5,169.5,-1558.0,3503.0,-217.52642822265625,516.9105224609375,-1006.0,-37.0,735.0,0.0006188665383308269,0.000786159383286041,0.720703125,0.720703125,18.0
train(totalseg),s0459,F:\Totalsegmentator_dataset_v201\nii\s0459.nii.gz,1.5,1.5,1.5,212,212,312,318.0,318.0,468.0,-1515.0,3579.0,-570.896484375,494.2420959472656,-1014.0,-903.0,455.0,0.0009493295360151893,0.0011221942291718013,1.2421875,1.2421875,18.0
train(totalseg),s0446,F:\Totalsegmentator_dataset_v201\nii\s0446.nii.gz,1.5,1.5,1.5,239,239,427,358.5,358.5,640.5,-1200.0,3218.0,-569.1360473632812,502.3360900878906,-1019.0,-931.0,412.0,0.0014779826948639967,0.0009274034940726125,1.400390625,1.400390625,18.0
train(totalseg),s0454,F:\Totalsegmentator_dataset_v201\nii\s0454.nii.gz,1.5,1.5,1.5,311,311,221,466.5,466.5,331.5,-1432.0,3613.0,-571.9374389648438,494.0047302246094,-1024.0,-940.0,292.0,0.0036305850156416204,0.002496380993745925,1.822265625,1.822265625,18.0
train(totalseg),s0466,F:\Totalsegmentator_dataset_v201\nii\s0466.nii.gz,1.5,1.5,1.5,173,173,143,259.5,259.5,214.5,-1471.0,3428.0,-651.4165649414062,526.1369018554688,-1029.0,-962.0,1076.0,0.020285066198612662,0.010700146360338031,1.013671875,1.013671875,18.0
train(totalseg),s0458,F:\Totalsegmentator_dataset_v201\nii\s0458.nii.gz,1.5,1.5,1.5,243,243,291,364.5,364.5,436.5,-1240.0,3404.0,-418.1728210449219,490.14202880859375,-1020.0,-123.0,389.0,0.001440355406387112,0.0024653646901324133,1.423828125,1.423828125,18.0
train(totalseg),s0447,F:\Totalsegmentator_dataset_v201\nii\s0447.nii.gz,1.5,1.5,1.5,285,285,427,427.5,427.5,640.5,-1043.0,2987.0,-711.041259765625,446.389404296875,-1024.0,-992.0,303.0,0.0022835339556309354,0.00043490942154970994,1.669921875,1.669921875,18.0
train(totalseg),s0463,F:\Totalsegmentator_dataset_v201\nii\s0463.nii.gz,1.5,1.5,1.5,221,221,216,331.5,331.5,324.0,-1500.0,3332.0,-550.8776245117188,524.75537109375,-1024.0,-853.0,567.0,0.007259383623503932,0.0015367325721331578,1.294921875,1.294921875,18.0
train(totalseg),s0457,F:\Totalsegmentator_dataset_v201\nii\s0457.nii.gz,1.0,1.0,1.0,236,187,290,236.0,187.0,290.0,-1220.0,3092.000244140625,-434.23114013671875,480.0379943847656,-1009.0302124023438,-208.97764587402344,455.98199462890625,0.002599098847798478,0.0012754836938270308,0.73046875,0.921875,12.0
train(totalseg),s0456,F:\Totalsegmentator_dataset_v201\nii\s0456.nii.gz,1.5,1.5,1.5,265,265,390,397.5,397.5,585.0,-1481.0,3219.0,-623.6381225585938,474.9264221191406,-1024.0,-945.0,327.0,0.0028850852746147254,0.001091363759975627,1.552734375,1.552734375,18.0
train(totalseg),s0462,F:\Totalsegmentator_dataset_v201\nii\s0462.nii.gz,1.0,1.0,1.0,194,193,336,194.0,193.0,336.0,-1326.9813232421875,3515.98779296875,-489.9897155761719,506.7539367675781,-1024.0240478515625,-772.0343627929688,586.0267333984375,0.015117826683047559,0.0026157123016932854,0.75390625,0.7578125,12.0
train(totalseg),s0474,F:\Totalsegmentator_dataset_v201\nii\s0474.nii.gz,1.5,1.5,1.5,137,137,73,205.5,205.5,109.5,-1042.0,3097.0,-386.4875183105469,682.2470092773438,-1024.0,-612.0,1811.0,0.0024574184917274698,0.047599619600083784,0.802734375,0.802734375,18.0
train(totalseg),s0471,F:\Totalsegmentator_dataset_v201\nii\s0471.nii.gz,1.5,1.5,1.5,227,227,142,340.5,340.5,213.0,-1052.0,3384.0,-422.24163818359375,472.4918212890625,-1019.0,-120.0,298.0,0.001984933963089303,0.00021702527770488936,1.330078125,1.330078125,18.0
train(totalseg),s0469,F:\Totalsegmentator_dataset_v201\nii\s0469.nii.gz,1.5,1.5,1.5,210,210,236,315.0,315.0,354.0,-1256.0,3642.0,-574.8162841796875,490.4355163574219,-1013.0,-887.0,520.0,0.00027441485068603713,0.0013034705407586763,1.23046875,1.23046875,18.0
train(totalseg),s0461,F:\Totalsegmentator_dataset_v201\nii\s0461.nii.gz,1.5,1.5,1.5,269,269,447,403.5,403.5,670.5,-1054.0,2341.0,-640.977783203125,488.62744140625,-1024.0,-957.0,459.0,0.003624382380750409,0.00193938094329597,1.576171875,1.576171875,18.0
train(totalseg),s0470,F:\Totalsegmentator_dataset_v201\nii\s0470.nii.gz,1.5,1.5,1.5,233,233,228,349.5,349.5,342.0,-1249.0,3315.0,-500.3060607910156,514.9283447265625,-1030.0,-835.0,629.0,0.0225712009075532,0.0035305674299923487,1.365234375,1.365234375,18.0
train(totalseg),s0475,F:\Totalsegmentator_dataset_v201\nii\s0475.nii.gz,1.5,1.5,1.5,277,277,225,415.5,415.5,337.5,-1446.0,3665.0,-723.927001953125,484.6351013183594,-1024.0,-1022.0,355.0,0.0060488211758266104,0.00236989925582244,1.623046875,1.623046875,18.0
train(totalseg),s0478,F:\Totalsegmentator_dataset_v201\nii\s0478.nii.gz,1.5,1.5,1.5,181,181,237,271.5,271.5,355.5,-1037.0,3094.0,-684.8133544921875,492.2537536621094,-1013.0,-987.0,843.0,3.863808478741326e-05,0.006623598081490297,1.060546875,1.060546875,18.0
train(totalseg),s0473,F:\Totalsegmentator_dataset_v201\nii\s0473.nii.gz,1.5,1.5,1.5,243,243,289,364.5,364.5,433.5,-1056.0,1628.0,-531.28271484375,489.96826171875,-1020.0,-891.0,334.0,0.001186628124985167,0.0007562776583238799,1.423828125,1.423828125,18.0
train(totalseg),s0481,F:\Totalsegmentator_dataset_v201\nii\s0481.nii.gz,1.5,1.5,1.5,207,207,185,310.5,310.5,277.5,-1158.0,3202.0,-424.28955078125,495.5530090332031,-1028.0,-271.0,716.0,0.015017406183471619,0.004009553090751839,1.212890625,1.212890625,18.0
train(totalseg),s0486,F:\Totalsegmentator_dataset_v201\nii\s0486.nii.gz,1.5,1.5,1.5,249,249,130,373.5,373.5,195.0,-3607.0,2166.0,-872.3919067382812,1206.199462890625,-3024.0,-297.0,538.0,0.2426623391930403,0.0028181927586775897,1.458984375,1.458984375,18.0
train(totalseg),s0477,F:\Totalsegmentator_dataset_v201\nii\s0477.nii.gz,1.5,1.5,1.5,243,243,404,364.5,364.5,606.0,-1422.0,3585.0,-631.4246215820312,476.9100646972656,-1020.0,-929.0,327.0,0.001997501990711188,0.0008350172008513151,1.423828125,1.423828125,18.0
train(totalseg),s0482,F:\Totalsegmentator_dataset_v201\nii\s0482.nii.gz,1.5,1.5,1.5,241,241,265,361.5,361.5,397.5,-1072.0,3466.0,-667.5286254882812,450.0065002441406,-1023.0,-955.0,346.0,0.001817110150348193,0.0020951862174066263,1.412109375,1.412109375,18.0
train(totalseg),s0472,F:\Totalsegmentator_dataset_v201\nii\s0472.nii.gz,1.5,1.5,1.5,296,296,393,444.0,444.0,589.5,-1249.0,3134.0,-639.455322265625,465.7823791503906,-1024.0,-955.0,307.0,0.004532266917588019,0.0007877884942105126,1.734375,1.734375,18.0
train(totalseg),s0480,F:\Totalsegmentator_dataset_v201\nii\s0480.nii.gz,1.5,1.5,1.5,233,233,328,349.5,349.5,492.0,-1085.0,3309.0,-367.4822692871094,483.2738037109375,-1024.0,-95.0,409.0,0.003445987506905369,0.002062133914369889,1.365234375,1.365234375,18.0
train(totalseg),s0484,F:\Totalsegmentator_dataset_v201\nii\s0484.nii.gz,1.5,1.5,1.5,241,241,421,361.5,361.5,631.5,-1290.0,2284.0,-604.4546508789062,501.7929992675781,-1024.0,-967.0,324.0,0.0062926284908909474,0.0004354226710070704,1.412109375,1.412109375,18.0
train(totalseg),s0476,F:\Totalsegmentator_dataset_v201\nii\s0476.nii.gz,1.5,1.5,1.5,283,283,463,424.5,424.5,694.5,-1249.0,2003.0,-517.49853515625,485.090087890625,-1024.0,-840.0,325.0,0.0023892689390426426,0.0005953957767890952,1.658203125,1.658203125,18.0
train(totalseg),s0468,F:\Totalsegmentator_dataset_v201\nii\s0468.nii.gz,1.5,1.5,1.5,233,233,838,349.5,349.5,1257.0,-1075.0,1750.0,-633.8661499023438,491.7757568359375,-1012.0,-965.0,449.0,0.0003857416147963001,0.0035672252083914727,1.365234375,1.365234375,18.0
train(totalseg),s0487,F:\Totalsegmentator_dataset_v201\nii\s0487.nii.gz,1.5,1.5,1.5,214,214,203,321.0,321.0,304.5,-3738.0,3625.0,-1001.5274047851562,1139.6455078125,-3024.0,-902.0,667.0,0.24512106051788882,0.00458447667370509,1.25390625,1.25390625,18.0
train(totalseg),s0467,F:\Totalsegmentator_dataset_v201\nii\s0467.nii.gz,1.5,1.5,1.5,320,320,495,480.0,480.0,742.5,-1222.0,3406.0,-613.66552734375,483.6329040527344,-1024.0,-953.0,433.0,0.003596747743953827,0.001683474913812958,1.875,1.875,18.0
train(totalseg),s0483,F:\Totalsegmentator_dataset_v201\nii\s0483.nii.gz,1.5,1.5,1.5,266,266,444,399.0,399.0,666.0,-1241.0,3216.0,-662.4066162109375,484.3351745605469,-1024.0,-1001.0,306.0,0.005801437142948817,0.0003249334472128299,1.55859375,1.55859375,18.0
train(totalseg),s0485,F:\Totalsegmentator_dataset_v201\nii\s0485.nii.gz,1.5,1.5,1.5,307,307,221,460.5,460.5,331.5,-1217.0,1766.0,-656.9791259765625,469.96099853515625,-1024.0,-966.0,272.0,0.002973252870667725,0.00011882449305510446,1.798828125,1.798828125,18.0
train(totalseg),s0493,F:\Totalsegmentator_dataset_v201\nii\s0493.nii.gz,1.0,1.0,1.0,137,145,134,137.0,145.0,134.0,-1487.0,3313.009033203125,-524.2079467773438,566.2176513671875,-1024.013671875,-953.0263671875,1112.0303955078125,0.018443899305385984,0.01168183747760067,0.56640625,0.53515625,12.0
train(totalseg),s0491,F:\Totalsegmentator_dataset_v201\nii\s0491.nii.gz,1.4999998807907104,1.5,1.5,173,170,173,259.4999793767929,255.0,259.5,-1318.0,3493.0,-378.90435791015625,524.2048950195312,-1024.0,-127.0,846.2399999999907,0.002415716722573478,0.006931697776561828,0.99609375,1.0136717944405973,18.0
train(totalseg),s0492,F:\Totalsegmentator_dataset_v201\nii\s0492.nii.gz,1.5,1.5,1.5,333,333,76,499.5,499.5,114.0,-1240.0,1335.0,-619.4624633789062,484.96380615234375,-1024.0,-995.0,278.0,0.005638046102284586,0.00034114242963418257,1.951171875,1.951171875,18.0
train(totalseg),s0501,F:\Totalsegmentator_dataset_v201\nii\s0501.nii.gz,1.5,1.5,1.5,77,125,143,115.5,187.5,214.5,-1366.0,3166.0,-251.79884338378906,490.82647705078125,-1024.0,-78.0,982.0,0.00498410680228862,0.009194441921714648,0.732421875,0.451171875,18.0
train(totalseg),s0488,F:\Totalsegmentator_dataset_v201\nii\s0488.nii.gz,1.5,1.5,1.5,221,221,215,331.5,331.5,322.5,-1332.0,3130.0,-539.3948974609375,516.873779296875,-1024.0,-813.0,545.0,0.004709919686241526,0.0012021922867708566,1.294921875,1.294921875,18.0
train(totalseg),s0490,F:\Totalsegmentator_dataset_v201\nii\s0490.nii.gz,1.5,1.5,1.5,237,237,193,355.5,355.5,289.5,-1046.0,2556.0,-521.0699462890625,474.7062683105469,-1017.0,-822.0,283.0,0.0006176768487411237,0.00020865965230770935,1.388671875,1.388671875,18.0
train(totalseg),s0497,F:\Totalsegmentator_dataset_v201\nii\s0497.nii.gz,1.5,1.5,1.5,188,188,244,282.0,282.0,366.0,-1519.0,3664.0,-593.1889038085938,546.4843139648438,-1039.0,-940.0,1207.0,0.04768296161615224,0.013361062345053422,1.1015625,1.1015625,18.0
train(totalseg),s0498,F:\Totalsegmentator_dataset_v201\nii\s0498.nii.gz,1.5,1.5,1.5,237,237,225,355.5,355.5,337.5,-1121.0,3265.0,-479.6054992675781,494.69293212890625,-1023.0,-692.0,410.0,0.0067573817472041334,0.001589092478092513,1.388671875,1.388671875,18.0
train(totalseg),s0504,F:\Totalsegmentator_dataset_v201\nii\s0504.nii.gz,1.0,1.0,1.0,81,124,189,81.0,124.0,189.0,-1333.9998779296875,3541.0,-218.3833465576172,546.117919921875,-1008.9998779296875,-56.98573303222656,1451.9693603515625,0.003221802903204735,0.025888735068344784,0.484375,0.31640625,12.0
train(totalseg),s0503,F:\Totalsegmentator_dataset_v201\nii\s0503.nii.gz,1.5,1.5,1.5,174,174,233,261.0,261.0,349.5,-1503.0,3333.0,-547.1121215820312,552.5137939453125,-1034.0,-924.0,1265.2399999999907,0.03735532953763856,0.013834950217654234,1.01953125,1.01953125,18.0
train(totalseg),s0506,F:\Totalsegmentator_dataset_v201\nii\s0506.nii.gz,1.5,1.5,1.5,231,231,177,346.5,346.5,265.5,-1372.0,3397.0,-546.5574951171875,528.2938232421875,-1024.0,-952.0,477.0,0.004706243581191966,0.0007406113352179483,1.353515625,1.353515625,18.0
train(totalseg),s0494,F:\Totalsegmentator_dataset_v201\nii\s0494.nii.gz,1.5,1.5,1.5,233,233,435,349.5,349.5,652.5,-3657.0,3114.0,-1036.2144775390625,1133.52734375,-3024.0,-907.0,467.0,0.22246194950449116,0.002213948638627382,1.365234375,1.365234375,18.0
train(totalseg),s0495,F:\Totalsegmentator_dataset_v201\nii\s0495.nii.gz,1.5,1.5,1.5,247,247,332,370.5,370.5,498.0,-3632.0,1471.0,-838.942626953125,1200.8009033203125,-3024.0,-121.0,351.0,0.22166243157921606,0.0010568258404236427,1.447265625,1.447265625,18.0
train(totalseg),s0499,F:\Totalsegmentator_dataset_v201\nii\s0499.nii.gz,1.5,1.5,1.5,233,233,371,349.5,349.5,556.5,-1043.0,3110.0,-532.486083984375,487.6289978027344,-1019.0,-861.0,350.0,0.0021621828270581424,0.0006269729440421186,1.365234375,1.365234375,18.0
train(totalseg),s0502,F:\Totalsegmentator_dataset_v201\nii\s0502.nii.gz,1.5,1.5,1.5,215,215,402,322.5,322.5,603.0,-1071.0,2487.0,-467.6981506347656,500.3893127441406,-1013.0,-648.0,394.0,0.0004132931879273185,0.00032611415609889977,1.259765625,1.259765625,18.0
train(totalseg),s0508,F:\Totalsegmentator_dataset_v201\nii\s0508.nii.gz,1.5,1.5,1.5,221,221,219,331.5,331.5,328.5,-1563.0,3320.0,-511.9519958496094,540.7262573242188,-1024.0,-845.0,653.0,0.006687058989833942,0.0021949888287241186,1.294921875,1.294921875,18.0
train(totalseg),s0510,F:\Totalsegmentator_dataset_v201\nii\s0510.nii.gz,1.5,1.5,1.5,209,209,197,313.5,313.5,295.5,-1151.0,3169.0,-405.0367126464844,475.7349853515625,-1028.0,-154.0,416.0,0.016318697153800743,0.0008291536705883446,1.224609375,1.224609375,18.0
train(totalseg),s0514,F:\Totalsegmentator_dataset_v201\nii\s0514.nii.gz,1.0,1.0,1.0,121,140,108,121.0,140.0,108.0,-1235.0,2379.0,-309.7104797363281,660.3152465820312,-1024.010986328125,-90.00141143798828,1414.990966796875,0.02067099567099567,0.056910555774192136,0.546875,0.47265625,12.0
train(totalseg),s0500,F:\Totalsegmentator_dataset_v201\nii\s0500.nii.gz,1.5,1.5,1.5,307,307,354,460.5,460.5,531.0,-1167.0,1515.0,-514.8573608398438,492.0223388671875,-1024.0,-788.0,418.0,0.005247129186480974,0.0006231539129021394,1.798828125,1.798828125,18.0
train(totalseg),s0509,F:\Totalsegmentator_dataset_v201\nii\s0509.nii.gz,1.5,1.5,1.5,227,227,315,340.5,340.5,472.5,-1147.0,2153.0,-459.8116149902344,521.4503784179688,-1037.0,-525.0,560.0,0.035001095083766975,0.003350124617760318,1.330078125,1.330078125,18.0
train(totalseg),s0515,F:\Totalsegmentator_dataset_v201\nii\s0515.nii.gz,1.5,1.5,1.5,205,205,176,307.5,307.5,264.0,-1234.0,3353.0,-306.6256103515625,447.86370849609375,-1023.0,-73.0,388.0,0.008274295603266453,0.0006495051646747066,1.201171875,1.201171875,18.0
train(totalseg),s0520,F:\Totalsegmentator_dataset_v201\nii\s0520.nii.gz,1.5,1.5,1.5,256,256,31,384.0,384.0,46.5,-1076.0,2348.0,-435.0704345703125,479.24017333984375,-1026.0,-130.0,293.0,0.014929986769153226,0.0002205141129032258,1.5,1.5,18.0
train(totalseg),s0505,F:\Totalsegmentator_dataset_v201\nii\s0505.nii.gz,1.5,1.5,1.5,366,252,366,549.0,378.0,549.0,-1124.0,2884.0,-422.2800598144531,482.40826416015625,-1024.0,-108.0,366.0,0.001314900883869223,0.0007241775070869179,1.4765625,2.14453125,18.0
train(totalseg),s0521,F:\Totalsegmentator_dataset_v201\nii\s0521.nii.gz,1.5,1.5,1.5,53,120,133,79.5,180.0,199.5,-1277.0,3487.0,-135.63943481445312,429.3888854980469,-1007.0,0.0,835.0,0.0016207972762093915,0.0059370123421761956,0.703125,0.310546875,18.0
train(totalseg),s0507,F:\Totalsegmentator_dataset_v201\nii\s0507.nii.gz,1.5,1.5,1.5,252,252,441,378.0,378.0,661.5,-1047.0,1871.0,-521.1272583007812,506.5918884277344,-1024.0,-876.0,485.0,0.00253612980699704,0.002048185930719468,1.4765625,1.4765625,18.0
train(totalseg),s0518,F:\Totalsegmentator_dataset_v201\nii\s0518.nii.gz,1.5,1.5,1.5,145,145,236,217.5,217.5,354.0,-1425.0,3634.0,-443.29754638671875,558.5178833007812,-1013.0,-659.0,1228.0,0.0007920351494316392,0.014169569284030455,0.849609375,0.849609375,18.0
train(totalseg),s0526,F:\Totalsegmentator_dataset_v201\nii\s0526.nii.gz,1.0,1.0,1.0,93,129,197,93.0,129.0,197.0,-1356.0,3289.0,-105.60834503173828,401.44232177734375,-991.9697265625,-5.983710765838623,1078.02685546875,0.0021189721631033128,0.011421632302478198,0.50390625,0.36328125,12.0
train(totalseg),s0517,F:\Totalsegmentator_dataset_v201\nii\s0517.nii.gz,1.5,1.5,1.5,270,270,213,405.0,405.0,319.5,-1167.0,3344.0,-602.6152954101562,472.9195861816406,-1024.0,-905.0,322.0,0.002365835927835822,0.0003364309366020888,1.58203125,1.58203125,18.0
train(totalseg),s0525,F:\Totalsegmentator_dataset_v201\nii\s0525.nii.gz,1.5,1.5,1.5,297,297,56,445.5,445.5,84.0,-1079.0,1563.0,-680.0760498046875,456.9942932128906,-1024.0,-995.0,317.0,0.002575053080103585,0.00036317965610894906,1.740234375,1.740234375,18.0
train(totalseg),s0527,F:\Totalsegmentator_dataset_v201\nii\s0527.nii.gz,1.0,1.0,1.0,98,152,209,98.0,152.0,209.0,-1081.9794921875,3085.0,-355.8694763183594,543.6079711914062,-1012.0076904296875,-63.01911163330078,1040.994873046875,0.00018051793872925648,0.010468113208516849,0.59375,0.3828125,12.0
train(totalseg),s0528,F:\Totalsegmentator_dataset_v201\nii\s0528.nii.gz,1.5,1.5,1.5,183,183,147,274.5,274.5,220.5,-1204.0,3260.0,-373.01824951171875,487.1504211425781,-1024.0,-118.0,527.0,0.0040585973706870546,0.0008281732472618179,1.072265625,1.072265625,18.0
train(totalseg),s0522,F:\Totalsegmentator_dataset_v201\nii\s0522.nii.gz,1.5,1.5,1.5,249,249,199,373.5,373.5,298.5,-1053.0,1789.0,-531.8395385742188,483.163818359375,-1024.0,-847.0,411.0,0.0031561329853625327,0.0007766935209349824,1.458984375,1.458984375,18.0
train(totalseg),s0523,F:\Totalsegmentator_dataset_v201\nii\s0523.nii.gz,1.5,1.5,1.5,242,242,160,363.0,363.0,240.0,-1068.0,1763.0,-540.27783203125,476.67486572265625,-1013.0,-877.0,222.0,0.0007150297110853084,0.0002369202923297589,1.41796875,1.41796875,18.0
train(totalseg),s0532,F:\Totalsegmentator_dataset_v201\nii\s0532.nii.gz,1.5,1.5,1.5,115,115,99,172.5,172.5,148.5,-1040.0,2158.0,-247.9467315673828,396.62225341796875,-1005.0,-41.0,189.0,0.00034522922991732065,0.00010081915563957151,0.673828125,0.673828125,18.0
train(totalseg),s0513,F:\Totalsegmentator_dataset_v201\nii\s0513.nii.gz,1.5,1.5,1.5,307,307,342,460.5,460.5,513.0,-1341.0,3507.0,-630.1644897460938,487.2951354980469,-1024.0,-953.0,233.0,0.0026755355422191916,0.0011740079079400592,1.798828125,1.798828125,18.0
train(totalseg),s0516,F:\Totalsegmentator_dataset_v201\nii\s0516.nii.gz,1.5,1.5,1.5,253,253,413,379.5,379.5,619.5,-1034.0,1521.0,-565.39208984375,487.55926513671875,-1023.0,-915.0,385.0,0.0004951632873758252,0.00041466615402702795,1.482421875,1.482421875,18.0
train(totalseg),s0511,F:\Totalsegmentator_dataset_v201\nii\s0511.nii.gz,1.5,1.5,1.5,284,284,465,426.0,426.0,697.5,-1447.0,3275.0,-670.61767578125,464.0394287109375,-1024.0,-951.0,434.0,0.0029615745079662604,0.0028845715443653586,1.6640625,1.6640625,18.0
train(totalseg),s0530,F:\Totalsegmentator_dataset_v201\nii\s0530.nii.gz,1.5000001192092896,1.4999998807907104,1.5000001192092896,236,135,166,354.00002813339233,202.4999839067459,249.00001978874207,-1227.0,3065.0,-211.8697967529297,436.9137268066406,-1010.0,-89.0,789.0,0.0011327797063962063,0.004717741020579493,0.7910155621357262,1.3828126098960638,18.000001430511475
train(totalseg),s0539,F:\Totalsegmentator_dataset_v201\nii\s0539.nii.gz,1.5,1.5,1.5,114,134,80,171.0,201.0,120.0,-1466.0,3565.0,-327.68603515625,624.0108642578125,-1020.0,-22.0,1221.0,0.005280341712490181,0.019220509295627127,0.78515625,0.66796875,18.0
train(totalseg),s0535,F:\Totalsegmentator_dataset_v201\nii\s0535.nii.gz,1.5,1.5,1.5,133,133,211,199.5,199.5,316.5,-1115.0,3353.0,-339.91400146484375,560.3370361328125,-1010.0,-96.0,1405.0,0.0001264608641135147,0.01899592217298346,0.779296875,0.779296875,18.0
train(totalseg),s0531,F:\Totalsegmentator_dataset_v201\nii\s0531.nii.gz,1.5,1.5,1.5,221,221,193,331.5,331.5,289.5,-1323.0,3305.0,-439.9241943359375,512.2819213867188,-1024.0,-152.0,517.0,0.006548158002358292,0.0019355389672422363,1.294921875,1.294921875,18.0
train(totalseg),s0519,F:\Totalsegmentator_dataset_v201\nii\s0519.nii.gz,1.5,1.5,1.5,283,283,433,424.5,424.5,649.5,-1151.0,3191.0,-586.1136474609375,477.72314453125,-1024.0,-931.0,294.0,0.0015410679824310984,0.0004437902071332398,1.658203125,1.658203125,18.0
train(totalseg),s0529,F:\Totalsegmentator_dataset_v201\nii\s0529.nii.gz,1.5,1.5,1.5,247,247,304,370.5,370.5,456.0,-1037.0,1634.0,-613.4264526367188,492.39923095703125,-1023.0,-931.0,490.0,0.0001391080049647539,0.0017997772115207309,1.447265625,1.447265625,18.0
train(totalseg),s0537,F:\Totalsegmentator_dataset_v201\nii\s0537.nii.gz,1.5,1.5,1.5,198,198,166,297.0,297.0,249.0,-1454.0,3652.0,-603.8413696289062,519.0333251953125,-1024.0,-962.0,763.0,0.009140326226854156,0.006886437700603454,1.16015625,1.16015625,18.0
train(totalseg),s0544,F:\Totalsegmentator_dataset_v201\nii\s0544.nii.gz,1.5,1.5,1.5,216,216,87,324.0,324.0,130.5,-1147.0,1854.0,-446.16253662109375,493.9012451171875,-1031.0,-289.0,409.0,0.020829637907383756,0.0015727732841398232,1.265625,1.265625,18.0
train(totalseg),s0552,F:\Totalsegmentator_dataset_v201\nii\s0552.nii.gz,1.0,1.0,1.0,118,142,151,118.0,142.0,151.0,-1425.0,3663.990234375,-467.7143249511719,532.4066162109375,-1023.9979248046875,-669.9852905273438,813.0155639648438,0.007090471891851728,0.006205150986737577,0.5546875,0.4609375,12.0
train(totalseg),s0545,F:\Totalsegmentator_dataset_v201\nii\s0545.nii.gz,1.5,1.5,1.5,257,257,240,385.5,385.5,360.0,-1373.0,2925.0,-441.7634582519531,490.6000671386719,-1034.0,-152.0,435.0,0.03910379667620504,0.002248835460541921,1.505859375,1.505859375,18.0
train(totalseg),s0542,F:\Totalsegmentator_dataset_v201\nii\s0542.nii.gz,1.5,1.5,1.5,232,311,311,348.0,466.5,466.5,-1125.0,1639.0,-516.4546508789062,490.2538146972656,-1024.0,-884.0,334.0,0.0009567151887226328,0.0005534936949848658,1.822265625,1.359375,18.0
train(totalseg),s0551,F:\Totalsegmentator_dataset_v201\nii\s0551.nii.gz,1.5,1.5,1.5,233,233,352,349.5,349.5,528.0,-1222.0,3242.0,-507.49432373046875,501.485595703125,-1039.0,-833.0,449.0,0.04542031729386025,0.0012271235648018053,1.365234375,1.365234375,18.0
train(totalseg),s0548,F:\Totalsegmentator_dataset_v201\nii\s0548.nii.gz,1.5,1.5,1.5,337,171,337,505.5,256.5,505.5,-1158.0,3275.0,-362.35198974609375,478.265380859375,-1024.0,-97.0,355.0,0.0011112083747418938,0.000634387728304918,1.001953125,1.974609375,18.0
train(totalseg),s0541,F:\Totalsegmentator_dataset_v201\nii\s0541.nii.gz,1.5,1.5,1.5,319,319,320,478.5,478.5,480.0,-1186.0,1335.0,-621.4797973632812,474.13299560546875,-1024.0,-956.0,245.0,0.0028530380025706056,0.00013312437157465772,1.869140625,1.869140625,18.0
train(totalseg),s0555,F:\Totalsegmentator_dataset_v201\nii\s0555.nii.gz,1.5,1.5,1.5,273,273,144,409.5,409.5,216.0,-1069.0,3259.0,-444.2252197265625,468.6111755371094,-1024.0,-122.0,211.0,0.002004812444372884,4.416625295746175e-05,1.599609375,1.599609375,18.0
train(totalseg),s0536,F:\Totalsegmentator_dataset_v201\nii\s0536.nii.gz,1.5,1.5,1.5,269,269,426,403.5,403.5,639.0,-1242.0,2642.0,-462.8154602050781,473.50860595703125,-1024.0,-132.0,315.0,0.0015841279925589585,0.0005802932816778884,1.576171875,1.576171875,18.0
train(totalseg),s0563,F:\Totalsegmentator_dataset_v201\nii\s0563.nii.gz,1.0,1.0,1.0,51,74,154,51.0,74.0,154.0,-1266.9998779296875,3226.0,-39.09977722167969,355.5167236328125,-1021.9707641601562,31.98337173461914,801.0072021484375,0.007608448784919373,0.005137681608269843,0.2890625,0.19921875,12.0
train(totalseg),s0553,F:\Totalsegmentator_dataset_v201\nii\s0553.nii.gz,1.5,1.5,1.5,233,233,414,349.5,349.5,621.0,-1036.0,3137.0,-582.461669921875,486.5789489746094,-1018.0,-939.0,368.0,0.0013705497842732214,0.0006380237601116088,1.365234375,1.365234375,18.0
train(totalseg),s0546,F:\Totalsegmentator_dataset_v201\nii\s0546.nii.gz,1.5,1.5,1.5,304,304,458,456.0,456.0,687.0,-1182.0,3226.0,-678.1253662109375,468.58270263671875,-1024.0,-984.0,386.0,0.0057881403416125505,0.000988079632669312,1.78125,1.78125,18.0
train(totalseg),s0543,F:\Totalsegmentator_dataset_v201\nii\s0543.nii.gz,1.5,1.5,1.5,301,301,463,451.5,451.5,694.5,-1137.0,1586.0,-518.8449096679688,485.4242858886719,-1024.0,-760.0,265.0,0.002264288471252347,0.0007529272298836017,1.763671875,1.763671875,18.0
train(totalseg),s0559,F:\Totalsegmentator_dataset_v201\nii\s0559.nii.gz,1.0,1.0,1.0,188,140,147,188.0,140.0,147.0,-1218.015380859375,3353.989501953125,-562.264404296875,546.5872802734375,-1024.0340576171875,-975.0297241210938,988.0215454101562,0.011045634059094762,0.009409569298844157,0.546875,0.734375,12.0
train(totalseg),s0557,F:\Totalsegmentator_dataset_v201\nii\s0557.nii.gz,1.0,1.0,1.0,218,210,191,218.0,210.0,191.0,-1359.970458984375,3137.033203125,-373.507080078125,488.78057861328125,-1023.9926147460938,-101.02619171142578,507.0130920410156,0.002350760180146798,0.0011665168493066086,0.8203125,0.8515625,12.0
train(totalseg),s0560,F:\Totalsegmentator_dataset_v201\nii\s0560.nii.gz,1.5,1.5,1.5,207,207,150,310.5,310.5,225.0,-1075.0,1490.0,-511.63763427734375,494.4994812011719,-1019.0,-876.0,299.0,0.0019802867495043058,0.00043377117046024553,1.212890625,1.212890625,18.0
train(totalseg),s0564,F:\Totalsegmentator_dataset_v201\nii\s0564.nii.gz,1.5,1.5,1.5,215,215,152,322.5,322.5,228.0,-1035.0,1469.0,-372.0210266113281,463.8471984863281,-1018.0,-109.0,387.0,0.000469101363468162,0.0006250889527767498,1.259765625,1.259765625,18.0
train(totalseg),s0550,F:\Totalsegmentator_dataset_v201\nii\s0550.nii.gz,1.5,1.5,1.5,294,294,462,441.0,441.0,693.0,-1188.0,3262.0,-632.8430786132812,479.9391174316406,-1024.0,-956.0,331.0,0.005552739758958908,0.0007307159112763639,1.72265625,1.72265625,18.0
train(totalseg),s0549,F:\Totalsegmentator_dataset_v201\nii\s0549.nii.gz,1.5,1.5,1.5,305,305,461,457.5,457.5,691.5,-1200.0,2343.0,-642.4530639648438,477.5731201171875,-1024.0,-969.0,360.0,0.006524403413127912,0.000829016819909947,1.787109375,1.787109375,18.0
train(totalseg),s0567,F:\Totalsegmentator_dataset_v201\nii\s0567.nii.gz,1.5,1.5,1.5,161,161,112,241.5,241.5,168.0,-1031.0,1982.0,-536.3092651367188,616.072509765625,-1018.0,-969.0,1411.0,0.00023147255121330195,0.02979244627907874,0.943359375,0.943359375,18.0
train(totalseg),s0575,F:\Totalsegmentator_dataset_v201\nii\s0575.nii.gz,1.5,1.5,1.5,143,143,103,214.5,214.5,154.5,-1026.0,1943.0,-542.9413452148438,578.7986450195312,-1007.0,-955.0,1184.0,1.8991115955955804e-06,0.020611058146998835,0.837890625,0.837890625,18.0
train(totalseg),s0568,F:\Totalsegmentator_dataset_v201\nii\s0568.nii.gz,1.5,1.5,1.5,157,157,141,235.5,235.5,211.5,-1405.0,3545.0,-630.9993286132812,528.3963623046875,-1033.0,-968.0,1144.0,0.044657618594105615,0.014131451211476877,0.919921875,0.919921875,18.0
train(totalseg),s0572,F:\Totalsegmentator_dataset_v201\nii\s0572.nii.gz,1.5,1.5,1.5,185,185,133,277.5,277.5,199.5,-1542.0,3636.0,-605.508056640625,537.7514038085938,-1020.0,-969.0,906.0,0.0032788311411848215,0.00790939749253448,1.083984375,1.083984375,18.0
train(totalseg),s0565,F:\Totalsegmentator_dataset_v201\nii\s0565.nii.gz,1.5,1.5,1.5,246,246,204,369.0,369.0,306.0,-1045.0,2622.0,-476.4529113769531,476.8062744140625,-1019.0,-412.0,345.0,0.0006390301710695675,0.0003572218347593856,1.44140625,1.44140625,18.0
train(totalseg),s0576,F:\Totalsegmentator_dataset_v201\nii\s0576.nii.gz,1.5,1.5,1.5,170,166,164,255.0,249.0,246.0,-1278.0,3460.0,-616.2845458984375,528.0834350585938,-1024.0,-975.0,917.0,0.008605724790528776,0.008265411027721634,0.97265625,0.99609375,18.0
train(totalseg),s0566,F:\Totalsegmentator_dataset_v201\nii\s0566.nii.gz,1.5,1.5,1.5,319,161,319,478.5,241.5,478.5,-1057.0,1679.0,-443.36932373046875,507.9238586425781,-1024.0,-113.0,402.0,0.0011766696403851479,0.0008069690484247349,0.943359375,1.869140625,18.0
train(totalseg),s0561,F:\Totalsegmentator_dataset_v201\nii\s0561.nii.gz,1.0,1.0,1.0,243,155,415,243.0,155.0,415.0,-1032.00341796875,1752.016845703125,-346.4088134765625,461.46575927734375,-1022.995849609375,-107.01346588134766,423.0167236328125,3.889712325065306e-05,0.0007513286438415618,0.60546875,0.94921875,12.0
train(totalseg),s0579,F:\Totalsegmentator_dataset_v201\nii\s0579.nii.gz,1.5,1.5,1.5,128,128,213,192.0,192.0,319.5,-1044.0,3211.0,-176.8274688720703,411.8225402832031,-979.0,-56.0,688.0,3.438600352112676e-05,0.0033801441461267607,0.75,0.75,18.0
train(totalseg),s0573,F:\Totalsegmentator_dataset_v201\nii\s0573.nii.gz,1.5,1.5,1.5,224,224,247,336.0,336.0,370.5,-1280.0,3306.0,-494.1828308105469,506.3804016113281,-1017.0,-580.0,416.0,0.0004027120083863505,0.0038311298076923075,1.3125,1.3125,18.0
train(totalseg),s0571,F:\Totalsegmentator_dataset_v201\nii\s0571.nii.gz,1.5,1.5,1.5,243,243,409,364.5,364.5,613.5,-1033.0,1627.0,-578.2772827148438,479.76690673828125,-1016.0,-925.0,325.0,0.00016632817895404875,0.0004957548634843978,1.423828125,1.423828125,18.0
train(totalseg),s0556,F:\Totalsegmentator_dataset_v201\nii\s0556.nii.gz,1.5,1.5,1.5,333,333,484,499.5,499.5,726.0,-1283.0,3098.0,-758.4174194335938,429.0084533691406,-1024.0,-994.0,319.0,0.0038464866474694484,0.002409713711925014,1.951171875,1.951171875,18.0
train(totalseg),s0580,F:\Totalsegmentator_dataset_v201\nii\s0580.nii.gz,1.5,1.5000001192092896,1.5,288,181,288,432.0,271.5000215768814,432.0,-1259.0,1427.0,-513.9961547851562,488.8879089355469,-1030.0,-666.0,301.0,0.012186348987108655,7.353693472478004e-05,1.060546959284693,1.6875,18.0
train(totalseg),s0581,F:\Totalsegmentator_dataset_v201\nii\s0581.nii.gz,1.5,1.5,1.5,233,233,198,349.5,349.5,297.0,-1187.0,3111.0,-349.80181884765625,477.8731384277344,-1035.0,-115.0,527.0,0.030626774663319818,0.002987937173499626,1.365234375,1.365234375,18.0
train(totalseg),s0582,F:\Totalsegmentator_dataset_v201\nii\s0582.nii.gz,1.5,1.5,1.5,227,227,209,340.5,340.5,313.5,-1368.0,3469.0,-536.8197631835938,499.02630615234375,-1020.0,-843.0,534.0,0.0020401943923067625,0.0027221162754808414,1.330078125,1.330078125,18.0
train(totalseg),s0578,F:\Totalsegmentator_dataset_v201\nii\s0578.nii.gz,1.5,1.5,1.5,224,224,395,336.0,336.0,592.5,-1048.0,3091.0,-553.8160400390625,498.7713623046875,-1019.0,-915.0,455.0,0.0016276882588478429,0.001924870027124774,1.3125,1.3125,18.0
train(totalseg),s0574,F:\Totalsegmentator_dataset_v201\nii\s0574.nii.gz,1.5,1.5,1.5,251,251,441,376.5,376.5,661.5,-1049.0,1794.0,-470.0201416015625,510.75970458984375,-1023.0,-666.0,522.0,0.0016170059238147835,0.0015565382669566427,1.470703125,1.470703125,18.0
train(totalseg),s0577,F:\Totalsegmentator_dataset_v201\nii\s0577.nii.gz,1.5,1.5,1.5,284,284,319,426.0,426.0,478.5,-1243.0,3115.0,-480.7900695800781,492.6988830566406,-1024.0,-254.0,364.0,0.002469210655955133,0.0008882488915836143,1.6640625,1.6640625,18.0
train(totalseg),s0586,F:\Totalsegmentator_dataset_v201\nii\s0586.nii.gz,1.5,1.5,1.5,247,247,257,370.5,370.5,385.5,-3651.0,1442.0,-922.7947998046875,1184.33984375,-3024.0,-809.0,423.0,0.2234882635216323,0.0009995331430189575,1.447265625,1.447265625,18.0
train(totalseg),s0584,F:\Totalsegmentator_dataset_v201\nii\s0584.nii.gz,1.5,1.5,1.5,256,256,228,384.0,384.0,342.0,-1056.0,1463.0,-414.3432922363281,481.16632080078125,-1024.0,-110.0,465.0,0.0014819764254385965,0.0009947659676535089,1.5,1.5,18.0
train(totalseg),s0588,F:\Totalsegmentator_dataset_v201\nii\s0588.nii.gz,1.5,1.5,1.5,184,184,117,276.0,276.0,175.5,-1724.0,3849.0,-640.9360961914062,553.8153076171875,-1028.0,-973.0,1403.0,0.02334876318808266,0.02256464786001648,1.078125,1.078125,18.0
train(totalseg),s0583,F:\Totalsegmentator_dataset_v201\nii\s0583.nii.gz,1.5,1.5,1.5,232,232,424,348.0,348.0,636.0,-1082.0,3048.0,-435.5854797363281,482.6148986816406,-1015.0,-123.0,366.0,0.0008350063256461572,0.00039699608051816667,1.359375,1.359375,18.0
train(totalseg),s0590,F:\Totalsegmentator_dataset_v201\nii\s0590.nii.gz,1.5,1.5,1.5,260,192,260,390.0,288.0,390.0,-1042.0,2374.0,-594.7559204101562,493.4071044921875,-1024.0,-991.0,298.0,0.00016934782749388947,0.00023784201249937978,1.125,1.5234375,18.0
train(totalseg),s0595,F:\Totalsegmentator_dataset_v201\nii\s0595.nii.gz,1.5,1.5,1.5,125,125,128,187.5,187.5,192.0,-1076.0,3058.0,-239.22366333007812,386.41937255859375,-987.0,-75.0,439.0,0.000233,0.0004685,0.732421875,0.732421875,18.0
train(totalseg),s0594,F:\Totalsegmentator_dataset_v201\nii\s0594.nii.gz,1.5,1.5,1.5,217,217,121,325.5,325.5,181.5,-1351.0,3439.0,-448.1524658203125,519.392333984375,-1024.0,-686.0,595.0,0.004766074312217883,0.0021413637017001913,1.271484375,1.271484375,18.0
train(totalseg),s0585,F:\Totalsegmentator_dataset_v201\nii\s0585.nii.gz,1.0,1.0,1.0,245,195,456,245.0,195.0,456.0,-1286.0087890625,3163.020751953125,-444.1361999511719,495.0257873535156,-1024.0263671875,-122.96805572509766,369.02130126953125,0.15730543587423523,0.0007932376365254878,0.76171875,0.95703125,12.0
train(totalseg),s0597,F:\Totalsegmentator_dataset_v201\nii\s0597.nii.gz,1.5,1.5,1.5,261,261,161,391.5,391.5,241.5,-1545.0,3492.0,-649.4744262695312,486.0555114746094,-1027.0,-933.0,611.0,0.021276165071223263,0.004722869894316691,1.529296875,1.529296875,18.0
train(totalseg),s0601,F:\Totalsegmentator_dataset_v201\nii\s0601.nii.gz,1.5,1.5,1.5,218,218,150,327.0,327.0,225.0,-1204.0,2030.0,-482.1421203613281,520.7026977539062,-1042.0,-835.0,548.0,0.05015402743876778,0.0028504895771960834,1.27734375,1.27734375,18.0
train(totalseg),s0589,F:\Totalsegmentator_dataset_v201\nii\s0589.nii.gz,1.5,1.5,1.5,265,265,423,397.5,397.5,634.5,-1198.0,3404.0,-621.047119140625,480.5992431640625,-1024.0,-943.0,356.0,0.003431220317671921,0.0012886643488887036,1.552734375,1.552734375,18.0
train(totalseg),s0598,F:\Totalsegmentator_dataset_v201\nii\s0598.nii.gz,1.5,1.5,1.5,279,279,234,418.5,418.5,351.0,-1152.0,3297.0,-630.6323852539062,463.20758056640625,-1024.0,-917.0,343.0,0.00142411665239256,0.00029810922985703934,1.634765625,1.634765625,18.0
train(totalseg),s0600,F:\Totalsegmentator_dataset_v201\nii\s0600.nii.gz,1.5,1.5,1.5,227,227,298,340.5,340.5,447.0,-1053.0,1569.0,-456.6849670410156,520.059326171875,-1019.0,-516.0,527.0,0.0015337679009052565,0.0023392044412583564,1.330078125,1.330078125,18.0
train(totalseg),s0587,F:\Totalsegmentator_dataset_v201\nii\s0587.nii.gz,1.5,1.5,1.5,300,300,410,450.0,450.0,615.0,-1054.0,3280.0,-639.3095703125,469.7969665527344,-1024.0,-960.0,301.0,0.005335445130183419,0.0006086176552670143,1.7578125,1.7578125,18.0
train(totalseg),s0604,F:\Totalsegmentator_dataset_v201\nii\s0604.nii.gz,1.5,1.5,1.5,199,199,208,298.5,298.5,312.0,-1173.0,3157.0,-433.417236328125,511.58673095703125,-1034.0,-494.0,738.0,0.025648870160410148,0.005126253337072555,1.166015625,1.166015625,18.0
train(totalseg),s0591,F:\Totalsegmentator_dataset_v201\nii\s0591.nii.gz,1.5,1.5,1.5,275,275,531,412.5,412.5,796.5,-1357.0,3306.0,-645.1213989257812,473.7900390625,-1024.0,-949.0,433.0,0.0027439124834682804,0.002541531288289659,1.611328125,1.611328125,18.0
train(totalseg),s0602,F:\Totalsegmentator_dataset_v201\nii\s0602.nii.gz,1.5,1.5,1.5,248,165,419,372.0,247.5,628.5,-1032.0,3080.0,-190.44793701171875,401.09429931640625,-1005.0,-103.0,989.0,1.679742411501196e-05,0.008679543991928837,0.966796875,1.453125,18.0
train(totalseg),s0593,F:\Totalsegmentator_dataset_v201\nii\s0593.nii.gz,1.5,1.5,1.5,299,299,426,448.5,448.5,639.0,-1204.0,3140.0,-630.2617797851562,475.4908447265625,-1024.0,-958.0,297.0,0.00229907753321269,0.0008481064906666275,1.751953125,1.751953125,18.0
train(totalseg),s0608,F:\Totalsegmentator_dataset_v201\nii\s0608.nii.gz,1.5,1.5,1.5,168,168,162,252.0,252.0,243.0,-1063.0,3157.0,-391.42437744140625,459.26177978515625,-1020.0,-128.0,473.0,0.0010333994708994708,0.0012951940035273368,0.984375,0.984375,18.0
train(totalseg),s0605,F:\Totalsegmentator_dataset_v201\nii\s0605.nii.gz,1.5,1.5,1.5,267,267,223,400.5,400.5,334.5,-1172.0,3224.0,-556.3989868164062,502.850341796875,-1024.0,-910.0,478.0,0.001401482804032446,0.0020808371255562528,1.564453125,1.564453125,18.0
train(totalseg),s0592,F:\Totalsegmentator_dataset_v201\nii\s0592.nii.gz,1.5,1.5,1.5,319,319,403,478.5,478.5,604.5,-1381.0,3692.0,-637.7025756835938,461.7733459472656,-1026.0,-945.0,298.0,0.011834028644391792,0.0010809880773825647,1.869140625,1.869140625,18.0
train(totalseg),s0603,F:\Totalsegmentator_dataset_v201\nii\s0603.nii.gz,1.5,1.5,1.5,254,254,397,381.0,381.0,595.5,-1077.0,1652.0,-573.7897338867188,475.08355712890625,-1023.0,-942.0,322.0,0.001694227040635056,0.0012140776156977394,1.48828125,1.48828125,18.0
train(totalseg),s0610,F:\Totalsegmentator_dataset_v201\nii\s0610.nii.gz,1.5,1.5,1.5,240,240,206,360.0,360.0,309.0,-1296.0,3459.0,-681.40625,497.1994323730469,-1024.0,-982.0,877.0,0.009808859223300971,0.007711872977346278,1.40625,1.40625,18.0
train(totalseg),s0611,F:\Totalsegmentator_dataset_v201\nii\s0611.nii.gz,1.0,1.0,1.0,207,121,169,207.0,121.0,169.0,-1166.9794921875,2057.994873046875,-52.43452072143555,301.6449279785156,-997.9986572265625,-7.00160026550293,902.0210571289062,0.0037477471347948698,0.007647870524124705,0.47265625,0.80859375,12.0
train(totalseg),s0614,F:\Totalsegmentator_dataset_v201\nii\s0614.nii.gz,1.0,1.0,1.0,205,108,161,205.0,108.0,161.0,-1236.0072021484375,1914.9766845703125,-76.51329040527344,330.2969970703125,-1024.0263671875,-4.001619338989258,737.9841918945312,0.01762808104271519,0.004956600290640587,0.421875,0.80078125,12.0
train(totalseg),s0606,F:\Totalsegmentator_dataset_v201\nii\s0606.nii.gz,1.5,1.5,1.5,297,297,226,445.5,445.5,339.0,-1194.0,3232.0,-631.1339721679688,479.252197265625,-1024.0,-949.0,435.0,0.007403472443772937,0.0008994122970177434,1.740234375,1.740234375,18.0
train(totalseg),s0615,F:\Totalsegmentator_dataset_v201\nii\s0615.nii.gz,1.5,1.5,1.5,273,273,118,409.5,409.5,177.0,-1161.0,1613.0,-487.68853759765625,475.48175048828125,-1024.0,-271.0,188.0,0.003150291235640761,9.210380439880948e-05,1.599609375,1.599609375,18.0
train(totalseg),s0607,F:\Totalsegmentator_dataset_v201\nii\s0607.nii.gz,1.5,1.5,1.5,235,338,338,352.5,507.0,507.0,-1063.0,3055.0,-585.3477172851562,488.9543151855469,-1024.0,-938.0,324.0,0.0006956365752570309,0.0004990436300756961,1.98046875,1.376953125,18.0
train(totalseg),s0618,F:\Totalsegmentator_dataset_v201\nii\s0618.nii.gz,1.5,1.5,1.5,196,196,189,294.0,294.0,283.5,-1121.0,3299.0,-389.92486572265625,486.5448303222656,-1031.0,-144.0,581.0,0.022488425237279883,0.0024433161667647297,1.1484375,1.1484375,18.0
train(totalseg),s0619,F:\Totalsegmentator_dataset_v201\nii\s0619.nii.gz,1.5,1.5,1.5,225,155,395,337.5,232.5,592.5,-1121.0,3136.0,-238.6269073486328,450.41802978515625,-1007.0,-89.0,622.0,6.300982699229197e-05,0.003612394032969384,0.908203125,1.318359375,18.0
train(totalseg),s0620,F:\Totalsegmentator_dataset_v201\nii\s0620.nii.gz,1.5,1.5,1.5,245,245,300,367.5,367.5,450.0,-1305.0,3312.0,-539.636962890625,511.35028076171875,-1023.0,-919.0,482.0,0.0032914063584617522,0.0023623490212411496,1.435546875,1.435546875,18.0
train(totalseg),s0617,F:\Totalsegmentator_dataset_v201\nii\s0617.nii.gz,1.5,1.5,1.5,251,251,431,376.5,376.5,646.5,-1188.0,3072.0,-545.8086547851562,505.33660888671875,-1023.0,-926.0,432.0,0.0018813826641595314,0.0009909612169127485,1.470703125,1.470703125,18.0
train(totalseg),s0612,F:\Totalsegmentator_dataset_v201\nii\s0612.nii.gz,1.5,1.5,1.5,272,272,411,408.0,408.0,616.5,-1111.0,3166.0,-563.1249389648438,478.2901611328125,-1024.0,-899.0,330.0,0.003994287710790628,0.0010344842101718318,1.59375,1.59375,18.0
train(totalseg),s0613,F:\Totalsegmentator_dataset_v201\nii\s0613.nii.gz,1.5,1.5,1.5,272,272,417,408.0,408.0,625.5,-1044.0,3230.0,-581.549072265625,486.8517761230469,-1024.0,-920.0,409.0,0.0032911387153253175,0.001429306381884112,1.59375,1.59375,18.0
train(totalseg),s0622,F:\Totalsegmentator_dataset_v201\nii\s0622.nii.gz,1.0,1.0,1.0,263,146,241,263.0,146.0,241.0,-1433.00146484375,3614.0,-649.56298828125,517.430419921875,-1023.9627075195312,-991.03125,897.0371704101562,0.0062676141570275085,0.006827917250203157,0.5703125,1.02734375,12.0
train(totalseg),s0627,F:\Totalsegmentator_dataset_v201\nii\s0627.nii.gz,1.5,1.5,1.5,264,264,157,396.0,396.0,235.5,-1103.0,3464.0,-705.1162719726562,452.8261413574219,-1025.0,-966.0,481.0,0.011551165973574775,0.00260731957677528,1.546875,1.546875,18.0
train(totalseg),s0621,F:\Totalsegmentator_dataset_v201\nii\s0621.nii.gz,1.5,1.5,1.5,270,310,453,405.0,465.0,679.5,-1289.0,3148.0,-581.0104370117188,483.62799072265625,-1024.0,-926.0,358.0,0.006061881603640035,0.000484068581393426,1.81640625,1.58203125,18.0
train(totalseg),s0623,F:\Totalsegmentator_dataset_v201\nii\s0623.nii.gz,1.5,1.5,1.5,243,243,442,364.5,364.5,663.0,-1047.0,2670.0,-540.9574584960938,526.2908935546875,-1021.0,-923.0,697.0,0.001575422338705611,0.0034034915693180465,1.423828125,1.423828125,18.0
train(totalseg),s0626,F:\Totalsegmentator_dataset_v201\nii\s0626.nii.gz,1.5,1.5,1.5,227,227,396,340.5,340.5,594.0,-1047.0,3105.0,-394.5413513183594,478.4009704589844,-1020.0,-114.0,446.0,0.003034429372025677,0.0010538833580227747,1.330078125,1.330078125,18.0
train(totalseg),s0616,F:\Totalsegmentator_dataset_v201\nii\s0616.nii.gz,1.5000001192092896,1.4999998807907104,1.5,337,261,644,505.5000401735306,391.4999688863754,966.0,-1341.0,3132.0,-690.0174560546875,471.15570068359375,-1024.0,-995.0,366.0,0.001649556739222589,0.00158197713351887,1.529296753462404,1.9746095319278538,18.0
train(totalseg),s0633,F:\Totalsegmentator_dataset_v201\nii\s0633.nii.gz,1.5,1.5,1.5,166,166,326,249.0,249.0,489.0,-1057.0,3256.0,-558.2062377929688,504.4400329589844,-1023.0,-926.0,389.0,0.0009879486956850853,0.004999298695573767,0.97265625,0.97265625,18.0
train(totalseg),s0624,F:\Totalsegmentator_dataset_v201\nii\s0624.nii.gz,1.0,1.0,1.0,230,186,517,230.0,186.0,517.0,-1436.0140380859375,3199.996826171875,-368.98175048828125,477.30029296875,-1024.01708984375,-111.01640319824219,536.0277709960938,0.08820550104307677,0.0013547790277819223,0.7265625,0.8984375,12.0
train(totalseg),s0638,F:\Totalsegmentator_dataset_v201\nii\s0638.nii.gz,1.5,1.5,1.5,129,129,92,193.5,193.5,138.0,-1197.0,1876.0,-468.421142578125,516.4686889648438,-1026.0,-519.0,857.0,0.012190947972921778,0.007363949177385348,0.755859375,0.755859375,18.0
train(totalseg),s0625,F:\Totalsegmentator_dataset_v201\nii\s0625.nii.gz,1.0,1.0,1.0,263,198,423,263.0,198.0,423.0,-1369.985595703125,1430.9864501953125,-398.1153564453125,479.08660888671875,-1022.9974975585938,-103.01619720458984,359.0008239746094,0.0014959612858729719,0.0002702100501795317,0.7734375,1.02734375,12.0
train(totalseg),s0632,F:\Totalsegmentator_dataset_v201\nii\s0632.nii.gz,1.5,1.5,1.5,281,281,220,421.5,421.5,330.0,-1133.0,3174.0,-611.1888427734375,456.11029052734375,-1024.0,-921.0,260.0,0.0017449348706168096,0.0005020314399132092,1.646484375,1.646484375,18.0
train(totalseg),s0642,F:\Totalsegmentator_dataset_v201\nii\s0642.nii.gz,1.5,1.5,1.5,143,143,99,214.5,214.5,148.5,-1035.0,3081.0,-597.6632690429688,523.9300537109375,-1021.0,-971.0,790.0,0.0008249145941716573,0.006249592482311262,0.837890625,0.837890625,18.0
train(totalseg),s0640,F:\Totalsegmentator_dataset_v201\nii\s0640.nii.gz,1.5,1.5,1.5,267,267,72,400.5,400.5,108.0,-1081.0,2012.0,-649.017333984375,471.5202331542969,-1024.0,-946.0,359.0,0.0020959287781658694,0.0011058274535108267,1.564453125,1.564453125,18.0
train(totalseg),s0629,F:\Totalsegmentator_dataset_v201\nii\s0629.nii.gz,1.5,1.5,1.5,244,244,440,366.0,366.0,660.0,-1347.0,3264.0,-641.0911254882812,497.8316650390625,-1024.0,-990.0,335.0,0.006688998958918986,0.0006771302078100316,1.4296875,1.4296875,18.0
train(totalseg),s0628,F:\Totalsegmentator_dataset_v201\nii\s0628.nii.gz,1.5,1.5,1.5,271,271,418,406.5,406.5,627.0,-1044.0,1357.0,-631.9102172851562,469.9841613769531,-1024.0,-937.0,299.0,0.0021020020879296713,0.00015740258630170115,1.587890625,1.587890625,18.0
train(totalseg),s0643,F:\Totalsegmentator_dataset_v201\nii\s0643.nii.gz,1.5,1.5,1.5,178,178,263,267.0,267.0,394.5,-1505.0,3579.0,-455.1596984863281,557.0811157226562,-1036.0,-601.0,1294.0,0.03400018840991036,0.01485918159295179,1.04296875,1.04296875,18.0
train(totalseg),s0641,F:\Totalsegmentator_dataset_v201\nii\s0641.nii.gz,1.5,1.5,1.5,253,253,204,379.5,379.5,306.0,-1068.0,3132.0,-607.4312744140625,479.1737060546875,-1024.0,-929.0,435.0,0.004997839612395371,0.0009279481249658252,1.482421875,1.482421875,18.0
train(totalseg),s0635,F:\Totalsegmentator_dataset_v201\nii\s0635.nii.gz,1.5,1.5,1.5,291,291,381,436.5,436.5,571.5,-1051.0,2752.0,-661.861572265625,465.16217041015625,-1024.0,-962.0,290.0,0.0025254880388397194,0.0003293198465000677,1.705078125,1.705078125,18.0
train(totalseg),s0647,F:\Totalsegmentator_dataset_v201\nii\s0647.nii.gz,1.0,1.0,1.0,111,106,257,111.0,106.0,257.0,-1269.0,1555.0030517578125,-34.85753631591797,251.09774780273438,-1023.9813232421875,-27.99117088317871,683.994140625,0.0015443826470916992,0.001511973760707334,0.4140625,0.43359375,12.0
train(totalseg),s0645,F:\Totalsegmentator_dataset_v201\nii\s0645.nii.gz,1.5,1.5,1.5,219,219,173,328.5,328.5,259.5,-1158.0,3461.0,-291.2900390625,443.8298645019531,-1033.0,-115.0,496.0,0.02002168186948575,0.0014998936395229506,1.283203125,1.283203125,18.0
train(totalseg),s0637,F:\Totalsegmentator_dataset_v201\nii\s0637.nii.gz,1.5,1.5,1.5,245,245,437,367.5,367.5,655.5,-1038.0,2716.0,-594.54541015625,491.0188293457031,-1023.0,-930.0,427.0,0.0002567198146066636,0.0010471606575016093,1.435546875,1.435546875,18.0
train(totalseg),s0646,F:\Totalsegmentator_dataset_v201\nii\s0646.nii.gz,1.5,1.5,1.5,275,275,215,412.5,412.5,322.5,-1306.0,3383.0,-695.9769287109375,486.17877197265625,-1024.0,-1020.0,351.0,0.007456002940333157,0.0020978657122392476,1.611328125,1.611328125,18.0
train(totalseg),s0639,F:\Totalsegmentator_dataset_v201\nii\s0639.nii.gz,1.5,1.5,1.5,313,208,425,469.5,312.0,637.5,-1052.0,3021.0,-356.5693054199219,440.2193603515625,-1024.0,-114.0,369.0,0.0008530782666421099,0.00033748707227181926,1.21875,1.833984375,18.0
train(totalseg),s0636,F:\Totalsegmentator_dataset_v201\nii\s0636.nii.gz,1.5,1.5,1.5,277,277,477,415.5,415.5,715.5,-1151.0,3281.0,-583.4321899414062,486.33087158203125,-1024.0,-919.0,483.0,0.0023122023441807154,0.0022888415212152613,1.623046875,1.623046875,18.0
train(totalseg),s0653,F:\Totalsegmentator_dataset_v201\nii\s0653.nii.gz,1.5,1.5,1.5,147,147,107,220.5,220.5,160.5,-1043.0,3144.0,-186.50035095214844,458.9332275390625,-1009.0,-31.0,589.0,8.217410183706693e-05,0.0012196366693712037,0.861328125,0.861328125,18.0
train(totalseg),s0655,F:\Totalsegmentator_dataset_v201\nii\s0655.nii.gz,1.5,1.5,1.5,95,95,92,142.5,142.5,138.0,-1036.0,1762.0,-277.4748840332031,573.94921875,-961.0,-107.0,940.0,0.00012164277971817415,0.001233289172588221,0.556640625,0.556640625,18.0
train(totalseg),s0652,F:\Totalsegmentator_dataset_v201\nii\s0652.nii.gz,1.5,1.5,1.5,117,117,136,175.5,175.5,204.0,-1075.0,3334.0,-343.6777038574219,522.3197021484375,-986.0,-324.0,556.0,0.00032282253247562447,0.0028554485568060227,0.685546875,0.685546875,18.0
train(totalseg),s0651,F:\Totalsegmentator_dataset_v201\nii\s0651.nii.gz,1.5,1.5,1.5,277,218,277,415.5,327.0,415.5,-1045.0,1186.0,-647.3345336914062,476.38482666015625,-1024.0,-998.0,282.0,0.00026526098075539656,1.6679696558655767e-05,1.27734375,1.623046875,18.0
train(totalseg),s0644,F:\Totalsegmentator_dataset_v201\nii\s0644.nii.gz,1.5,1.5,1.5,272,272,389,408.0,408.0,583.5,-1092.0,3371.0,-649.323486328125,469.0043029785156,-1024.0,-960.0,308.0,0.003411249147839212,0.0008380884079030486,1.59375,1.59375,18.0
train(totalseg),s0654,F:\Totalsegmentator_dataset_v201\nii\s0654.nii.gz,1.5,1.5,1.5,222,222,205,333.0,333.0,307.5,-1383.0,3499.0,-430.6224670410156,538.0283203125,-1032.0,-666.0,829.0,0.02136566362011319,0.006242168338410923,1.30078125,1.30078125,18.0
train(totalseg),s0659,F:\Totalsegmentator_dataset_v201\nii\s0659.nii.gz,1.5,1.5,1.5,209,209,202,313.5,313.5,303.0,-1108.0,3253.0,-375.0143127441406,477.125732421875,-1014.0,-112.0,469.0,0.0021147914703410695,0.0016240601162908644,1.224609375,1.224609375,18.0
train(totalseg),s0649,F:\Totalsegmentator_dataset_v201\nii\s0649.nii.gz,1.5,1.5,1.5,265,265,388,397.5,397.5,582.0,-1038.0,2517.0,-557.7593994140625,485.6739807128906,-1024.0,-913.0,383.0,0.0005061051177760559,0.0007666079550475893,1.552734375,1.552734375,18.0
train(totalseg),s0660,F:\Totalsegmentator_dataset_v201\nii\s0660.nii.gz,1.5,1.5,1.5,202,202,252,303.0,303.0,378.0,-1905.0,3811.0,-628.9769287109375,534.9686889648438,-1041.0,-949.0,1115.0,0.05116036709753012,0.011271070529966717,1.18359375,1.18359375,18.0
train(totalseg),s0658,F:\Totalsegmentator_dataset_v201\nii\s0658.nii.gz,1.5,1.5,1.5,247,247,215,370.5,370.5,322.5,-1155.0,3633.0,-554.2073364257812,495.74981689453125,-1036.0,-879.0,398.0,0.03573342128070153,0.0008607955394461024,1.447265625,1.447265625,18.0
train(totalseg),s0656,F:\Totalsegmentator_dataset_v201\nii\s0656.nii.gz,1.5,1.5,1.5,242,221,416,363.0,331.5,624.0,-1097.0,3153.0,-309.0450744628906,446.67315673828125,-1006.5799999999981,-109.0,440.0,0.00016396599215875792,0.002346763262772223,1.294921875,1.41796875,18.0
train(totalseg),s0648,F:\Totalsegmentator_dataset_v201\nii\s0648.nii.gz,1.0,1.0,1.0,272,198,401,272.0,198.0,401.0,-1257.0096435546875,3006.99609375,-308.75457763671875,428.027099609375,-1024.001708984375,-110.01602172851562,364.02777099609375,0.019388314344856813,0.0004940671197822437,0.7734375,1.0625,12.0
train(totalseg),s0661,F:\Totalsegmentator_dataset_v201\nii\s0661.nii.gz,1.5,1.5,1.5,252,252,390,378.0,378.0,585.0,-1471.0,3597.0,-638.8621215820312,479.6105041503906,-1024.0,-954.0,387.0,0.003177227681195935,0.000655076845553036,1.4765625,1.4765625,18.0
train(totalseg),s0666,F:\Totalsegmentator_dataset_v201\nii\s0666.nii.gz,1.5,1.5,1.5,259,259,56,388.5,388.5,84.0,-1117.0,1373.0,-358.6358642578125,474.4427185058594,-1024.0,-101.0,483.0,0.001318768141713536,0.0012479582253437742,1.517578125,1.517578125,18.0
train(totalseg),s0657,F:\Totalsegmentator_dataset_v201\nii\s0657.nii.gz,1.5,1.5,1.5,297,297,488,445.5,445.5,732.0,-1252.0,1293.0,-701.02490234375,474.7399597167969,-1024.0,-1024.0,250.0,0.005068903976007801,7.359570201100255e-05,1.740234375,1.740234375,18.0
train(totalseg),s0665,F:\Totalsegmentator_dataset_v201\nii\s0665.nii.gz,1.5,1.5,1.5,227,227,166,340.5,340.5,249.0,-1070.0,3145.0,-359.9814758300781,466.1006164550781,-1026.0,-120.0,454.0,0.01685914413627136,0.00043898541177240797,1.330078125,1.330078125,18.0
train(totalseg),s0668,F:\Totalsegmentator_dataset_v201\nii\s0668.nii.gz,1.5,1.5,1.5,183,183,246,274.5,274.5,369.0,-1037.0,1813.0,-381.9346008300781,525.4267578125,-1020.0,-71.0,673.0,0.002204946533232908,0.0036239294659878045,1.072265625,1.072265625,18.0
train(totalseg),s0650,F:\Totalsegmentator_dataset_v201\nii\s0650.nii.gz,1.5,1.5,1.5,333,333,462,499.5,499.5,693.0,-1379.0,3337.0,-640.51220703125,471.40545654296875,-1024.0,-954.0,261.0,0.004205209770743494,0.000562826168930067,1.951171875,1.951171875,18.0
train(totalseg),s0671,F:\Totalsegmentator_dataset_v201\nii\s0671.nii.gz,1.5,1.5,1.5,205,205,87,307.5,307.5,130.5,-1344.0,3090.0,-375.94464111328125,493.7395935058594,-1025.0,-196.0,602.0,0.010404313140286463,0.0012658033967730218,1.201171875,1.201171875,18.0
train(totalseg),s0663,F:\Totalsegmentator_dataset_v201\nii\s0663.nii.gz,1.5,1.5,1.5,255,255,418,382.5,382.5,627.0,-1045.0,2393.0,-573.697021484375,486.0999755859375,-1023.0,-925.0,316.0,0.0015405923683246793,0.000369309504543228,1.494140625,1.494140625,18.0
train(totalseg),s0672,F:\Totalsegmentator_dataset_v201\nii\s0672.nii.gz,1.5,1.5,1.5,201,201,200,301.5,301.5,300.0,-1141.0,3163.0,-407.7375183105469,488.891845703125,-1024.0,-122.0,507.0,0.009655701591544764,0.0016379545060765822,1.177734375,1.177734375,18.0
train(totalseg),s0662,F:\Totalsegmentator_dataset_v201\nii\s0662.nii.gz,1.5,1.5,1.5,267,267,419,400.5,400.5,628.5,-1162.0,2570.0,-532.6290893554688,503.5680236816406,-1024.0,-879.0,449.0,0.0020388281257846474,0.0009164683077726556,1.564453125,1.564453125,18.0
train(totalseg),s0676,F:\Totalsegmentator_dataset_v201\nii\s0676.nii.gz,1.5,1.5,1.5,333,333,38,499.5,499.5,57.0,-1159.0,3018.0,-819.2012329101562,381.0419006347656,-1024.0,-1000.0,172.0,0.0035818179488165264,0.00016517228466019363,1.951171875,1.951171875,18.0
train(totalseg),s0673,F:\Totalsegmentator_dataset_v201\nii\s0673.nii.gz,1.5,1.5,1.5,207,207,205,310.5,310.5,307.5,-1575.0,3641.0,-402.25933837890625,541.3709716796875,-1040.0,-166.0,968.0,0.033027494736195,0.0092110183861763,1.212890625,1.212890625,18.0
train(totalseg),s0679,F:\Totalsegmentator_dataset_v201\nii\s0679.nii.gz,1.5,1.5,1.5,63,107,297,94.5,160.5,445.5,-1114.0,1751.0,8.188713073730469,251.27581787109375,-826.0,6.0,767.0,1.0988582862405961e-05,0.002601297252155011,0.626953125,0.369140625,18.0
train(totalseg),s0674,F:\Totalsegmentator_dataset_v201\nii\s0674.nii.gz,1.5,1.5,1.5,221,221,223,331.5,331.5,334.5,-1282.0,3340.0,-372.6589660644531,488.7210998535156,-1030.0,-159.0,600.0,0.01694359699833302,0.002672347401856926,1.294921875,1.294921875,18.0
train(totalseg),s0670,F:\Totalsegmentator_dataset_v201\nii\s0670.nii.gz,1.5,1.5,1.5,228,228,396,342.0,342.0,594.0,-1044.0,2974.0,-608.5511474609375,495.2541809082031,-1018.0,-947.0,390.0,0.0010345063438322903,0.0005781693512533771,1.3359375,1.3359375,18.0
train(totalseg),s0664,F:\Totalsegmentator_dataset_v201\nii\s0664.nii.gz,1.5,1.5,1.5,332,332,405,498.0,498.0,607.5,-1182.0,3287.0,-712.38427734375,449.43585205078125,-1024.0,-997.0,277.0,0.003488585971154634,0.0003745683061629625,1.9453125,1.9453125,18.0
train(totalseg),s0677,F:\Totalsegmentator_dataset_v201\nii\s0677.nii.gz,1.5,1.5,1.5,276,276,145,414.0,414.0,217.5,-1104.0,1419.0,-358.3034973144531,461.7530822753906,-1024.0,-111.0,300.0,0.0018327792625426418,0.00025639354235925516,1.6171875,1.6171875,18.0
train(totalseg),s0675,F:\Totalsegmentator_dataset_v201\nii\s0675.nii.gz,1.5,1.5,1.5,309,309,209,463.5,463.5,313.5,-1408.0,3504.0,-618.8509521484375,465.8979797363281,-1024.0,-928.0,256.0,0.00792311705076237,0.0008724398700510586,1.810546875,1.810546875,18.0
train(totalseg),s0681,F:\Totalsegmentator_dataset_v201\nii\s0681.nii.gz,1.5,1.5,1.5,203,203,167,304.5,304.5,250.5,-1517.0,3553.0,-410.48248291015625,505.01568603515625,-1027.0,-255.0,662.0,0.014087961703621556,0.0029468588925390415,1.189453125,1.189453125,18.0
train(totalseg),s0684,F:\Totalsegmentator_dataset_v201\nii\s0684.nii.gz,1.0,1.0,1.0,219,175,97,219.0,175.0,97.0,-1069.9686279296875,3054.0,-454.3761901855469,478.2365417480469,-1023.9865112304688,-626.0205078125,475.0314636230469,0.006051874284134126,9.145867439797327e-05,0.68359375,0.85546875,12.0
train(totalseg),s0667,F:\Totalsegmentator_dataset_v201\nii\s0667.nii.gz,1.5,1.5,1.5,295,295,454,442.5,442.5,681.0,-1093.0,3157.0,-630.4895629882812,487.3979187011719,-1024.0,-949.0,453.0,0.003923627211374722,0.001644673565960066,1.728515625,1.728515625,18.0
train(totalseg),s0669,F:\Totalsegmentator_dataset_v201\nii\s0669.nii.gz,1.5,1.5,1.5,299,299,443,448.5,448.5,664.5,-1196.0,2555.0,-660.1250610351562,471.8964538574219,-1024.0,-971.0,331.0,0.0030218666187261803,0.0006776980284643272,1.751953125,1.751953125,18.0
train(totalseg),s0682,F:\Totalsegmentator_dataset_v201\nii\s0682.nii.gz,1.5,1.5,1.5,206,317,317,309.0,475.5,475.5,-1149.0,1687.0,-587.5589599609375,499.1952209472656,-1024.0,-954.0,379.0,0.003397125754230466,0.0007343700598070552,1.857421875,1.20703125,18.0
train(totalseg),s0693,F:\Totalsegmentator_dataset_v201\nii\s0693.nii.gz,1.5,1.5,1.5,232,232,65,348.0,348.0,97.5,-1058.0,1614.0,-510.17059326171875,492.78411865234375,-1025.0,-903.0,279.0,0.013075093752858319,0.0002538187139851825,1.359375,1.359375,18.0
train(totalseg),s0683,F:\Totalsegmentator_dataset_v201\nii\s0683.nii.gz,1.5,1.5,1.5,309,309,288,463.5,463.5,432.0,-1223.0,1775.0,-642.81591796875,484.4131774902344,-1024.0,-992.0,337.0,0.002759419829435271,0.0007372029359819691,1.810546875,1.810546875,18.0
train(totalseg),s0688,F:\Totalsegmentator_dataset_v201\nii\s0688.nii.gz,1.5,1.5,1.5,241,241,234,361.5,361.5,351.0,-1270.0,3349.0,-491.3490905761719,489.5834655761719,-1023.0,-789.0,431.0,0.007474382778840781,0.0015157875219217487,1.412109375,1.412109375,18.0
train(totalseg),s0687,F:\Totalsegmentator_dataset_v201\nii\s0687.nii.gz,1.5,1.5,1.5,212,212,399,318.0,318.0,598.5,-1061.0,3129.0,-502.34820556640625,517.4755249023438,-1016.0,-854.0,546.0,0.0005585896840078734,0.0021460282918397727,1.2421875,1.2421875,18.0
train(totalseg),s0680,F:\Totalsegmentator_dataset_v201\nii\s0680.nii.gz,1.5,1.5,1.5,289,289,449,433.5,433.5,673.5,-1178.0,3222.0,-668.0200805664062,466.288818359375,-1024.0,-981.0,316.0,0.0041196027428214745,0.0004646016129833098,1.693359375,1.693359375,18.0
train(totalseg),s0695,F:\Totalsegmentator_dataset_v201\nii\s0695.nii.gz,1.5,1.5,1.5,220,220,167,330.0,330.0,250.5,-1250.0,3243.0,-347.7427673339844,484.6514892578125,-1031.0,-190.0,673.0,0.016867917058445092,0.002491710793289454,1.2890625,1.2890625,18.0
train(totalseg),s0686,F:\Totalsegmentator_dataset_v201\nii\s0686.nii.gz,1.5,1.5,1.5,265,265,407,397.5,397.5,610.5,-1044.0,1805.0,-453.53857421875,475.7898864746094,-1024.0,-120.0,293.0,0.0012012979686046102,0.0004334959030438655,1.552734375,1.552734375,18.0
train(totalseg),s0690,F:\Totalsegmentator_dataset_v201\nii\s0690.nii.gz,1.5,1.5,1.5,281,162,538,421.5,243.0,807.0,-1330.0,3237.0,-508.40972900390625,500.1903991699219,-1012.0,-830.0,503.0,0.00369125717722334,0.0018397896715927663,0.94921875,1.646484375,18.0
train(totalseg),s0694,F:\Totalsegmentator_dataset_v201\nii\s0694.nii.gz,1.5,1.5,1.5,233,233,286,349.5,349.5,429.0,-1226.0,1873.0,-421.06787109375,521.8641357421875,-1041.0,-178.0,635.0,0.047743441987766075,0.004108547262205075,1.365234375,1.365234375,18.0
train(totalseg),s0696,F:\Totalsegmentator_dataset_v201\nii\s0696.nii.gz,1.5,1.5,1.5,206,206,207,309.0,309.0,310.5,-1140.0,3299.0,-373.68914794921875,507.0852966308594,-1028.0,-204.0,738.0,0.014426949126590701,0.004849585992209925,1.20703125,1.20703125,18.0
train(totalseg),s0691,F:\Totalsegmentator_dataset_v201\nii\s0691.nii.gz,1.5,1.5,1.5,329,329,280,493.5,493.5,420.0,-1298.0,3136.0,-703.363525390625,451.471435546875,-1024.0,-977.0,346.0,0.003933549359155071,0.0019380029120196303,1.927734375,1.927734375,18.0
train(totalseg),s0685,F:\Totalsegmentator_dataset_v201\nii\s0685.nii.gz,1.5,1.5,1.5,263,263,520,394.5,394.5,780.0,-1085.0,1720.0,-451.6771545410156,490.0742492675781,-1024.0,-144.0,345.0,0.00318884444924873,0.0022965485212809826,1.541015625,1.541015625,18.0
train(totalseg),s0697,F:\Totalsegmentator_dataset_v201\nii\s0697.nii.gz,1.5,1.5,1.5,221,221,264,331.5,331.5,396.0,-1314.0,3456.0,-577.5716552734375,501.078857421875,-1024.0,-884.0,487.0,0.007294772432633154,0.0030265949476765523,1.294921875,1.294921875,18.0
train(totalseg),s0698,F:\Totalsegmentator_dataset_v201\nii\s0698.nii.gz,1.5,1.5,1.5,239,239,185,358.5,358.5,277.5,-1053.0,3161.0,-396.81610107421875,470.8063049316406,-1012.0,-108.0,366.0,0.00017487768498283303,0.0007545858550070944,1.400390625,1.400390625,18.0
train(totalseg),s0706,F:\Totalsegmentator_dataset_v201\nii\s0706.nii.gz,1.5,1.5,1.5,194,194,68,291.0,291.0,102.0,-1040.0,1941.0,-748.2769775390625,515.0548706054688,-1023.0,-986.0,1437.0,0.0015340443755353136,0.020016817440123034,1.13671875,1.13671875,18.0
train(totalseg),s0700,F:\Totalsegmentator_dataset_v201\nii\s0700.nii.gz,1.0,1.0,1.0,100,118,320,100.0,118.0,320.0,-1237.019287109375,1849.0,-148.19761657714844,351.08673095703125,-984.9772338867188,-52.00345230102539,619.0004272460938,0.004026483050847457,0.0015164194915254236,0.4609375,0.390625,12.0
train(totalseg),s0699,F:\Totalsegmentator_dataset_v201\nii\s0699.nii.gz,1.5,1.5,1.5,248,248,258,372.0,372.0,387.0,-1035.0,1563.0,-547.1314086914062,484.4638671875,-1019.0,-908.0,286.0,0.0007426251724221378,0.0006503642039542144,1.453125,1.453125,18.0
train(totalseg),s0704,F:\Totalsegmentator_dataset_v201\nii\s0704.nii.gz,1.5,1.5,1.5,187,187,242,280.5,280.5,363.0,-1047.0,3237.0,-436.1206970214844,492.1944274902344,-1016.0,-569.0,627.0,0.001306351550960118,0.0037299852289512554,1.095703125,1.095703125,18.0
train(totalseg),s0710,F:\Totalsegmentator_dataset_v201\nii\s0710.nii.gz,1.5,1.5,1.5,225,225,92,337.5,337.5,138.0,-1333.0,3532.0,-369.7835388183594,452.0671691894531,-1025.0,-144.0,413.0,0.011042834138486312,0.0004315619967793881,1.318359375,1.318359375,18.0
train(totalseg),s0702,F:\Totalsegmentator_dataset_v201\nii\s0702.nii.gz,1.5,1.5,1.5,221,221,379,331.5,331.5,568.5,-1265.0,1955.0,-435.7276916503906,506.05767822265625,-1024.0,-111.0,442.0,0.005921427236296334,0.0010285920498046,1.294921875,1.294921875,18.0
train(totalseg),s0692,F:\Totalsegmentator_dataset_v201\nii\s0692.nii.gz,1.5,1.5,1.5,333,333,449,499.5,499.5,673.5,-1215.0,2905.0,-587.0211791992188,487.5423583984375,-1024.0,-943.0,353.0,0.004512527070392309,0.0007536778827927958,1.951171875,1.951171875,18.0
train(totalseg),s0713,F:\Totalsegmentator_dataset_v201\nii\s0713.nii.gz,1.5,1.5,1.5,161,161,76,241.5,241.5,114.0,-1447.0,3399.0,-537.2664794921875,660.5943603515625,-1023.0,-989.0,1417.0,0.005977169496790857,0.024378729703004472,0.943359375,0.943359375,18.0
train(totalseg),s0709,F:\Totalsegmentator_dataset_v201\nii\s0709.nii.gz,1.5,1.5,1.5,215,215,274,322.5,322.5,411.0,-1044.0,3197.0,-398.9952392578125,494.8299865722656,-1024.0,-120.0,473.0,0.009009168338971548,0.0008986508630861749,1.259765625,1.259765625,18.0
train(totalseg),s0715,F:\Totalsegmentator_dataset_v201\nii\s0715.nii.gz,1.5,1.5,1.5,226,226,47,339.0,339.0,70.5,-1107.0,3237.0,-530.2767944335938,484.0966796875,-1016.0,-783.0,575.0,0.000619852268542664,0.001941204013043558,1.32421875,1.32421875,18.0
train(totalseg),s0712,F:\Totalsegmentator_dataset_v201\nii\s0712.nii.gz,1.0,1.0,1.0,207,123,167,207.0,123.0,167.0,-1164.0,2550.0,-308.7436828613281,501.1260986328125,-1024.0201416015625,-77.99433135986328,972.988037109375,0.01094664682653075,0.009117854781776144,0.48046875,0.80859375,12.0
train(totalseg),s0705,F:\Totalsegmentator_dataset_v201\nii\s0705.nii.gz,1.5,1.5,1.5,267,267,301,400.5,400.5,451.5,-1255.0,3385.0,-479.344482421875,488.6174621582031,-1024.0,-426.0,363.0,0.003357722531138391,0.0005356977167999418,1.564453125,1.564453125,18.0
train(totalseg),s0708,F:\Totalsegmentator_dataset_v201\nii\s0708.nii.gz,1.5,1.5,1.5,235,235,404,352.5,352.5,606.0,-1076.0,3289.0,-564.7637939453125,486.9759216308594,-1017.0,-914.0,400.0,0.0012021027924283122,0.0010665636856310259,1.376953125,1.376953125,18.0
train(totalseg),s0703,F:\Totalsegmentator_dataset_v201\nii\s0703.nii.gz,1.5,1.5,1.5,265,265,434,397.5,397.5,651.0,-1048.0,2037.0,-575.4274291992188,487.7356262207031,-1024.0,-924.0,337.0,0.002104098266848798,0.00039005614078559304,1.552734375,1.552734375,18.0
train(totalseg),s0707,F:\Totalsegmentator_dataset_v201\nii\s0707.nii.gz,1.5,1.5,1.5,267,267,298,400.5,400.5,447.0,-1123.0,3231.0,-525.5970458984375,485.0879211425781,-1024.0,-873.0,306.0,0.0019914212513540215,0.0003857537265363354,1.564453125,1.564453125,18.0
train(totalseg),s0711,F:\Totalsegmentator_dataset_v201\nii\s0711.nii.gz,1.5,1.5,1.5,213,213,433,319.5,319.5,649.5,-3674.0,3281.0,-924.8214721679688,1186.751953125,-3024.0,-793.0,448.0,0.22217046971256488,0.0009157649003959322,1.248046875,1.248046875,18.0
train(totalseg),s0714,F:\Totalsegmentator_dataset_v201\nii\s0714.nii.gz,1.5,1.5,1.5,262,262,183,393.0,393.0,274.5,-1208.0,1794.0,-506.27069091796875,482.4964904785156,-1031.0,-778.0,378.5,0.02179096609681196,0.0005265941174143282,1.53515625,1.53515625,18.0
train(totalseg),s0717,F:\Totalsegmentator_dataset_v201\nii\s0717.nii.gz,1.5,1.5,1.5,199,199,205,298.5,298.5,307.5,-1305.0,3517.0,-377.6917724609375,494.6665344238281,-1019.0,-116.0,569.0,0.003891870185589056,0.002057104988110056,1.166015625,1.166015625,18.0
train(totalseg),s0716,F:\Totalsegmentator_dataset_v201\nii\s0716.nii.gz,1.5,1.5,1.5,238,238,228,357.0,357.0,342.0,-1044.0,3177.0,-557.922119140625,477.56439208984375,-1016.0,-885.0,353.0,0.0006238563536869856,0.0003631483553173591,1.39453125,1.39453125,18.0
train(totalseg),s0718,F:\Totalsegmentator_dataset_v201\nii\s0718.nii.gz,1.5,1.5,1.5,205,205,229,307.5,307.5,343.5,-1048.0,3392.0,-504.1692199707031,513.6925659179688,-1021.0,-849.0,538.0,0.0021758726480650683,0.002455909743888151,1.201171875,1.201171875,18.0
train(totalseg),s0721,F:\Totalsegmentator_dataset_v201\nii\s0721.nii.gz,1.5,1.5,1.5,227,227,265,340.5,340.5,397.5,-1035.0,1395.0,-400.0738525390625,477.3328552246094,-1011.0,-107.0,371.0,0.0005254413579250141,0.00047827979214052507,1.330078125,1.330078125,18.0
train(totalseg),s0719,F:\Totalsegmentator_dataset_v201\nii\s0719.nii.gz,1.5,1.5,1.5,283,283,235,424.5,424.5,352.5,-1244.0,3581.0,-582.5359497070312,473.829833984375,-1024.0,-892.0,294.0,0.005051825309283499,0.00045375040114935933,1.658203125,1.658203125,18.0
train(totalseg),s0729,F:\Totalsegmentator_dataset_v201\nii\s0729.nii.gz,1.5,1.5,1.5,197,155,206,295.5,232.5,309.0,-1117.0,3130.0,-251.46142578125,424.8951721191406,-1005.0,-98.0,497.0,0.0001150994592869048,0.0012152213629683705,0.908203125,1.154296875,18.0
train(totalseg),s0730,F:\Totalsegmentator_dataset_v201\nii\s0730.nii.gz,1.5,1.5,1.5,214,214,74,321.0,321.0,111.0,-1317.0,3393.0,-428.7254638671875,508.5817565917969,-1031.0,-129.0,528.0,0.017258086980333466,0.0034660173318571434,1.25390625,1.25390625,18.0
train(totalseg),s0723,F:\Totalsegmentator_dataset_v201\nii\s0723.nii.gz,1.5,1.5,1.5,222,187,415,333.0,280.5,622.5,-1130.0,2110.0,-402.1824645996094,482.7615966796875,-1024.0,-117.0,417.0,0.005896282474087858,0.0007177719606092599,1.095703125,1.30078125,18.0
train(totalseg),s0728,F:\Totalsegmentator_dataset_v201\nii\s0728.nii.gz,1.5,1.5,1.5,195,195,270,292.5,292.5,405.0,-1189.0,1984.0,-337.9647216796875,497.13653564453125,-1042.0,-115.0,610.0,0.04224998173716123,0.004363795748411133,1.142578125,1.142578125,18.0
train(totalseg),s0724,F:\Totalsegmentator_dataset_v201\nii\s0724.nii.gz,1.5,1.5,1.5,259,259,299,388.5,388.5,448.5,-1149.0,1566.0,-628.1382446289062,478.49072265625,-1024.0,-944.0,371.0,0.002250211694300268,0.0032006423221877566,1.517578125,1.517578125,18.0
train(totalseg),s0732,F:\Totalsegmentator_dataset_v201\nii\s0732.nii.gz,1.5,1.5,1.5,257,257,130,385.5,385.5,195.0,-1112.0,1736.0,-517.0533447265625,493.0343322753906,-1024.0,-872.0,228.0,0.0026483834262907373,0.00017236620364601107,1.505859375,1.505859375,18.0
train(totalseg),s0736,F:\Totalsegmentator_dataset_v201\nii\s0736.nii.gz,1.5,1.5,1.5,155,155,149,232.5,232.5,223.5,-1043.0,3164.0,-460.4190979003906,456.6227111816406,-1016.0,-559.0,345.0,0.0002592377181940741,0.0005553497669933397,0.908203125,0.908203125,18.0
train(totalseg),s0726,F:\Totalsegmentator_dataset_v201\nii\s0726.nii.gz,1.5,1.5,1.5,273,273,401,409.5,409.5,601.5,-1206.0,1979.0,-689.1707153320312,453.15679931640625,-1024.0,-970.0,270.0,0.0013134853335836165,0.000462756391885401,1.599609375,1.599609375,18.0
train(totalseg),s0734,F:\Totalsegmentator_dataset_v201\nii\s0734.nii.gz,1.5,1.5,1.5,224,224,145,336.0,336.0,217.5,-1197.0,3252.0,-493.4648132324219,505.7629089355469,-1030.0,-697.0,600.2099999999627,0.02291739971850809,0.0039057002111189303,1.3125,1.3125,18.0
train(totalseg),s0738,F:\Totalsegmentator_dataset_v201\nii\s0738.nii.gz,1.5,1.5,1.5,119,119,141,178.5,178.5,211.5,-1226.0,3280.0,-420.645751953125,507.4955139160156,-1024.0,-723.0,589.0,0.0012836173267805244,0.0005193566788417494,0.697265625,0.697265625,18.0
train(totalseg),s0741,F:\Totalsegmentator_dataset_v201\nii\s0741.nii.gz,1.5,1.5,1.5,242,242,40,363.0,363.0,60.0,-1080.0,1527.0,-607.275634765625,477.02325439453125,-1014.0,-945.0,412.0,0.00083242264872618,0.0004909159210436445,1.41796875,1.41796875,18.0
train(totalseg),s0740,F:\Totalsegmentator_dataset_v201\nii\s0740.nii.gz,1.0,1.0,1.0,51,153,393,51.0,153.0,393.0,-1127.0,1813.0,-182.61505126953125,408.22601318359375,-1019.018310546875,-48.977577209472656,692.000244140625,0.0004343601014811288,0.002807688043357747,0.59765625,0.19921875,12.0
train(totalseg),s0720,F:\Totalsegmentator_dataset_v201\nii\s0720.nii.gz,1.5,1.5,1.5,307,307,445,460.5,460.5,667.5,-1238.0,3069.0,-489.63555908203125,486.53240966796875,-1024.0,-144.0,337.0,0.0030037322587525826,0.0006714460675091204,1.798828125,1.798828125,18.0
train(totalseg),s0744,F:\Totalsegmentator_dataset_v201\nii\s0744.nii.gz,1.0,1.0,1.0,109,92,111,109.0,92.0,111.0,-1524.0,3553.0,-123.37748718261719,518.5855712890625,-1010.9933471679688,3.0122268199920654,1597.9656982421875,0.0036016271556758195,0.029106789278309023,0.359375,0.42578125,12.0
train(totalseg),s0735,F:\Totalsegmentator_dataset_v201\nii\s0735.nii.gz,1.0,1.0,1.0,229,136,229,229.0,136.0,229.0,-1079.0174560546875,1568.997314453125,-438.47528076171875,494.8065185546875,-1023.9915771484375,-222.97714233398438,382.9995422363281,0.0012596789445169193,0.0002658449776050845,0.53125,0.89453125,12.0
train(totalseg),s0727,F:\Totalsegmentator_dataset_v201\nii\s0727.nii.gz,1.5,1.5,1.5,247,247,525,370.5,370.5,787.5,-1553.0,3807.0,-700.0841064453125,463.6729736328125,-1030.0,-954.0,481.0,0.016634980484071457,0.0023438221497562232,1.447265625,1.447265625,18.0
train(totalseg),s0748,F:\Totalsegmentator_dataset_v201\nii\s0748.nii.gz,1.5,1.5,1.5,140,140,87,210.0,210.0,130.5,-1038.0,3168.0,-351.77984619140625,663.3111572265625,-1024.0,-95.0,1636.0,0.0021575181796856676,0.050157166314801785,0.8203125,0.8203125,18.0
train(totalseg),s0737,F:\Totalsegmentator_dataset_v201\nii\s0737.nii.gz,1.0,1.0,1.0,230,155,413,230.0,155.0,413.0,-1036.0137939453125,1532.0,-426.6014709472656,480.2972106933594,-1006.9995727539062,-111.99525451660156,336.0173034667969,2.227737835464717e-05,0.00029123597068514347,0.60546875,0.8984375,12.0
train(totalseg),s0743,F:\Totalsegmentator_dataset_v201\nii\s0743.nii.gz,1.5,1.5,1.5,231,231,207,346.5,346.5,310.5,-1213.0,3121.0,-305.67608642578125,462.159912109375,-1034.0,-117.0,488.0,0.02193100863410567,0.0011961183190246367,1.353515625,1.353515625,18.0
train(totalseg),s0731,F:\Totalsegmentator_dataset_v201\nii\s0731.nii.gz,1.5,1.5,1.5,299,299,427,448.5,448.5,640.5,-1094.0,2728.0,-585.2354125976562,477.80792236328125,-1024.0,-923.0,309.0,0.002709680664238502,0.001155229285507714,1.751953125,1.751953125,18.0
train(totalseg),s0733,F:\Totalsegmentator_dataset_v201\nii\s0733.nii.gz,1.5,1.5,1.5,283,283,434,424.5,424.5,651.0,-1192.0,2068.0,-652.3533935546875,470.3158874511719,-1024.0,-959.0,302.0,0.0026887135655231523,0.000393053466146393,1.658203125,1.658203125,18.0
train(totalseg),s0750,F:\Totalsegmentator_dataset_v201\nii\s0750.nii.gz,1.5,1.5,1.5,178,178,195,267.0,267.0,292.5,-1463.0,3620.0,-565.1759643554688,516.1107788085938,-1026.0,-891.0,827.0,0.013256549451474335,0.0036747496916667475,1.04296875,1.04296875,18.0
train(totalseg),s0746,F:\Totalsegmentator_dataset_v201\nii\s0746.nii.gz,1.5,1.5,1.5,233,233,294,349.5,349.5,441.0,-1207.0,3407.0,-398.9205627441406,503.64459228515625,-1042.0,-144.0,561.0,0.04957995028872936,0.0031110895028421833,1.365234375,1.365234375,18.0
train(totalseg),s0747,F:\Totalsegmentator_dataset_v201\nii\s0747.nii.gz,1.5,1.5,1.5,266,266,211,399.0,399.0,316.5,-1213.0,1953.0,-539.8477783203125,477.88616943359375,-1024.0,-859.0,298.0,0.00438754896339601,0.00031508045804553664,1.55859375,1.55859375,18.0
train(totalseg),s0739,F:\Totalsegmentator_dataset_v201\nii\s0739.nii.gz,1.5,1.5,1.5,263,263,440,394.5,394.5,660.0,-1193.0,1398.0,-515.4921875,496.61322021484375,-1024.0,-877.0,384.0,0.001877877010621676,0.0006939523107560505,1.541015625,1.541015625,18.0
train(totalseg),s0756,F:\Totalsegmentator_dataset_v201\nii\s0756.nii.gz,1.5,1.5,1.5,129,129,182,193.5,193.5,273.0,-1175.0,3188.0,-319.9714660644531,594.113525390625,-1028.0,-114.0,1729.0,0.017402404097915186,0.023064970604180987,0.755859375,0.755859375,18.0
train(totalseg),s0752,F:\Totalsegmentator_dataset_v201\nii\s0752.nii.gz,1.5,1.5,1.5,248,248,240,372.0,372.0,360.0,-1130.0,3594.0,-364.98480224609375,474.55950927734375,-1023.0,-103.0,407.0,0.0021239810960804717,0.000641150711064863,1.453125,1.453125,18.0
train(totalseg),s0753,F:\Totalsegmentator_dataset_v201\nii\s0753.nii.gz,1.5,1.5,1.5,218,218,193,327.0,327.0,289.5,-1177.0,3202.0,-494.9557800292969,499.994873046875,-1037.0,-796.0,562.0,0.03588368466011457,0.002857022928685633,1.27734375,1.27734375,18.0
train(totalseg),s0749,F:\Totalsegmentator_dataset_v201\nii\s0749.nii.gz,1.5,1.5,1.5,260,260,313,390.0,390.0,469.5,-1242.0,3233.0,-448.16534423828125,486.1188659667969,-1024.0,-129.0,339.0,0.004170461776485708,0.0006784408649107266,1.5234375,1.5234375,18.0
train(totalseg),s0759,F:\Totalsegmentator_dataset_v201\nii\s0759.nii.gz,1.0,1.0,1.0,196,166,201,196.0,166.0,201.0,-9001.005859375,6740.0205078125,-371.4952697753906,572.686279296875,-1158.099609375,-123.09771728515625,790.996337890625,0.09791404423664808,0.005961096900547668,0.6484375,0.765625,12.0
train(totalseg),s0766,F:\Totalsegmentator_dataset_v201\nii\s0766.nii.gz,1.5,1.5,1.5,118,138,100,177.0,207.0,150.0,-1070.0,3063.0,-410.1260986328125,590.296630859375,-1012.0,-486.0,1134.0,0.0008861459100957996,0.015634979120609186,0.80859375,0.69140625,18.0
train(totalseg),s0767,F:\Totalsegmentator_dataset_v201\nii\s0767.nii.gz,1.5,1.5,1.5,246,246,69,369.0,369.0,103.5,-1064.0,2877.0,-489.49530029296875,491.4852600097656,-1023.0,-703.0,558.0,0.004060011437866234,0.00042389077125129683,1.44140625,1.44140625,18.0
train(totalseg),s0760,F:\Totalsegmentator_dataset_v201\nii\s0760.nii.gz,1.5,1.5,1.5,247,247,288,370.5,370.5,432.0,-1053.0,3190.0,-472.1935119628906,499.3247985839844,-1020.0,-403.0,514.0,0.0014203846973397367,0.0021922994967955548,1.447265625,1.447265625,18.0
train(totalseg),s0769,F:\Totalsegmentator_dataset_v201\nii\s0769.nii.gz,1.5,1.5,1.5,245,245,191,367.5,367.5,286.5,-1142.0,3387.0,-661.6207275390625,468.39093017578125,-1024.0,-939.0,535.0,0.0009817897881301825,0.0037424193896156365,1.435546875,1.435546875,18.0
train(totalseg),s0765,F:\Totalsegmentator_dataset_v201\nii\s0765.nii.gz,1.5,1.5,1.5,228,228,396,342.0,342.0,594.0,-1047.0,3277.0,-598.4918823242188,487.729248046875,-1017.0,-930.0,407.0,0.00027091669231558426,0.0014288584521733182,1.3359375,1.3359375,18.0
train(totalseg),s0762,F:\Totalsegmentator_dataset_v201\nii\s0762.nii.gz,1.5,1.5,1.5,312,312,323,468.0,468.0,484.5,-1306.0,3454.0,-640.8191528320312,468.71942138671875,-1024.0,-943.0,240.0,0.0040032934174396425,0.0008376027666334883,1.828125,1.828125,18.0
train(totalseg),s0768,F:\Totalsegmentator_dataset_v201\nii\s0768.nii.gz,1.0,1.0,1.0,219,174,258,219.0,174.0,258.0,-1103.0196533203125,1471.007568359375,-331.5964050292969,482.6361389160156,-1018.9943237304688,-81.01046752929688,396.0094909667969,0.006722372817568289,0.00045365082109781463,0.6796875,0.85546875,12.0
train(totalseg),s0770,F:\Totalsegmentator_dataset_v201\nii\s0770.nii.gz,1.0,1.0,1.0,245,189,195,245.0,189.0,195.0,-1787.0792236328125,8508.0,-401.87890625,515.9231567382812,-1147.0147705078125,-153.05709838867188,621.004150390625,0.11728588871446015,0.00360430700566755,0.73828125,0.95703125,12.0
train(totalseg),s0772,F:\Totalsegmentator_dataset_v201\nii\s0772.nii.gz,1.0,1.0,1.0,249,123,201,249.0,123.0,201.0,-1156.02587890625,2936.970458984375,-115.85755157470703,370.4916076660156,-1000.0167236328125,-35.984619140625,939.0252075195312,0.0010207880795863827,0.008768641078305687,0.48046875,0.97265625,12.0
train(totalseg),s0754,F:\Totalsegmentator_dataset_v201\nii\s0754.nii.gz,1.5000001192092896,1.4999998807907104,1.5,376,202,649,564.0000448226929,302.9999759197235,973.5,-1214.0,3151.0,-511.694091796875,494.5727844238281,-1024.0,-725.0,433.0,0.0021159255348392313,0.0013495872119384455,1.18359365593642,2.203125175088644,18.0
train(totalseg),s0773,F:\Totalsegmentator_dataset_v201\nii\s0773.nii.gz,1.5,1.5,1.5,221,221,190,331.5,331.5,285.0,-1401.0,3346.0,-435.7927551269531,494.3312072753906,-1024.0,-143.0,424.0,0.0057603674221076125,0.0008518511733562937,1.294921875,1.294921875,18.0
train(totalseg),s0771,F:\Totalsegmentator_dataset_v201\nii\s0771.nii.gz,1.5,1.5,1.5,310,310,247,465.0,465.0,370.5,-1125.0,3237.0,-637.1531372070312,479.7571105957031,-1024.0,-945.0,366.0,0.006428524123901259,0.0010292918461987232,1.81640625,1.81640625,18.0
train(totalseg),s0764,F:\Totalsegmentator_dataset_v201\nii\s0764.nii.gz,1.5,1.5,1.5,291,291,405,436.5,436.5,607.5,-9547.0,10062.0,-1141.383544921875,2121.72607421875,-8192.0,-922.0,401.0,0.10590015446199935,0.0009520695441140426,1.705078125,1.705078125,18.0
train(totalseg),s0751,F:\Totalsegmentator_dataset_v201\nii\s0751.nii.gz,1.0,1.0,1.0,292,192,527,292.0,192.0,527.0,-1238.0076904296875,3150.01611328125,-512.7055053710938,496.5966796875,-1021.9935302734375,-835.0013427734375,431.0299987792969,0.0014123863541749167,0.0012412956994815496,0.75,1.140625,12.0
train(totalseg),s0775,F:\Totalsegmentator_dataset_v201\nii\s0775.nii.gz,1.5,1.5,1.5,224,175,174,336.0,262.5,261.0,-2170.0,9962.0,-343.8687744140625,504.5132751464844,-1140.0,-118.0,651.0,0.09353800140745953,0.003557353976073188,1.025390625,1.3125,18.0
train(totalseg),s0782,F:\Totalsegmentator_dataset_v201\nii\s0782.nii.gz,1.5,1.4999998807907104,1.5,255,177,79,382.5,265.49997889995575,118.5,-1194.0,1296.0,-582.7603149414062,474.9742126464844,-1024.0,-858.0,347.0,0.006175564396665307,1.1779005661214483e-05,1.0371092925779521,1.494140625,18.0
train(totalseg),s0763,F:\Totalsegmentator_dataset_v201\nii\s0763.nii.gz,1.5,1.5,1.5,292,292,514,438.0,438.0,771.0,-1261.0,3232.0,-589.510986328125,494.1973571777344,-1024.0,-934.0,425.0,0.002981308964809611,0.0026334310202712945,1.7109375,1.7109375,18.0
train(totalseg),s0776,F:\Totalsegmentator_dataset_v201\nii\s0776.nii.gz,1.0,1.0,1.0,227,133,173,227.0,133.0,173.0,-1085.0025634765625,2084.978759765625,-101.50035858154297,347.62255859375,-1001.01025390625,-21.9887752532959,725.9921264648438,0.0009040703267921299,0.0040803783999563475,0.51953125,0.88671875,12.0
train(totalseg),s0781,F:\Totalsegmentator_dataset_v201\nii\s0781.nii.gz,1.5,1.5,1.5,289,289,92,433.5,433.5,138.0,-1116.0,2224.0,-588.8411865234375,480.6640625,-1024.0,-891.0,407.0,0.007025049154521409,0.00035450600031338125,1.693359375,1.693359375,18.0
train(totalseg),s0780,F:\Totalsegmentator_dataset_v201\nii\s0780.nii.gz,1.5,1.5,1.5,201,201,194,301.5,301.5,291.0,-1043.0,2320.0,-528.7903442382812,493.3153381347656,-1017.0,-860.0,465.0,0.0009267911540438154,0.0007354108221239746,1.177734375,1.177734375,18.0
train(totalseg),s0784,F:\Totalsegmentator_dataset_v201\nii\s0784.nii.gz,1.5,1.5,1.5,221,221,215,331.5,331.5,322.5,-1308.0,3397.0,-498.2986145019531,513.1202392578125,-1025.0,-770.0,692.0,0.011324262800148102,0.0018101450401568793,1.294921875,1.294921875,18.0
train(totalseg),s0786,F:\Totalsegmentator_dataset_v201\nii\s0786.nii.gz,1.5,1.5,1.5,174,174,155,261.0,261.0,232.5,-1382.0,3305.0,-665.404541015625,523.3673095703125,-1014.0,-952.0,1346.0,0.0012894275887640162,0.01863564880518584,1.01953125,1.01953125,18.0
train(totalseg),s0785,F:\Totalsegmentator_dataset_v201\nii\s0785.nii.gz,1.5,1.5,1.5,209,179,211,313.5,268.5,316.5,-28526.0,23350.0,-450.005859375,514.1818237304688,-1035.0,-320.0,511.0,0.02046131838407322,0.002127259579889036,1.048828125,1.224609375,18.0
train(totalseg),s0787,F:\Totalsegmentator_dataset_v201\nii\s0787.nii.gz,1.5,1.5,1.5,221,221,155,331.5,331.5,232.5,-1306.0,3322.0,-488.1349792480469,505.1539611816406,-1024.0,-766.0,601.0,0.006503789253768251,0.001766363431257394,1.294921875,1.294921875,18.0
train(totalseg),s0791,F:\Totalsegmentator_dataset_v201\nii\s0791.nii.gz,1.5,1.5,1.5,124,124,149,186.0,186.0,223.5,-1100.0,3266.0,-250.4122772216797,533.4855346679688,-1015.0,-60.0,732.0,0.0016542821026754848,0.005007367884404528,0.7265625,0.7265625,18.0
train(totalseg),s0792,F:\Totalsegmentator_dataset_v201\nii\s0792.nii.gz,1.5,1.5,1.5,125,152,109,187.5,228.0,163.5,-1504.0,2475.0,-493.16717529296875,631.27001953125,-1024.0,-934.0,1499.0,0.003000482858522453,0.03482761950748431,0.890625,0.732421875,18.0
train(totalseg),s0788,F:\Totalsegmentator_dataset_v201\nii\s0788.nii.gz,1.5,1.5,1.5,225,225,267,337.5,337.5,400.5,-1049.0,3004.0,-551.6296997070312,476.9621887207031,-1019.0,-895.0,387.0,0.0014272523372810635,0.0006431957194858785,1.318359375,1.318359375,18.0
train(totalseg),s0778,F:\Totalsegmentator_dataset_v201\nii\s0778.nii.gz,1.5,1.5,1.5,262,262,431,393.0,393.0,646.5,-9571.0,2213.0,-715.1566772460938,1292.01318359375,-8192.0,-897.0,377.0,0.03803189156603905,0.0008051223628820339,1.53515625,1.53515625,18.0
train(totalseg),s0789,F:\Totalsegmentator_dataset_v201\nii\s0789.nii.gz,1.5,1.5,1.5,279,279,242,418.5,418.5,363.0,-1193.0,1766.0,-555.7008056640625,479.1471252441406,-1024.0,-872.0,341.0,0.004455467356919936,0.0004496343204231128,1.634765625,1.634765625,18.0
train(totalseg),s0793,F:\Totalsegmentator_dataset_v201\nii\s0793.nii.gz,1.5,1.5,1.5,223,223,171,334.5,334.5,256.5,-1048.0,3429.0,-578.751220703125,480.6540832519531,-1018.0,-906.0,346.0,0.000905492458541381,0.0005515272247479321,1.306640625,1.306640625,18.0
train(totalseg),s0783,F:\Totalsegmentator_dataset_v201\nii\s0783.nii.gz,1.0,1.0,1.0,165,159,659,165.0,159.0,659.0,-1358.0,2522.03076171875,-688.0897827148438,476.0344543457031,-1024.0045166015625,-978.9874267578125,395.9793701171875,0.013369182997264424,0.004337878744498265,0.62109375,0.64453125,12.0
train(totalseg),s0800,F:\Totalsegmentator_dataset_v201\nii\s0800.nii.gz,1.5,1.5,1.5,167,167,48,250.5,250.5,72.0,-1083.0,3358.0,-145.71315002441406,383.9080810546875,-1017.0,-73.0,601.0,0.0007858534428149688,0.004691216369655898,0.978515625,0.978515625,18.0
train(totalseg),s0774,F:\Totalsegmentator_dataset_v201\nii\s0774.nii.gz,1.0,1.0,1.0,258,206,626,258.0,206.0,626.0,-1047.0,1966.9798583984375,-654.4774169921875,465.68914794921875,-1011.9886474609375,-981.0010375976562,368.992919921875,0.0028894837608968793,0.0021634083543125354,0.8046875,1.0078125,12.0
train(totalseg),s0777,F:\Totalsegmentator_dataset_v201\nii\s0777.nii.gz,1.5,1.5,1.5,305,305,536,457.5,457.5,804.0,-1139.0,3531.0,-639.063720703125,481.5462646484375,-1024.0,-970.0,352.0,0.003693739044631719,0.0022948613556779394,1.787109375,1.787109375,18.0
train(totalseg),s0798,F:\Totalsegmentator_dataset_v201\nii\s0798.nii.gz,1.5,1.4999998807907104,1.5,236,178,211,354.0,266.99997878074646,316.5,-2533.0,6710.0,-500.77386474609375,533.8856201171875,-1169.0,-838.0,597.0,0.1496143254107488,0.0034426971159866827,1.0429686671122909,1.3828125,18.0
train(totalseg),s0795,F:\Totalsegmentator_dataset_v201\nii\s0795.nii.gz,1.0,1.0,1.0,292,224,188,292.0,224.0,188.0,-9136.0,4910.943359375,-667.1793212890625,1293.29052734375,-8192.0341796875,-671.9955444335938,425.0650939941406,0.04444426734188283,0.000826562955406587,0.875,1.140625,12.0
train(totalseg),s0802,F:\Totalsegmentator_dataset_v201\nii\s0802.nii.gz,1.0,1.0,1.0,203,168,177,203.0,168.0,177.0,-9643.8701171875,8106.04248046875,-410.3394470214844,910.2302856445312,-1330.0457763671875,-109.98580932617188,904.0534057617188,0.11115352043798232,0.00758994421848225,0.65625,0.79296875,12.0
train(totalseg),s0805,F:\Totalsegmentator_dataset_v201\nii\s0805.nii.gz,1.0,1.0,1.0,208,147,198,208.0,147.0,198.0,-1296.99267578125,1873.009033203125,-363.32293701171875,465.6344909667969,-1023.968017578125,-112.97872924804688,471.02862548828125,0.006243095528809814,0.000995697424268853,0.57421875,0.8125,12.0
train(totalseg),s0809,F:\Totalsegmentator_dataset_v201\nii\s0809.nii.gz,1.0,1.0,1.0,115,114,191,115.0,114.0,191.0,-1376.9776611328125,3459.0,-467.5588684082031,545.2225341796875,-1028.998046875,-720.9735107421875,877.0101318359375,0.014247546934716714,0.007200450477434195,0.4453125,0.44921875,12.0
train(totalseg),s0790,F:\Totalsegmentator_dataset_v201\nii\s0790.nii.gz,1.5,1.5,1.5,291,291,538,436.5,436.5,807.0,-1597.0,3771.0,-715.8496704101562,471.7607727050781,-1024.0,-977.0,548.0,0.009215468497576736,0.005742629240710824,1.705078125,1.705078125,18.0
train(totalseg),s0796,F:\Totalsegmentator_dataset_v201\nii\s0796.nii.gz,1.5,1.5,1.5,281,281,410,421.5,421.5,615.0,-1042.0,1731.0,-658.1937255859375,475.06292724609375,-1024.0,-960.0,423.0,0.0008911158324555204,0.0009079194309461372,1.646484375,1.646484375,18.0
train(totalseg),s0794,F:\Totalsegmentator_dataset_v201\nii\s0794.nii.gz,1.5,1.5,1.5,283,283,447,424.5,424.5,670.5,-1232.0,2166.0,-554.7722778320312,481.36309814453125,-1024.0,-915.0,312.0,0.0020614648366892472,0.000677769414599294,1.658203125,1.658203125,18.0
train(totalseg),s0801,F:\Totalsegmentator_dataset_v201\nii\s0801.nii.gz,1.5,1.5,1.5,256,171,445,384.0,256.5,667.5,-1154.0,2751.0,-404.8909912109375,503.5790100097656,-1022.0,-95.0,446.0,0.007224727314541034,0.0012823197976213944,1.001953125,1.5,18.0
train(totalseg),s0797,F:\Totalsegmentator_dataset_v201\nii\s0797.nii.gz,1.5,1.5,1.5,264,264,433,396.0,396.0,649.5,-1045.0,3241.0,-448.7351379394531,472.9364318847656,-1024.0,-131.0,367.0,0.0003573420537518795,0.0007979225384222235,1.546875,1.546875,18.0
train(totalseg),s0813,F:\Totalsegmentator_dataset_v201\nii\s0813.nii.gz,1.5,1.5,1.5,122,122,123,183.0,183.0,184.5,-1087.0,3391.0,-186.96817016601562,415.0322265625,-926.0,-50.0,570.0,0.00017807084816346685,0.0016588992818173276,0.71484375,0.71484375,18.0
train(totalseg),s0804,F:\Totalsegmentator_dataset_v201\nii\s0804.nii.gz,1.5,1.5,1.5,236,236,467,354.0,354.0,700.5,-1223.0,3420.0,-417.5240173339844,504.93780517578125,-1024.0,-120.0,563.0,0.005333555811525088,0.002949630219715156,1.3828125,1.3828125,18.0
train(totalseg),s0808,F:\Totalsegmentator_dataset_v201\nii\s0808.nii.gz,1.0,1.0,1.0,246,209,200,246.0,209.0,200.0,-10248.0,10446.0244140625,-444.71728515625,935.9817504882812,-7064.920356445307,-134.9839630126953,505.0602722167969,0.11874956237600653,0.002558058116466332,0.81640625,0.9609375,12.0
train(totalseg),s0811,F:\Totalsegmentator_dataset_v201\nii\s0811.nii.gz,1.5,1.5,1.5,233,233,223,349.5,349.5,334.5,-1051.0,3284.0,-463.70391845703125,479.4273376464844,-1019.0,-372.0,443.0,0.001668118922713188,0.000743570514595896,1.365234375,1.365234375,18.0
train(totalseg),s0807,F:\Totalsegmentator_dataset_v201\nii\s0807.nii.gz,1.5,1.5,1.5,250,250,454,375.0,375.0,681.0,-9615.0,4362.0,-1369.43017578125,2497.474853515625,-8192.0,-917.0,613.0,0.12634993368283107,0.0027541845367075705,1.46484375,1.46484375,18.0
train(totalseg),s0814,F:\Totalsegmentator_dataset_v201\nii\s0814.nii.gz,1.5,1.5,1.5,174,174,176,261.0,261.0,264.0,-1110.0,3159.0,-629.8274536132812,505.3217468261719,-1021.0,-964.0,598.0,0.0044077442078333876,0.004217449464922711,1.01953125,1.01953125,18.0
train(totalseg),s0818,F:\Totalsegmentator_dataset_v201\nii\s0818.nii.gz,1.5,1.5,1.5,216,216,165,324.0,324.0,247.5,-1244.0,3298.0,-483.58941650390625,537.9735107421875,-1024.0,-868.0,568.0,0.00370993889512408,0.0016466101342644552,1.265625,1.265625,18.0
train(totalseg),s0815,F:\Totalsegmentator_dataset_v201\nii\s0815.nii.gz,1.5,1.5,1.5,253,253,267,379.5,379.5,400.5,-1232.0,3294.0,-597.497802734375,514.2481689453125,-1024.0,-992.0,388.0,0.004104408052096597,0.0026230506168197524,1.482421875,1.482421875,18.0
train(totalseg),s0810,F:\Totalsegmentator_dataset_v201\nii\s0810.nii.gz,1.5,1.5,1.5,289,289,289,433.5,433.5,433.5,-1510.0,3541.0,-668.8505249023438,451.967041015625,-1024.0,-942.0,385.0,0.0028296953203388524,0.0024370710552975463,1.693359375,1.693359375,18.0
train(totalseg),s0819,F:\Totalsegmentator_dataset_v201\nii\s0819.nii.gz,1.5,1.5,1.5,212,212,157,318.0,318.0,235.5,-1527.0,3672.0,-350.07269287109375,510.21820068359375,-1032.0,-139.0,809.0,0.016776716332625115,0.007500345794795165,1.2421875,1.2421875,18.0
train(totalseg),s0825,F:\Totalsegmentator_dataset_v201\nii\s0825.nii.gz,1.5,1.5,1.5,153,153,134,229.5,229.5,201.0,-1071.0,3415.0,-153.76205444335938,395.5477294921875,-1007.0,-65.0,646.0,0.0014109893949450492,0.0023845912051940732,0.896484375,0.896484375,18.0
train(totalseg),s0816,F:\Totalsegmentator_dataset_v201\nii\s0816.nii.gz,1.0,1.0,1.0,233,212,204,233.0,212.0,204.0,-9154.0322265625,5531.0,-390.976318359375,606.3256225585938,-1029.030517578125,-105.00981140136719,495.0532531738281,0.015741331758227624,0.0015766935165028842,0.828125,0.91015625,12.0
train(totalseg),s0820,F:\Totalsegmentator_dataset_v201\nii\s0820.nii.gz,1.5,1.5,1.5,193,193,252,289.5,289.5,378.0,-1521.0,3676.0,-608.131103515625,541.3069458007812,-1039.0,-938.0,1248.0,0.045440647721522356,0.013435960263136868,1.130859375,1.130859375,18.0
train(totalseg),s0821,F:\Totalsegmentator_dataset_v201\nii\s0821.nii.gz,1.5,1.5,1.5,213,213,244,319.5,319.5,366.0,-1416.0,3630.0,-531.4730224609375,484.206787109375,-1031.0,-826.0,458.0,0.022235158042846474,0.0018628665706236186,1.248046875,1.248046875,18.0
train(totalseg),s0822,F:\Totalsegmentator_dataset_v201\nii\s0822.nii.gz,1.5,1.5,1.5,211,211,219,316.5,316.5,328.5,-1263.0,3340.0,-417.48577880859375,509.4120178222656,-1024.0,-175.0,537.0,0.00700403072788997,0.0021343370837222184,1.236328125,1.236328125,18.0
train(totalseg),s0826,F:\Totalsegmentator_dataset_v201\nii\s0826.nii.gz,1.5,1.5,1.5,221,221,123,331.5,331.5,184.5,-1304.0,1683.0,-420.4293518066406,489.8412780761719,-1024.0,-200.0,535.0,0.00396441481601826,0.0008516101023996229,1.294921875,1.294921875,18.0
train(totalseg),s0824,F:\Totalsegmentator_dataset_v201\nii\s0824.nii.gz,1.4999998807907104,1.4999998807907104,1.5,265,184,200,397.49996840953827,275.9999780654907,300.0,-1783.0,7515.0,-508.6258239746094,530.74658203125,-1146.0,-848.0,665.0,0.134680578342904,0.003486464315012305,1.0781249143183231,1.5527342515997589,18.0
train(totalseg),s0806,F:\Totalsegmentator_dataset_v201\nii\s0806.nii.gz,1.0,1.0,1.0,306,255,387,306.0,255.0,387.0,-1277.9951171875,1916.0228271484375,-345.2690734863281,464.11895751953125,-1023.9845581054688,-100.9871597290039,417.0240173339844,0.0026084178300697643,0.001128036067482943,0.99609375,1.1953125,12.0
train(totalseg),s0839,F:\Totalsegmentator_dataset_v201\nii\s0839.nii.gz,1.5,1.5,1.5,96,96,83,144.0,144.0,124.5,-1038.0,1605.0,-201.25387573242188,485.0849304199219,-887.0,-31.0,803.0,2.222431392235609e-05,0.0001438043842034806,0.5625,0.5625,18.0
train(totalseg),s0837,F:\Totalsegmentator_dataset_v201\nii\s0837.nii.gz,1.0,1.0,1.0,77,101,185,77.0,101.0,185.0,-1147.0,2103.0,-331.3667907714844,506.85443115234375,-1024.01220703125,-110.97724151611328,1008.0125732421875,0.011446781743811446,0.009837740530809838,0.39453125,0.30078125,12.0
train(totalseg),s0832,F:\Totalsegmentator_dataset_v201\nii\s0832.nii.gz,1.5,1.5,1.5,257,257,104,385.5,385.5,156.0,-1164.0,3505.0,-538.2546997070312,496.64129638671875,-1024.0,-852.0,560.0,0.004869927571255373,0.0005817359373052873,1.505859375,1.505859375,18.0
train(totalseg),s0834,F:\Totalsegmentator_dataset_v201\nii\s0834.nii.gz,1.5,1.5,1.5,267,178,186,400.5,267.0,279.0,-1295.0,3137.0,-313.59808349609375,447.8995666503906,-1024.0,-109.0,488.0,0.0056697858784774385,0.0014559087042299408,1.04296875,1.564453125,18.0
train(totalseg),s0829,F:\Totalsegmentator_dataset_v201\nii\s0829.nii.gz,1.0,1.0,1.0,212,172,207,212.0,172.0,207.0,-9176.8505859375,7914.12109375,-489.7750549316406,725.8199462890625,-1202.0562744140625,-416.10076904296875,602.9222412109375,0.13242894056847546,0.0037042689712625037,0.671875,0.828125,12.0
train(totalseg),s0838,F:\Totalsegmentator_dataset_v201\nii\s0838.nii.gz,1.5,1.5,1.5,131,131,115,196.5,196.5,172.5,-1144.0,3312.0,-231.12924194335938,436.9237365722656,-938.0,-84.0,433.0,0.0003400024828795322,0.0010630778078707282,0.767578125,0.767578125,18.0
train(totalseg),s0843,F:\Totalsegmentator_dataset_v201\nii\s0843.nii.gz,1.0,1.0,1.0,97,48,87,97.0,48.0,87.0,-1452.0,2027.0,-340.70635986328125,525.1505737304688,-1035.00830078125,-71.0172119140625,880.2980316161909,0.13097177785677608,0.007564087372121499,0.1875,0.37890625,12.0
train(totalseg),s0833,F:\Totalsegmentator_dataset_v201\nii\s0833.nii.gz,1.0,1.0,1.0,190,165,221,190.0,165.0,221.0,-1181.978271484375,6426.98193359375,-374.053466796875,513.047607421875,-1035.0438232421875,-86.04243469238281,645.9605102539062,0.01944243017675776,0.0034749966514403424,0.64453125,0.7421875,12.0
train(totalseg),s0846,F:\Totalsegmentator_dataset_v201\nii\s0846.nii.gz,1.5,1.5,1.5,102,102,75,153.0,153.0,112.5,-1033.0,1292.0,-288.327392578125,530.1806640625,-926.0,-105.0,646.0,8.714596949891067e-05,3.460207612456748e-05,0.59765625,0.59765625,18.0
train(totalseg),s0840,F:\Totalsegmentator_dataset_v201\nii\s0840.nii.gz,1.5,1.5,1.5,144,144,137,216.0,216.0,205.5,-1079.0,3365.0,-343.9737243652344,438.4360656738281,-1023.0,-113.0,471.0,0.0006934588176984771,0.001384805578084167,0.84375,0.84375,18.0
train(totalseg),s0812,F:\Totalsegmentator_dataset_v201\nii\s0812.nii.gz,1.5,1.5,1.5,328,328,549,492.0,492.0,823.5,-1637.0,3611.0,-670.0034790039062,474.57061767578125,-1024.0,-958.0,397.0,0.009446420843686573,0.003362982708143284,1.921875,1.921875,18.0
train(totalseg),s0830,F:\Totalsegmentator_dataset_v201\nii\s0830.nii.gz,1.5,1.5,1.5,248,248,440,372.0,372.0,660.0,-9580.0,3962.0,-1360.282470703125,2383.906982421875,-8192.0,-937.0,363.0,0.13833644682855462,0.0004899163624305025,1.453125,1.453125,18.0
train(totalseg),s0848,F:\Totalsegmentator_dataset_v201\nii\s0848.nii.gz,1.5,1.5,1.5,220,173,91,330.0,259.5,136.5,-1063.0,2177.0,-430.2753601074219,481.2911071777344,-1024.0,-664.0,429.0,0.003215281827998591,0.00022463086046901076,1.013671875,1.2890625,18.0
train(totalseg),s0850,F:\Totalsegmentator_dataset_v201\nii\s0850.nii.gz,1.5,1.5,1.5,133,133,275,199.5,199.5,412.5,-1338.0,3286.0,-143.60121154785156,442.05419921875,-1022.0,-85.0,1305.0,0.0009244572282811139,0.013339566275997661,0.779296875,0.779296875,18.0
train(totalseg),s0835,F:\Totalsegmentator_dataset_v201\nii\s0835.nii.gz,1.5,1.5,1.5,264,264,419,396.0,396.0,628.5,-1039.0,1380.0,-504.1158142089844,474.0067443847656,-1024.0,-637.0,285.0,0.0005033793189175085,0.0003261692525638958,1.546875,1.546875,18.0
train(totalseg),s0836,F:\Totalsegmentator_dataset_v201\nii\s0836.nii.gz,1.5,1.5,1.5,231,231,439,346.5,346.5,658.5,-1042.0,2717.0,-587.33447265625,489.2603454589844,-1015.0,-922.0,406.0,0.0006674780905311343,0.0008600888058340556,1.353515625,1.353515625,18.0
train(totalseg),s0831,F:\Totalsegmentator_dataset_v201\nii\s0831.nii.gz,1.5,1.5,1.5,253,253,524,379.5,379.5,786.0,-1232.0,1995.0,-639.7807006835938,494.80596923828125,-1024.0,-965.0,409.0,0.0017922091613515366,0.003182995908735195,1.482421875,1.482421875,18.0
train(totalseg),s0845,F:\Totalsegmentator_dataset_v201\nii\s0845.nii.gz,1.0,1.0,1.0,225,132,217,225.0,132.0,217.0,-1302.9913330078125,2241.979248046875,-313.4526672363281,480.2593994140625,-1022.0158081054688,-113.97757720947266,733.0220947265625,0.003041164331486912,0.003023786249592701,0.515625,0.87890625,12.0
train(totalseg),s0844,F:\Totalsegmentator_dataset_v201\nii\s0844.nii.gz,1.0,1.0,1.0,276,138,186,276.0,138.0,186.0,-9453.9189453125,3920.06298828125,-492.9075622558594,1004.0296020507812,-8188.8994140625,-145.11685180664062,687.015625,0.12274178868178502,0.004824142393506379,0.5390625,1.078125,12.0
train(totalseg),s0852,F:\Totalsegmentator_dataset_v201\nii\s0852.nii.gz,1.5,1.5,1.5,219,219,37,328.5,328.5,55.5,-1054.0,3490.0,-570.4196166992188,470.5336608886719,-1026.0,-862.0,335.0,0.015309172937245746,0.0007387759311197104,1.283203125,1.283203125,18.0
train(totalseg),s0851,F:\Totalsegmentator_dataset_v201\nii\s0851.nii.gz,1.5,1.5,1.5,164,164,146,246.0,246.0,219.0,-1033.0,3145.0,-544.2870483398438,535.818359375,-1007.0,-954.0,879.0,0.00011663393446497111,0.007266446912715034,0.9609375,0.9609375,18.0
train(totalseg),s0847,F:\Totalsegmentator_dataset_v201\nii\s0847.nii.gz,1.5,1.5,1.5,275,275,224,412.5,412.5,336.0,-1141.0,3350.0,-561.5425415039062,483.1668395996094,-1024.0,-870.0,380.0,0.0047103876639484265,0.0007894919996195987,1.611328125,1.611328125,18.0
train(totalseg),s0855,F:\Totalsegmentator_dataset_v201\nii\s0855.nii.gz,1.5,1.5,1.5,167,167,114,250.5,250.5,171.0,-1044.0,2150.0,-648.9530029296875,591.5103149414062,-1024.0,-993.0,1503.0,0.0026074544890678773,0.026078319251820973,0.978515625,0.978515625,18.0
train(totalseg),s0849,F:\Totalsegmentator_dataset_v201\nii\s0849.nii.gz,1.5,1.5,1.5,251,251,245,376.5,376.5,367.5,-1467.0,3734.0,-704.7164916992188,479.4664001464844,-1042.0,-960.0,827.0,0.046140107369833,0.007623589850969677,1.470703125,1.470703125,18.0
train(totalseg),s0842,F:\Totalsegmentator_dataset_v201\nii\s0842.nii.gz,1.5,1.5,1.5,245,245,450,367.5,367.5,675.0,-1145.0,3557.0,-524.0869140625,502.4637451171875,-1024.0,-837.0,275.0,0.005293424036281179,0.0006100421120829284,1.435546875,1.435546875,18.0
train(totalseg),s0853,F:\Totalsegmentator_dataset_v201\nii\s0853.nii.gz,1.5,1.5,1.5,175,175,162,262.5,262.5,243.0,-1514.0,3395.0,-441.3807678222656,524.509521484375,-1025.0,-205.0,873.0,0.010636432350718065,0.007462433862433862,1.025390625,1.025390625,18.0
train(totalseg),s0858,F:\Totalsegmentator_dataset_v201\nii\s0858.nii.gz,1.5,1.5,1.5,145,145,124,217.5,217.5,186.0,-1052.0,3318.0,-313.8880920410156,531.4144287109375,-1016.0,-123.0,806.0,0.0019914847915308196,0.005802615933412604,0.849609375,0.849609375,18.0
train(totalseg),s0865,F:\Totalsegmentator_dataset_v201\nii\s0865.nii.gz,1.5,1.5,1.5,115,119,155,172.5,178.5,232.5,-1381.0,3596.0,-272.2146911621094,542.1910400390625,-1028.0,-100.0,1284.0,0.010833613052382264,0.014891739299332069,0.697265625,0.673828125,18.0
train(totalseg),s0857,F:\Totalsegmentator_dataset_v201\nii\s0857.nii.gz,1.5,1.5,1.5,179,179,227,268.5,268.5,340.5,-1547.0,3435.0,-571.2905883789062,564.4598999023438,-1035.0,-930.0,1398.0,0.03783312902464738,0.019508592238909724,1.048828125,1.048828125,18.0
train(totalseg),s0867,F:\Totalsegmentator_dataset_v201\nii\s0867.nii.gz,1.0,1.0,1.0,103,160,133,103.0,160.0,133.0,-1258.0341796875,3110.0068359375,-451.7962646484375,524.76318359375,-1024.0074462890625,-556.98291015625,725.0197143554688,0.018524162347616613,0.0039738302065844226,0.625,0.40234375,12.0
train(totalseg),s0868,F:\Totalsegmentator_dataset_v201\nii\s0868.nii.gz,1.5,1.5,1.5,176,176,145,264.0,264.0,217.5,-1228.0,3235.0,-626.3402709960938,505.7430114746094,-1024.0,-985.0,634.0,0.0012450122697829377,0.003034383445077192,1.03125,1.03125,18.0
train(totalseg),s0861,F:\Totalsegmentator_dataset_v201\nii\s0861.nii.gz,1.5,1.5,1.5,332,332,140,498.0,498.0,210.0,-1137.0,3573.0,-677.4552612304688,458.326416015625,-1024.0,-971.0,271.0,0.003102254111108807,0.001091802666777264,1.9453125,1.9453125,18.0
train(totalseg),s0870,F:\Totalsegmentator_dataset_v201\nii\s0870.nii.gz,1.5,1.5,1.5,217,217,114,325.5,325.5,171.0,-1549.0,3567.0,-579.9508666992188,536.3713989257812,-1021.0,-957.0,1125.0,0.0018520360660831505,0.01155426845693094,1.271484375,1.271484375,18.0
train(totalseg),s0862,F:\Totalsegmentator_dataset_v201\nii\s0862.nii.gz,1.5,1.5,1.5,272,272,183,408.0,408.0,274.5,-1243.0,3414.0,-514.7885131835938,509.05859375,-1024.0,-887.0,525.0,0.004422088416951287,0.002955297251408109,1.59375,1.59375,18.0
train(totalseg),s0866,F:\Totalsegmentator_dataset_v201\nii\s0866.nii.gz,1.5,1.5,1.5,236,236,256,354.0,354.0,384.0,-1172.0,1935.0,-568.2329711914062,490.62286376953125,-1024.0,-892.0,429.0,0.0026247396581442115,0.0008691153763286412,1.3828125,1.3828125,18.0
train(totalseg),s0871,F:\Totalsegmentator_dataset_v201\nii\s0871.nii.gz,1.5,1.5,1.5,200,200,169,300.0,300.0,253.5,-1243.0,3346.0,-434.2132873535156,521.6160888671875,-1025.0,-230.0,906.0,0.010711242603550296,0.003915976331360946,1.171875,1.171875,18.0
train(totalseg),s0876,F:\Totalsegmentator_dataset_v201\nii\s0876.nii.gz,1.5,1.5,1.5,119,119,95,178.5,178.5,142.5,-1170.0,1327.0,-404.10858154296875,440.9559326171875,-980.0,-167.0,273.0,0.0004348488621454774,2.0813278871920286e-05,0.697265625,0.697265625,18.0
train(totalseg),s0875,F:\Totalsegmentator_dataset_v201\nii\s0875.nii.gz,1.5,1.5,1.5,190,190,170,285.0,285.0,255.0,-1034.0,3225.0,-564.53271484375,534.2830810546875,-1016.0,-954.0,908.0,0.0006556949649665961,0.007492911846178915,1.11328125,1.11328125,18.0
train(totalseg),s0859,F:\Totalsegmentator_dataset_v201\nii\s0859.nii.gz,1.5,1.5,1.5,241,241,450,361.5,361.5,675.0,-1057.0,3260.0,-615.8797607421875,493.78265380859375,-1021.0,-928.0,413.0,0.0015260674169340453,0.0022470525847800354,1.412109375,1.412109375,18.0
train(totalseg),s0873,F:\Totalsegmentator_dataset_v201\nii\s0873.nii.gz,1.5,1.5,1.5,207,207,179,310.5,310.5,268.5,-1625.0,3531.0,-402.89996337890625,508.3169250488281,-1032.0,-147.0,757.0,0.0180657765113093,0.007128057312334387,1.212890625,1.212890625,18.0
train(totalseg),s0874,F:\Totalsegmentator_dataset_v201\nii\s0874.nii.gz,1.0,1.0,1.0,142,184,247,142.0,184.0,247.0,-1276.0362548828125,3274.98779296875,-429.429931640625,548.0135498046875,-1022.9771118164062,-324.9894104003906,1152.9639892578125,0.008666769141516942,0.013905382656792718,0.71875,0.5546875,12.0
train(totalseg),s0877,F:\Totalsegmentator_dataset_v201\nii\s0877.nii.gz,1.5,1.5,1.5,199,199,75,298.5,298.5,112.5,-1256.0,3205.0,-508.5105285644531,527.3263549804688,-1027.0,-794.0,734.0,0.017620424527857198,0.0029184438378007833,1.166015625,1.166015625,18.0
train(totalseg),s0879,F:\Totalsegmentator_dataset_v201\nii\s0879.nii.gz,1.5,1.5,1.5,133,133,118,199.5,199.5,177.0,-1062.0,3346.0,-210.4783172607422,430.9189453125,-969.0,-65.0,599.0,0.00021463113627064986,0.0013539008729929834,0.779296875,0.779296875,18.0
train(totalseg),s0881,F:\Totalsegmentator_dataset_v201\nii\s0881.nii.gz,1.5,1.5,1.5,112,112,135,168.0,168.0,202.5,-1038.0,3160.0,-311.57940673828125,500.9911193847656,-985.0,-117.0,642.0,0.00031769652305366593,0.004034982048374905,0.65625,0.65625,18.0
train(totalseg),s0864,F:\Totalsegmentator_dataset_v201\nii\s0864.nii.gz,1.5,1.5,1.5,286,286,391,429.0,429.0,586.5,-9758.0,4057.0,-2614.3779296875,3447.60595703125,-8197.0,-983.0,309.0,0.2859707137461291,0.0009960528093091666,1.67578125,1.67578125,18.0
train(totalseg),s0863,F:\Totalsegmentator_dataset_v201\nii\s0863.nii.gz,1.5,1.5,1.5,263,263,435,394.5,394.5,652.5,-1054.0,2912.0,-648.2938232421875,468.7841796875,-1024.0,-947.0,304.0,0.002319023383264213,0.0005344229534924407,1.541015625,1.541015625,18.0
train(totalseg),s0883,F:\Totalsegmentator_dataset_v201\nii\s0883.nii.gz,1.5,1.5,1.5,142,142,119,213.0,213.0,178.5,-1233.0,3280.0,-270.42340087890625,496.2471923828125,-1024.0,-88.0,663.0,0.0030131076433747473,0.0032064799734613145,0.83203125,0.83203125,18.0
train(totalseg),s0869,F:\Totalsegmentator_dataset_v201\nii\s0869.nii.gz,1.5,1.5,1.5,261,261,459,391.5,391.5,688.5,-1055.0,1439.0,-579.737060546875,480.13983154296875,-1024.0,-920.0,308.0,0.00060023886743676,0.0005685126868902305,1.529296875,1.529296875,18.0
train(totalseg),s0891,F:\Totalsegmentator_dataset_v201\nii\s0891.nii.gz,1.5,1.5,1.5,117,117,131,175.5,175.5,196.5,-1045.0,3165.0,-170.08457946777344,433.09326171875,-1000.0,-33.0,626.0,0.00038533195706810894,0.0026036395188871212,0.685546875,0.685546875,18.0
train(totalseg),s0890,F:\Totalsegmentator_dataset_v201\nii\s0890.nii.gz,1.5,1.5,1.5,233,233,191,349.5,349.5,286.5,-1044.0,2037.0,-595.585693359375,470.3954162597656,-1017.0,-920.0,320.0,0.0007533850248813795,0.000502256683254253,1.365234375,1.365234375,18.0
train(totalseg),s0860,F:\Totalsegmentator_dataset_v201\nii\s0860.nii.gz,1.0,1.0,1.0,332,207,449,332.0,207.0,449.0,-1094.0035400390625,2969.020263671875,-516.8895874023438,501.1466979980469,-1024.0054931640625,-796.015625,444.99249267578125,0.02953538584068594,0.001431113655313165,0.80859375,1.296875,12.0
train(totalseg),s0889,F:\Totalsegmentator_dataset_v201\nii\s0889.nii.gz,1.5,1.5,1.5,251,251,203,376.5,376.5,304.5,-1054.0,3134.0,-452.17449951171875,504.1626892089844,-1023.0,-486.0,557.0,0.0032435172074444358,0.0017613294589193713,1.470703125,1.470703125,18.0
train(totalseg),s0892,F:\Totalsegmentator_dataset_v201\nii\s0892.nii.gz,1.5,1.5,1.5,221,221,256,331.5,331.5,384.0,-1362.0,3301.0,-414.0572204589844,495.2264099121094,-1024.0,-130.0,433.0,0.007535609393422633,0.0012322344929363458,1.294921875,1.294921875,18.0
train(totalseg),s0895,F:\Totalsegmentator_dataset_v201\nii\s0895.nii.gz,1.5,1.5,1.5,231,231,218,346.5,346.5,327.0,-1045.0,3239.0,-490.08135986328125,505.8255920410156,-1019.0,-788.0,448.0,0.0011120378092855157,0.001147627145482501,1.353515625,1.353515625,18.0
train(totalseg),s0878,F:\Totalsegmentator_dataset_v201\nii\s0878.nii.gz,1.5,1.5,1.5,274,274,427,411.0,411.0,640.5,-9799.0,1639.0,-2211.39990234375,3111.304931640625,-8195.0,-992.0,276.0,0.24476370726926877,0.000256133821702224,1.60546875,1.60546875,18.0
train(totalseg),s0901,F:\Totalsegmentator_dataset_v201\nii\s0901.nii.gz,1.5,1.5,1.5,123,123,152,184.5,184.5,228.0,-1047.0,3141.0,-432.64703369140625,519.3606567382812,-1014.0,-675.0,674.0,0.0013410981349864846,0.0004783423957474491,0.720703125,0.720703125,18.0
train(totalseg),s0885,F:\Totalsegmentator_dataset_v201\nii\s0885.nii.gz,1.5,1.5,1.5,259,259,448,388.5,388.5,672.0,-1047.0,1430.0,-510.8955993652344,498.8769226074219,-1024.0,-803.0,399.0,0.001316106114782342,0.0004562714160066615,1.517578125,1.517578125,18.0
train(totalseg),s0898,F:\Totalsegmentator_dataset_v201\nii\s0898.nii.gz,1.5,1.5,1.5,233,233,185,349.5,349.5,277.5,-1046.0,3084.0,-444.1929931640625,465.5843200683594,-1021.0,-176.0,372.0,0.0011069883643754059,0.000731221671881002,1.365234375,1.365234375,18.0
train(totalseg),s0897,F:\Totalsegmentator_dataset_v201\nii\s0897.nii.gz,1.5,1.5,1.5,220,220,263,330.0,330.0,394.5,-1068.0,3166.0,-565.356201171875,500.10870361328125,-1021.0,-891.0,647.0,0.00176963119302178,0.004591252588731771,1.2890625,1.2890625,18.0
train(totalseg),s0880,F:\Totalsegmentator_dataset_v201\nii\s0880.nii.gz,1.5,1.5,1.5,291,291,463,436.5,436.5,694.5,-1264.0,3504.0,-621.7920532226562,475.31842041015625,-1024.0,-947.0,298.0,0.002381698111475102,0.0010401118974722068,1.705078125,1.705078125,18.0
train(totalseg),s0884,F:\Totalsegmentator_dataset_v201\nii\s0884.nii.gz,1.5,1.5,1.5,272,272,455,408.0,408.0,682.5,-1048.0,1726.0,-549.5130004882812,491.7081604003906,-1024.0,-914.0,389.0,0.002425561570782159,0.0006241919844861021,1.59375,1.59375,18.0
train(totalseg),s0896,F:\Totalsegmentator_dataset_v201\nii\s0896.nii.gz,1.5,1.5,1.5,261,261,431,391.5,391.5,646.5,-1050.0,1439.0,-700.996826171875,457.4900207519531,-1024.0,-991.0,351.0,0.0021968545130544247,0.0009553762649794824,1.529296875,1.529296875,18.0
train(totalseg),s0911,F:\Totalsegmentator_dataset_v201\nii\s0911.nii.gz,1.5,1.5,1.5,109,109,147,163.5,163.5,220.5,-1090.0,3271.0,-316.0208435058594,498.41387939453125,-1010.0,-115.0,576.0,0.0023996468379456825,0.0022839874102995295,0.638671875,0.638671875,18.0
train(totalseg),s0909,F:\Totalsegmentator_dataset_v201\nii\s0909.nii.gz,1.0,1.0,1.0,172,134,123,172.0,134.0,123.0,-1715.0001220703125,3425.0341796875,-427.2203063964844,497.8573303222656,-1023.9913940429688,-109.00726318359375,560.9784545898438,0.007913495483444942,0.0021707966125131574,0.5234375,0.671875,12.0
train(totalseg),s0894,F:\Totalsegmentator_dataset_v201\nii\s0894.nii.gz,1.5,1.5,1.5,269,269,445,403.5,403.5,667.5,-1551.0,3569.0,-461.9812316894531,520.9844360351562,-1024.0,-654.0,630.0,0.007850990097964475,0.004444723665843785,1.576171875,1.576171875,18.0
train(totalseg),s0908,F:\Totalsegmentator_dataset_v201\nii\s0908.nii.gz,1.5,1.5,1.5,261,261,180,391.5,391.5,270.0,-1227.0,3500.0,-528.6478271484375,480.5128479003906,-1024.0,-811.0,333.0,0.0012285327881814232,0.0011977052925672054,1.529296875,1.529296875,18.0
train(totalseg),s0910,F:\Totalsegmentator_dataset_v201\nii\s0910.nii.gz,1.0,1.0,1.0,206,144,204,206.0,144.0,204.0,-9173.0,11675.9072265625,-412.1144714355469,678.4685668945312,-1264.163818359375,-276.8377990722656,1134.9324951171875,0.15469863781542822,0.011694375700657825,0.5625,0.8046875,12.0
train(totalseg),s0907,F:\Totalsegmentator_dataset_v201\nii\s0907.nii.gz,1.5,1.5,1.5,267,267,262,400.5,400.5,393.0,-1259.0,3204.0,-553.25390625,485.73895263671875,-1033.0,-903.0,407.0,0.023004413814962425,0.0028558089531270413,1.564453125,1.564453125,18.0
train(totalseg),s0922,F:\Totalsegmentator_dataset_v201\nii\s0922.nii.gz,1.5,1.5,1.5000001192092896,121,143,120,181.5,214.5,180.00001430511475,-1317.0,2589.0,-369.44964599609375,670.343505859375,-1026.0,-408.0,1661.0,0.012715521393207344,0.05274807836791308,0.837890625,0.708984375,18.000001430511475
train(totalseg),s0904,F:\Totalsegmentator_dataset_v201\nii\s0904.nii.gz,1.5,1.4999998807907104,1.5,275,215,433,412.5,322.49997437000275,649.5,-1062.0,2923.0,-392.6265869140625,480.4025573730469,-1024.0,-107.0,448.0,0.00011526833147312928,0.0011034276841018057,1.2597655248828232,1.611328125,18.0
train(totalseg),s0899,F:\Totalsegmentator_dataset_v201\nii\s0899.nii.gz,1.5,1.5,1.5,286,286,456,429.0,429.0,684.0,-1252.0,3185.0,-644.5164184570312,472.9164123535156,-1024.0,-946.0,352.0,0.0013539781896425252,0.000817073369520922,1.67578125,1.67578125,18.0
train(totalseg),s0914,F:\Totalsegmentator_dataset_v201\nii\s0914.nii.gz,1.5,1.5,1.5,240,240,195,360.0,360.0,292.5,-1054.0,1764.0,-480.08502197265625,482.905029296875,-1019.0,-587.0,387.0,0.001796474358974359,0.0008071581196581197,1.40625,1.40625,18.0
train(totalseg),s0921,F:\Totalsegmentator_dataset_v201\nii\s0921.nii.gz,1.5,1.5,1.5,259,259,94,388.5,388.5,141.0,-1220.0,2565.0,-514.1697387695312,524.1203002929688,-1034.0,-899.0,696.0,0.024150535015135713,0.005478925453119885,1.517578125,1.517578125,18.0
train(totalseg),s0925,F:\Totalsegmentator_dataset_v201\nii\s0925.nii.gz,1.5,1.5,1.5,145,145,143,217.5,217.5,214.5,-1046.0,3186.0,-495.99188232421875,533.4165649414062,-1011.0,-820.0,813.0,0.0001742846347473006,0.005972907387007679,0.849609375,0.849609375,18.0
train(totalseg),s0919,F:\Totalsegmentator_dataset_v201\nii\s0919.nii.gz,1.5,1.5,1.5000001192092896,221,168,415,331.5,252.0,622.5000494718552,-1193.0,2857.0,-252.4980926513672,414.687744140625,-1024.0,-96.0,439.0,0.006589252939359247,0.0006521236854333948,0.984375,1.294921875,18.000001430511475
train(totalseg),s0903,F:\Totalsegmentator_dataset_v201\nii\s0903.nii.gz,1.5,1.5,1.5,333,333,427,499.5,499.5,640.5,-1459.0,3518.0,-736.76708984375,464.0118408203125,-1024.0,-995.0,492.0,0.004970852566854597,0.0027563471253752724,1.951171875,1.951171875,18.0
train(totalseg),s0915,F:\Totalsegmentator_dataset_v201\nii\s0915.nii.gz,1.5,1.5,1.5,227,227,423,340.5,340.5,634.5,-1052.0,3505.0,-587.73876953125,487.47314453125,-1021.0,-923.0,313.0,0.0021099910422528105,0.0001882388564363306,1.330078125,1.330078125,18.0
train(totalseg),s0916,F:\Totalsegmentator_dataset_v201\nii\s0916.nii.gz,1.5,1.5,1.5,234,234,442,351.0,351.0,663.0,-8493.0,1919.0,-1097.3917236328125,1915.24462890625,-8192.0,-935.0,320.0,0.06975437556131373,0.0004909480776750762,1.37109375,1.37109375,18.0
train(totalseg),s0912,F:\Totalsegmentator_dataset_v201\nii\s0912.nii.gz,1.5,1.5,1.5,272,272,451,408.0,408.0,676.5,-1067.0,3214.0,-641.2056274414062,481.08544921875,-1024.0,-952.0,365.0,0.0023446670796921872,0.000947649015260206,1.59375,1.59375,18.0
train(totalseg),s0913,F:\Totalsegmentator_dataset_v201\nii\s0913.nii.gz,1.5,1.5,1.5,289,289,465,433.5,433.5,697.5,-1253.0,3326.0,-630.216796875,494.3739929199219,-1024.0,-952.0,393.0,0.002674749622012664,0.001449638079700741,1.693359375,1.693359375,18.0
train(totalseg),s0918,F:\Totalsegmentator_dataset_v201\nii\s0918.nii.gz,1.5,1.5,1.5,252,252,459,378.0,378.0,688.5,-1113.0,3337.0,-563.1138916015625,498.7325744628906,-1023.0,-918.0,371.0,0.0003164845208192781,0.001530447097425257,1.4765625,1.4765625,18.0
train(totalseg),s0935,F:\Totalsegmentator_dataset_v201\nii\s0935.nii.gz,1.5,1.5,1.5,131,131,151,196.5,196.5,226.5,-1041.0,3187.0,-246.3685302734375,471.5924377441406,-990.0,-84.0,630.0,0.00022922751100600778,0.0022066042221083374,0.767578125,0.767578125,18.0
train(totalseg),s0936,F:\Totalsegmentator_dataset_v201\nii\s0936.nii.gz,1.5,1.5,1.5,147,147,131,220.5,220.5,196.5,-1136.0,1909.0,-429.6446228027344,489.6511535644531,-1024.0,-568.0,548.0,0.0055108486000325,0.0010258656624675885,0.861328125,0.861328125,18.0
train(totalseg),s0930,F:\Totalsegmentator_dataset_v201\nii\s0930.nii.gz,1.0,1.0,1.0,222,155,235,222.0,155.0,235.0,-9237.0,5050.0,-492.54119873046875,721.1062622070312,-1051.1060791015625,-820.8921508789062,680.07666015625,0.02285394522868785,0.004388877552913242,0.60546875,0.8671875,12.0
train(totalseg),s0938,F:\Totalsegmentator_dataset_v201\nii\s0938.nii.gz,1.5,1.5,1.5,238,238,70,357.0,357.0,105.0,-1087.0,3276.0,-476.5667419433594,487.8084411621094,-1022.0,-237.0,439.0,0.0011616411270390509,0.0011495354444298728,1.39453125,1.39453125,18.0
train(totalseg),s0931,F:\Totalsegmentator_dataset_v201\nii\s0931.nii.gz,1.5,1.5,1.5,245,187,479,367.5,280.5,718.5,-1338.0,3083.0,-366.4687805175781,492.2005310058594,-1024.0,-102.0,549.0,0.005235998365943455,0.0022731430776903663,1.095703125,1.435546875,18.0
train(totalseg),s0928,F:\Totalsegmentator_dataset_v201\nii\s0928.nii.gz,1.5,1.5,1.5,282,282,417,423.0,423.0,625.5,-9743.0,3073.0,-2332.81396484375,3453.69580078125,-8194.0,-311.0,314.0,0.26567442995431845,0.000368589981837075,1.65234375,1.65234375,18.0
train(totalseg),s0924,F:\Totalsegmentator_dataset_v201\nii\s0924.nii.gz,1.5,1.5,1.5,287,287,434,430.5,430.5,651.0,-1178.0,3318.0,-460.15484619140625,483.59564208984375,-1024.0,-119.0,312.0,0.002089617922174572,0.0008363506912607143,1.681640625,1.681640625,18.0
train(totalseg),s0923,F:\Totalsegmentator_dataset_v201\nii\s0923.nii.gz,1.5,1.5,1.5,281,281,500,421.5,421.5,750.0,-1255.0,3160.0,-590.9317016601562,469.5773010253906,-1024.0,-920.0,219.0,0.0035840478210762273,0.0004716252327098188,1.646484375,1.646484375,18.0
train(totalseg),s0934,F:\Totalsegmentator_dataset_v201\nii\s0934.nii.gz,1.5,1.5,1.5,293,293,293,439.5,439.5,439.5,-1377.0,3352.0,-492.8841552734375,482.5932922363281,-1024.0,-574.0,380.0,0.0027401862106925146,0.0011266703016427162,1.716796875,1.716796875,18.0
train(totalseg),s0941,F:\Totalsegmentator_dataset_v201\nii\s0941.nii.gz,1.5,1.5,1.5,241,241,230,361.5,361.5,345.0,-1037.0,3244.0,-587.911376953125,488.4036560058594,-1023.0,-917.0,333.0,0.0007807685697158212,0.0004275886932134967,1.412109375,1.412109375,18.0
train(totalseg),s0927,F:\Totalsegmentator_dataset_v201\nii\s0927.nii.gz,1.5,1.5,1.5,333,333,519,499.5,499.5,778.5,-1487.0,3722.0,-808.7599487304688,408.7043762207031,-1024.0,-996.0,383.0,0.004557751932320533,0.0016946069373569876,1.951171875,1.951171875,18.0
train(totalseg),s0940,F:\Totalsegmentator_dataset_v201\nii\s0940.nii.gz,1.5,1.5,1.5,231,231,439,346.5,346.5,658.5,-1036.0,3033.0,-507.9554443359375,499.6596374511719,-1015.0,-860.0,426.0,0.000561952007147087,0.0013103675791087041,1.353515625,1.353515625,18.0
train(totalseg),s0939,F:\Totalsegmentator_dataset_v201\nii\s0939.nii.gz,1.5,1.5,1.5,233,233,440,349.5,349.5,660.0,-9558.0,4797.0,-914.3272705078125,1890.3482666015625,-8192.0,-669.0,365.0,0.08627311304096208,0.0008525080666754748,1.365234375,1.365234375,18.0
train(totalseg),s0943,F:\Totalsegmentator_dataset_v201\nii\s0943.nii.gz,1.5,1.5,1.5,289,289,252,433.5,433.5,378.0,-1468.0,3485.0,-691.204833984375,482.73931884765625,-1024.0,-1008.0,291.0,0.006429945578295289,0.0014680742200627055,1.693359375,1.693359375,18.0
train(totalseg),s0933,F:\Totalsegmentator_dataset_v201\nii\s0933.nii.gz,1.5,1.5,1.5,328,268,660,492.0,402.0,990.0,-1117.0,3122.0,-664.1207275390625,473.52423095703125,-1024.0,-984.0,414.0,0.002192991527947844,0.0019577142006155473,1.5703125,1.921875,18.0
train(totalseg),s0949,F:\Totalsegmentator_dataset_v201\nii\s0949.nii.gz,1.0,1.0,1.0,101,180,225,101.0,180.0,225.0,-1253.0,3026.0,-440.83477783203125,567.63330078125,-1024.0162353515625,-663.00927734375,1229.9757080078125,0.010525119178584525,0.015931059772643932,0.703125,0.39453125,12.0
train(totalseg),s0947,F:\Totalsegmentator_dataset_v201\nii\s0947.nii.gz,1.5,1.5,1.5,207,207,167,310.5,310.5,250.5,-1193.0,1910.0,-300.7868957519531,477.01678466796875,-1033.0,-99.0,655.0,0.022313138574333712,0.0037614327095395837,1.212890625,1.212890625,18.0
train(totalseg),s0937,F:\Totalsegmentator_dataset_v201\nii\s0937.nii.gz,1.5,1.5,1.5,253,253,548,379.5,379.5,822.0,-1051.0,2573.0,-572.7198486328125,499.0386047363281,-1024.0,-934.0,374.0,0.0020213278569152352,0.0026484064659912485,1.482421875,1.482421875,18.0
train(totalseg),s0946,F:\Totalsegmentator_dataset_v201\nii\s0946.nii.gz,1.5,1.5,1.5,236,236,212,354.0,354.0,318.0,-1222.0,3416.0,-494.45037841796875,500.30645751953125,-1024.0,-665.0,456.0,0.004689200711815384,0.0009365189544728816,1.3828125,1.3828125,18.0
train(totalseg),s0955,F:\Totalsegmentator_dataset_v201\nii\s0955.nii.gz,1.5,1.5,1.5,149,149,29,223.5,223.5,43.5,-1040.0,1418.0,-328.84771728515625,497.0599365234375,-1019.0,-70.0,683.0,0.00255502625697196,0.0018265719624310183,0.873046875,0.873046875,18.0
train(totalseg),s0952,F:\Totalsegmentator_dataset_v201\nii\s0952.nii.gz,1.5,1.5,1.5,118,118,269,177.0,177.0,403.5,-1202.0,3054.0,-129.21206665039062,366.6412048339844,-1008.0,-41.0,723.0,0.00436250319044756,0.0031210319642798025,0.69140625,0.69140625,18.0
train(totalseg),s0944,F:\Totalsegmentator_dataset_v201\nii\s0944.nii.gz,1.0,1.0,1.0,303,127,303,303.0,127.0,303.0,-1326.0,3450.966552734375,-289.2994079589844,503.71240234375,-1021.9887084960938,-95.00584411621094,978.9871826171875,0.0074811235167558535,0.009574479581287619,0.49609375,1.18359375,12.0
train(totalseg),s0953,F:\Totalsegmentator_dataset_v201\nii\s0953.nii.gz,1.5,1.5,1.5,239,239,135,358.5,358.5,202.5,-1184.0,3400.0,-745.6884765625,456.14056396484375,-1023.0,-982.0,645.0,0.001986685575625287,0.004926772740806521,1.400390625,1.400390625,18.0
train(totalseg),s0956,F:\Totalsegmentator_dataset_v201\nii\s0956.nii.gz,1.5,1.5,1.5,260,260,84,390.0,390.0,126.0,-1053.0,3015.0,-648.1309814453125,481.4781494140625,-1024.0,-921.0,593.0,0.005509826711749789,0.0013303043110735417,1.5234375,1.5234375,18.0
train(totalseg),s0958,F:\Totalsegmentator_dataset_v201\nii\s0958.nii.gz,1.5,1.5,1.5,151,151,131,226.5,226.5,196.5,-1054.0,3355.0,-357.614501953125,458.6145324707031,-1023.0,-99.0,399.0,0.0006595396212568616,0.0016411488443660585,0.884765625,0.884765625,18.0
train(totalseg),s0951,F:\Totalsegmentator_dataset_v201\nii\s0951.nii.gz,1.5,1.5,1.5,243,243,227,364.5,364.5,340.5,-1049.0,3278.0,-533.6903686523438,499.0815124511719,-1021.0,-921.0,348.0,0.001992819374632809,0.002411645668777335,1.423828125,1.423828125,18.0
train(totalseg),s0954,F:\Totalsegmentator_dataset_v201\nii\s0954.nii.gz,1.5,1.5,1.5,233,233,204,349.5,349.5,306.0,-1315.0,3545.0,-397.5273132324219,524.2019653320312,-1024.0,-144.0,672.0,0.005811490357162593,0.0039120697183808225,1.365234375,1.365234375,18.0
train(totalseg),s0950,F:\Totalsegmentator_dataset_v201\nii\s0950.nii.gz,1.5,1.5,1.5,232,232,399,348.0,348.0,598.5,-1042.0,1779.0,-539.2421875,488.805908203125,-1019.0,-883.0,431.0,0.001018775379748651,0.0005664985268989481,1.359375,1.359375,18.0
train(totalseg),s0968,F:\Totalsegmentator_dataset_v201\nii\s0968.nii.gz,1.5,1.5,1.5,193,193,59,289.5,289.5,88.5,-1060.0,3183.0,-440.7637023925781,437.21893310546875,-1015.0,-144.0,318.0,0.000556947925368978,0.0002957648296485586,1.130859375,1.130859375,18.0
train(totalseg),s0945,F:\Totalsegmentator_dataset_v201\nii\s0945.nii.gz,1.5,1.5,1.5,285,285,399,427.5,427.5,598.5,-1147.0,3281.0,-612.4137573242188,472.0849609375,-1024.0,-941.0,227.0,0.0012132822142688912,0.0003677089633387344,1.669921875,1.669921875,18.0
train(totalseg),s0962,F:\Totalsegmentator_dataset_v201\nii\s0962.nii.gz,1.5,1.5,1.5,308,308,98,462.0,462.0,147.0,-1315.0,3590.0,-687.4998168945312,446.03424072265625,-1024.0,-950.0,340.0,0.003577085355785805,0.0006626024895997763,1.8046875,1.8046875,18.0
train(totalseg),s0960,F:\Totalsegmentator_dataset_v201\nii\s0960.nii.gz,1.5,1.5,1.5,220,220,248,330.0,330.0,372.0,-1325.0,3504.0,-654.3273315429688,545.5722045898438,-1037.0,-956.0,1418.0,0.03982695949188887,0.014026008562216028,1.2890625,1.2890625,18.0
train(totalseg),s0959,F:\Totalsegmentator_dataset_v201\nii\s0959.nii.gz,1.5,1.5,1.5,233,233,413,349.5,349.5,619.5,-1038.0,3032.0,-615.5663452148438,487.756103515625,-1012.0,-924.0,505.0,8.028057525849007e-06,0.0024389238763529286,1.365234375,1.365234375,18.0
train(totalseg),s0972,F:\Totalsegmentator_dataset_v201\nii\s0972.nii.gz,1.5,1.5,1.5,142,142,128,213.0,213.0,192.0,-1165.0,3334.0,-380.7200012207031,518.1238403320312,-1016.0,-332.0,706.0,0.0016675758778020235,0.001673775044634001,0.83203125,0.83203125,18.0
train(totalseg),s0971,F:\Totalsegmentator_dataset_v201\nii\s0971.nii.gz,1.5,1.5,1.5,285,285,183,427.5,427.5,274.5,-1233.0,1141.0,-639.72021484375,483.6574401855469,-1024.0,-993.0,256.0,0.004624810685772289,6.027915708210129e-05,1.669921875,1.669921875,18.0
train(totalseg),s0965,F:\Totalsegmentator_dataset_v201\nii\s0965.nii.gz,1.5,1.5,1.5,215,215,309,322.5,322.5,463.5,-1073.0,3351.0,-562.595458984375,501.37469482421875,-1019.0,-914.0,438.0,0.0007236307444491304,0.0018981304898901727,1.259765625,1.259765625,18.0
train(totalseg),s0957,F:\Totalsegmentator_dataset_v201\nii\s0957.nii.gz,1.5,1.5,1.5,248,248,437,372.0,372.0,655.5,-1044.0,3155.0,-613.8466796875,489.5366516113281,-1021.0,-937.0,413.0,0.0014241037105871225,0.0013673270813062167,1.453125,1.453125,18.0
train(totalseg),s0973,F:\Totalsegmentator_dataset_v201\nii\s0973.nii.gz,1.5,1.5,1.5,205,143,200,307.5,214.5,300.0,-1772.0,7569.0,-334.8205871582031,496.31402587890625,-1127.0,-111.0,656.0,0.05725735723781094,0.004620499873614234,0.837890625,1.201171875,18.0
train(totalseg),s0974,F:\Totalsegmentator_dataset_v201\nii\s0974.nii.gz,1.5,1.5,1.5,187,187,224,280.5,280.5,336.0,-1491.0,3874.0,-653.09814453125,519.0559692382812,-1037.0,-953.0,1079.369999999879,0.043720867053676116,0.010826425854736645,1.095703125,1.095703125,18.0
train(totalseg),s0963,F:\Totalsegmentator_dataset_v201\nii\s0963.nii.gz,1.5,1.5,1.5,208,208,402,312.0,312.0,603.0,-1243.0,3340.0,-441.61199951171875,489.6591491699219,-1012.0,-128.0,518.0,6.778927780615267e-05,0.0034443162830362765,1.21875,1.21875,18.0
train(totalseg),s0961,F:\Totalsegmentator_dataset_v201\nii\s0961.nii.gz,1.5,1.5,1.5,253,253,413,379.5,379.5,619.5,-9461.0,1911.0,-1523.8194580078125,2591.8974609375,-8192.0,-938.0,365.0,0.13642410550208497,0.0009140661326317372,1.482421875,1.482421875,18.0
train(totalseg),s0980,F:\Totalsegmentator_dataset_v201\nii\s0980.nii.gz,1.5,1.5,1.5,121,121,94,181.5,181.5,141.0,-1073.0,3309.0,-202.18357849121094,492.8918151855469,-962.0,-74.0,616.0,0.00016130743307558052,0.001400904193557294,0.708984375,0.708984375,18.0
train(totalseg),s0976,F:\Totalsegmentator_dataset_v201\nii\s0976.nii.gz,1.0,1.0,1.0,240,191,197,240.0,191.0,197.0,-9202.916015625,3239.94970703125,-415.99444580078125,860.0700073242188,-1069.9207763671875,-90.03076171875,713.8994750976562,0.018409320434794162,0.004593332801800126,0.74609375,0.9375,12.0
train(totalseg),s0984,F:\Totalsegmentator_dataset_v201\nii\s0984.nii.gz,1.5,1.5,1.5,140,140,113,210.0,210.0,169.5,-1040.0,3141.0,-463.56097412109375,649.1859130859375,-1024.0,-944.0,1602.0,0.002069712840888568,0.03718800794654145,0.8203125,0.8203125,18.0
train(totalseg),s0978,F:\Totalsegmentator_dataset_v201\nii\s0978.nii.gz,1.0,1.0,1.0,249,165,208,249.0,165.0,208.0,-1275.9886474609375,3000.005615234375,-350.9595947265625,477.9381103515625,-1021.9973754882812,-101.9757308959961,478.0320129394531,0.003129651473024967,0.0009302946049934001,0.64453125,0.97265625,12.0
train(totalseg),s0977,F:\Totalsegmentator_dataset_v201\nii\s0977.nii.gz,1.5,1.5,1.5,270,270,184,405.0,405.0,276.0,-1103.0,3432.0,-679.5804443359375,485.5086975097656,-1024.0,-958.0,677.0,0.0071343247597233945,0.0022679961528606447,1.58203125,1.58203125,18.0
train(totalseg),s0981,F:\Totalsegmentator_dataset_v201\nii\s0981.nii.gz,1.5,1.5,1.5,221,221,174,331.5,331.5,261.0,-1248.0,2625.0,-413.1532287597656,496.9193420410156,-1033.0,-155.0,638.0,0.019280247248431606,0.005089232184892688,1.294921875,1.294921875,18.0
train(totalseg),s0975,F:\Totalsegmentator_dataset_v201\nii\s0975.nii.gz,1.5,1.5,1.5,311,311,215,466.5,466.5,322.5,-1178.0,2685.0,-610.654541015625,481.252685546875,-1024.0,-932.0,412.0,0.007167053874832316,0.0008373641068609902,1.822265625,1.822265625,18.0
train(totalseg),s0987,F:\Totalsegmentator_dataset_v201\nii\s0987.nii.gz,1.5,1.5,1.5,116,116,134,174.0,174.0,201.0,-1046.0,3132.0,-277.8768615722656,476.48931884765625,-1015.0,-84.0,566.0,0.001563415088647133,0.002445782384155323,0.6796875,0.6796875,18.0
train(totalseg),s0993,F:\Totalsegmentator_dataset_v201\nii\s0993.nii.gz,1.5,1.5,1.5,146,146,107,219.0,219.0,160.5,-1046.0,3250.0,-477.68890380859375,645.7083740234375,-1024.0,-964.0,1558.0,0.002247445208110094,0.03259540900346017,0.85546875,0.85546875,18.0
train(totalseg),s0989,F:\Totalsegmentator_dataset_v201\nii\s0989.nii.gz,1.5,1.5,1.5,230,181,71,345.0,271.5,106.5,-2059.0,2071.0,-226.75015258789062,431.9462585449219,-1126.0,-70.0,417.0,0.06304432407560907,0.0018425228285398193,1.060546875,1.34765625,18.0
train(totalseg),s0979,F:\Totalsegmentator_dataset_v201\nii\s0979.nii.gz,1.5,1.5,1.5,432,193,349,648.0,289.5,523.5,-1147.0,1480.0,-588.7359619140625,495.6812744140625,-1024.0,-985.0,335.0,0.0019398087100143205,0.0004139427037314641,1.130859375,2.53125,18.0
train(totalseg),s0970,F:\Totalsegmentator_dataset_v201\nii\s0970.nii.gz,1.5,1.5,1.5,333,333,511,499.5,499.5,766.5,-1229.0,3256.0,-791.9664916992188,425.2966003417969,-1024.0,-996.0,442.0,0.004380377913150909,0.0038880396081560293,1.951171875,1.951171875,18.0
train(totalseg),s0983,F:\Totalsegmentator_dataset_v201\nii\s0983.nii.gz,1.5,1.5,1.5,241,241,433,361.5,361.5,649.5,-1109.0,3216.0,-504.2146301269531,497.03271484375,-1023.0,-764.0,549.0,0.0013393330214598264,0.0018603857754665826,1.412109375,1.412109375,18.0
train(totalseg),s0985,F:\Totalsegmentator_dataset_v201\nii\s0985.nii.gz,1.5,1.5,1.5,248,248,389,372.0,372.0,583.5,-1043.0,2474.0,-651.02880859375,475.610595703125,-1023.0,-956.0,325.0,0.001649651035357905,0.0006605626067395442,1.453125,1.453125,18.0
train(totalseg),s0996,F:\Totalsegmentator_dataset_v201\nii\s0996.nii.gz,1.5,1.5,1.5,242,242,64,363.0,363.0,96.0,-1050.0,1475.0,-543.6847534179688,461.6825256347656,-1024.0,-795.0,296.0,0.0009338074585069325,0.00015421163171914487,1.41796875,1.41796875,18.0
train(totalseg),s0997,F:\Totalsegmentator_dataset_v201\nii\s0997.nii.gz,1.5,1.5,1.5,137,137,96,205.5,205.5,144.0,-1063.0,3074.0,-487.31842041015625,612.3375854492188,-1005.0,-929.0,1335.0,1.9979753849432574e-05,0.034006651038059214,0.802734375,0.802734375,18.0
train(totalseg),s0995,F:\Totalsegmentator_dataset_v201\nii\s0995.nii.gz,1.5,1.5,1.5,287,287,76,430.5,430.5,114.0,-1142.0,1360.0,-632.7196655273438,463.2635498046875,-1024.0,-930.0,291.0,0.002770587554975652,4.2172227543448576e-05,1.681640625,1.681640625,18.0
train(totalseg),s0991,F:\Totalsegmentator_dataset_v201\nii\s0991.nii.gz,1.5,1.5,1.5,208,208,411,312.0,312.0,616.5,-9167.0,9739.0,-546.5717163085938,983.0936279296875,-8190.0,-651.0,490.0,0.018270273717520116,0.0021060644634900744,1.21875,1.21875,18.0
train(totalseg),s1003,F:\Totalsegmentator_dataset_v201\nii\s1003.nii.gz,1.5,1.5,1.5,71,119,187,106.5,178.5,280.5,-1564.0,3506.0,-231.58741760253906,637.2090454101562,-1024.0,-24.0,1913.0,0.002824116767291386,0.03371281479376416,0.697265625,0.416015625,18.0
train(totalseg),s1002,F:\Totalsegmentator_dataset_v201\nii\s1002.nii.gz,1.5,1.5,1.5,132,132,146,198.0,198.0,219.0,-1169.0,3071.0,-402.4101257324219,474.4209289550781,-1024.0,-450.0,467.0,0.0011572763752091275,0.0006258097789853705,0.7734375,0.7734375,18.0
train(totalseg),s1001,F:\Totalsegmentator_dataset_v201\nii\s1001.nii.gz,1.5,1.5,1.5,173,173,159,259.5,259.5,238.5,-1432.0,3451.0,-608.8568725585938,524.4559326171875,-1010.0,-937.0,1087.0,0.0017450103609990184,0.010904423487789026,1.013671875,1.013671875,18.0
train(totalseg),s0988,F:\Totalsegmentator_dataset_v201\nii\s0988.nii.gz,1.5,1.5,1.5,333,333,273,499.5,499.5,409.5,-1374.0,3495.0,-609.210693359375,480.62506103515625,-1024.0,-939.0,261.0,0.006448581534044663,0.0015195206876795677,1.951171875,1.951171875,18.0
train(totalseg),s0992,F:\Totalsegmentator_dataset_v201\nii\s0992.nii.gz,1.5,1.5,1.5,250,250,413,375.0,375.0,619.5,-1045.0,3172.0,-457.33721923828125,473.01336669921875,-1018.0,-125.0,309.0,0.00024627601951473046,0.00035455688699053225,1.46484375,1.46484375,18.0
train(totalseg),s0999,F:\Totalsegmentator_dataset_v201\nii\s0999.nii.gz,1.5,1.5,1.5,251,251,175,376.5,376.5,262.5,-1059.0,3162.0,-508.9189147949219,487.4710998535156,-1023.0,-774.0,440.0,0.0037588501956430645,0.0011003901977110577,1.470703125,1.470703125,18.0
train(totalseg),s1000,F:\Totalsegmentator_dataset_v201\nii\s1000.nii.gz,1.0,1.0,1.0,229,135,161,229.0,135.0,161.0,-1227.018798828125,1882.0,-154.70965576171875,407.9298400878906,-1022.0055541992188,-16.018835067749023,758.0042114257812,0.008698665846947602,0.005773594799605811,0.52734375,0.89453125,12.0
train(totalseg),s1004,F:\Totalsegmentator_dataset_v201\nii\s1004.nii.gz,1.5,1.5,1.5,221,221,156,331.5,331.5,234.0,-1464.0,3605.0,-445.6426696777344,532.9783325195312,-1027.0,-406.0,634.0,0.013899104314943466,0.0027546213537491355,1.294921875,1.294921875,18.0
train(totalseg),s0994,F:\Totalsegmentator_dataset_v201\nii\s0994.nii.gz,1.5,1.5,1.5,245,245,427,367.5,367.5,640.5,-9587.0,2580.0,-1121.7591552734375,2302.626953125,-8192.0,-132.0,385.0,0.10026065243754917,0.0008313083190174839,1.435546875,1.435546875,18.0
train(totalseg),s1005,F:\Totalsegmentator_dataset_v201\nii\s1005.nii.gz,1.0,1.0,1.0,217,121,197,217.0,121.0,197.0,-1207.9686279296875,3107.0,-97.60066223144531,348.6708679199219,-1023.973876953125,-18.997900009155273,784.0325317382812,0.004063310153635578,0.0049239941770434,0.47265625,0.84765625,12.0
train(totalseg),s0986,F:\Totalsegmentator_dataset_v201\nii\s0986.nii.gz,1.0,1.0,1.0,331,145,571,331.0,145.0,571.0,-1233.9891357421875,3215.0263671875,-560.3969116210938,497.7890930175781,-1023.9688110351562,-907.0296020507812,503.0182189941406,0.001421192524588623,0.0015933499224270004,0.56640625,1.29296875,12.0
train(totalseg),s1014,F:\Totalsegmentator_dataset_v201\nii\s1014.nii.gz,1.5,1.5,1.5,111,133,116,166.5,199.5,174.0,-1288.0,2411.0,-329.3470458984375,651.4620971679688,-1011.0,-117.0,1536.0,0.003276481044176144,0.05255800264874675,0.779296875,0.650390625,18.0
train(totalseg),s1015,F:\Totalsegmentator_dataset_v201\nii\s1015.nii.gz,1.5,1.5,1.5,127,127,168,190.5,190.5,252.0,-1235.0,3192.0,-363.2855529785156,598.4174194335938,-1028.0,-165.0,1735.0,0.01814020294707256,0.022922331558948832,0.744140625,0.744140625,18.0
train(totalseg),s1010,F:\Totalsegmentator_dataset_v201\nii\s1010.nii.gz,1.5,1.5,1.5,208,208,169,312.0,312.0,253.5,-1232.0,3361.0,-520.6087036132812,538.07373046875,-1023.0,-929.0,910.0,0.007917811876334863,0.008113664612583593,1.21875,1.21875,18.0
train(totalseg),s1009,F:\Totalsegmentator_dataset_v201\nii\s1009.nii.gz,1.0,1.0,1.0,253,131,177,253.0,131.0,177.0,-1156.0,1600.983154296875,-59.52647399902344,249.75732421875,-975.9928588867188,-38.010223388671875,621.0032348632812,0.0005497492376384409,0.0025968619802120957,0.51171875,0.98828125,12.0
train(totalseg),s1007,F:\Totalsegmentator_dataset_v201\nii\s1007.nii.gz,1.5,1.5,1.5,289,289,232,433.5,433.5,348.0,-1202.0,3170.0,-590.44482421875,494.9408264160156,-1024.0,-937.0,447.0,0.0027847620463149897,0.0012602648104338779,1.693359375,1.693359375,18.0
train(totalseg),s1013,F:\Totalsegmentator_dataset_v201\nii\s1013.nii.gz,1.5,1.5,1.5,221,221,268,331.5,331.5,402.0,-1490.0,3260.0,-458.818115234375,508.7254638671875,-1024.0,-168.0,499.0,0.007254882981186825,0.001735374854338143,1.294921875,1.294921875,18.0
train(totalseg),s0982,F:\Totalsegmentator_dataset_v201\nii\s0982.nii.gz,1.0,1.0,1.0,347,247,513,347.0,247.0,513.0,-1301.0125732421875,2370.97314453125,-386.501708984375,463.1422119140625,-1023.9740600585938,-104.01792907714844,339.0085754394531,0.004701840657787358,0.0004433149752899435,0.96484375,1.35546875,12.0
train(totalseg),s1011,F:\Totalsegmentator_dataset_v201\nii\s1011.nii.gz,1.0,1.0,1.0,181,164,267,181.0,164.0,267.0,-1334.9998779296875,3307.0234375,-600.222900390625,532.2033081054688,-1023.9820556640625,-954.970947265625,1003.0307006835938,0.002704139028478248,0.00951747924580866,0.640625,0.70703125,12.0
train(totalseg),s1008,F:\Totalsegmentator_dataset_v201\nii\s1008.nii.gz,1.5,1.5,1.5,249,249,382,373.5,373.5,573.0,-1046.0,3140.0,-583.57080078125,489.95428466796875,-1023.0,-938.0,364.0,0.0023083560360521033,0.000871460136525377,1.458984375,1.458984375,18.0
train(totalseg),s1021,F:\Totalsegmentator_dataset_v201\nii\s1021.nii.gz,1.5,1.5,1.5,136,136,136,204.0,204.0,204.0,-1034.0,3260.0,-293.3967590332031,501.994140625,-1002.0,-143.0,681.0,9.302488296356605e-05,0.0026078770608589457,0.796875,0.796875,18.0
train(totalseg),s1020,F:\Totalsegmentator_dataset_v201\nii\s1020.nii.gz,1.5,1.5,1.5,209,209,90,313.5,313.5,135.0,-1272.0,3413.0,-416.4085998535156,478.4984130859375,-1023.0,-110.0,418.0,0.000995093213677953,0.0005601214868401975,1.224609375,1.224609375,18.0
train(totalseg),s1017,F:\Totalsegmentator_dataset_v201\nii\s1017.nii.gz,1.5,1.5,1.5,144,144,277,216.0,216.0,415.5,-1226.0,3380.0,-278.5267028808594,453.9173278808594,-1026.0,-108.0,815.0,0.010844426895306859,0.006745972055087579,0.84375,0.84375,18.0
train(totalseg),s1006,F:\Totalsegmentator_dataset_v201\nii\s1006.nii.gz,1.5,1.5,1.5,264,264,415,396.0,396.0,622.5,-1295.0,3322.0,-522.4228515625,479.52606201171875,-1024.0,-841.0,399.0,0.0007151540044475422,0.0013016943808291015,1.546875,1.546875,18.0
train(totalseg),s1025,F:\Totalsegmentator_dataset_v201\nii\s1025.nii.gz,1.5,1.5,1.5,118,118,123,177.0,177.0,184.5,-1042.0,3073.0,-318.94384765625,482.87884521484375,-1012.0,-110.0,644.0,0.0005617019686427832,0.0033421851024025896,0.69140625,0.69140625,18.0
train(totalseg),s1018,F:\Totalsegmentator_dataset_v201\nii\s1018.nii.gz,1.5,1.5,1.5,221,221,276,331.5,331.5,414.0,-1326.0,3487.0,-501.5117492675781,519.3673095703125,-1024.0,-747.0,658.0,0.008132496179372924,0.0019561402916606734,1.294921875,1.294921875,18.0
train(totalseg),s1032,F:\Totalsegmentator_dataset_v201\nii\s1032.nii.gz,1.4999998807907104,1.5,1.5,81,155,167,121.49999034404755,232.5,250.5,-1370.0,3511.0,-382.4732971191406,570.4749145507812,-1024.0,-166.0,1318.0,0.004954485316351614,0.017500951501560082,0.908203125,0.47460933728143573,18.0
train(totalseg),s1026,F:\Totalsegmentator_dataset_v201\nii\s1026.nii.gz,1.5,1.5,1.5,145,145,147,217.5,217.5,220.5,-1123.0,3271.0,-447.8121032714844,462.2115478515625,-1008.0,-620.0,472.0,0.0004497397980247687,0.0008884787664575646,0.849609375,0.849609375,18.0
train(totalseg),s1012,F:\Totalsegmentator_dataset_v201\nii\s1012.nii.gz,1.5,1.5,1.5,285,285,453,427.5,427.5,679.5,-1045.0,3066.0,-589.57275390625,480.65167236328125,-1024.0,-928.0,270.0,0.0013281179401778915,0.0005731768715386701,1.669921875,1.669921875,18.0
train(totalseg),s1033,F:\Totalsegmentator_dataset_v201\nii\s1033.nii.gz,1.5,1.5,1.5,216,216,157,324.0,324.0,235.5,-1366.0,3411.0,-400.481689453125,517.1646728515625,-1024.0,-128.0,484.0,0.005664443046490699,0.0024207534970686656,1.265625,1.265625,18.0
train(totalseg),s1022,F:\Totalsegmentator_dataset_v201\nii\s1022.nii.gz,1.5,1.5,1.5,236,236,440,354.0,354.0,660.0,-1669.0,3459.0,-407.4937438964844,499.3980712890625,-1024.0,-106.0,426.0,0.0049668557993863445,0.001837572197914589,1.3828125,1.3828125,18.0
train(totalseg),s1034,F:\Totalsegmentator_dataset_v201\nii\s1034.nii.gz,1.5,1.5,1.5,184,184,233,276.0,276.0,349.5,-1572.0,3528.0,-615.7927856445312,564.3731079101562,-1035.0,-947.0,1471.0,0.03677073107409721,0.02114129420641424,1.078125,1.078125,18.0
train(totalseg),s1036,F:\Totalsegmentator_dataset_v201\nii\s1036.nii.gz,1.5,1.5,1.5,163,163,147,244.5,244.5,220.5,-1031.0,3247.0,-598.7625732421875,514.1475830078125,-1012.0,-959.0,737.0,0.0001689862158455814,0.005043982503269627,0.955078125,0.955078125,18.0
train(totalseg),s1035,F:\Totalsegmentator_dataset_v201\nii\s1035.nii.gz,1.0,1.0,1.0,203,123,219,203.0,123.0,219.0,-1311.0079345703125,1800.0,-412.539794921875,512.6529541015625,-1023.9940795898438,-496.0149841308594,722.0227661132812,0.0058104926821587535,0.0028808325062803903,0.48046875,0.79296875,12.0
train(totalseg),s1028,F:\Totalsegmentator_dataset_v201\nii\s1028.nii.gz,1.5,1.5,1.5,232,232,282,348.0,348.0,423.0,-1046.0,1977.0,-486.61669921875,488.7876892089844,-1021.0,-746.0,447.0,0.0016681635337870316,0.0015495737091102285,1.359375,1.359375,18.0
train(totalseg),s1023,F:\Totalsegmentator_dataset_v201\nii\s1023.nii.gz,1.0,1.0,1.0,335,205,265,335.0,205.0,265.0,-1271.973876953125,2370.02099609375,-441.33154296875,487.0550842285156,-1023.9832763671875,-273.9970703125,418.98199462890625,0.00411124201049735,0.0006148730031738217,0.80078125,1.30859375,12.0
train(totalseg),s1037,F:\Totalsegmentator_dataset_v201\nii\s1037.nii.gz,1.5,1.5,1.5,250,216,285,375.0,324.0,427.5,-1072.0,1503.0,-412.18505859375,473.28900146484375,-1024.0,-113.0,331.0,0.0007433398310591293,0.00043664717348927874,1.265625,1.46484375,18.0
train(totalseg),s1043,F:\Totalsegmentator_dataset_v201\nii\s1043.nii.gz,1.5,1.5,1.5,164,164,157,246.0,246.0,235.5,-1244.0,3447.0,-543.2618408203125,540.11669921875,-1024.0,-949.0,846.0,0.008724329654621693,0.007244461684705,0.9609375,0.9609375,18.0
train(totalseg),s1016,F:\Totalsegmentator_dataset_v201\nii\s1016.nii.gz,1.5,1.5,1.5,333,333,471,499.5,499.5,706.5,-1647.0,3658.0,-650.7334594726562,484.98028564453125,-1025.0,-946.0,415.0,0.01101583594267361,0.0023857563881664414,1.951171875,1.951171875,18.0
train(totalseg),s1040,F:\Totalsegmentator_dataset_v201\nii\s1040.nii.gz,1.0,1.0,1.0,135,165,190,135.0,165.0,190.0,-1515.9619140625,3383.02880859375,-435.4365234375,563.8814697265625,-1024.0191650390625,-637.0355834960938,1349.0125732421875,0.015764664185716818,0.01565195817827397,0.64453125,0.52734375,12.0
train(totalseg),s1024,F:\Totalsegmentator_dataset_v201\nii\s1024.nii.gz,1.5,1.5,1.5,333,333,415,499.5,499.5,622.5,-1277.0,1481.0,-497.8547668457031,493.2501220703125,-1024.0,-422.0,206.0,0.004383933712168623,0.00019192096194123881,1.951171875,1.951171875,18.0
train(totalseg),s1031,F:\Totalsegmentator_dataset_v201\nii\s1031.nii.gz,1.5,1.5,1.5,287,287,419,430.5,430.5,628.5,-1061.0,2178.0,-660.9853515625,476.5467224121094,-1024.0,-973.0,435.0,0.002757425804540391,0.0015615155776042993,1.681640625,1.681640625,18.0
train(totalseg),s1041,F:\Totalsegmentator_dataset_v201\nii\s1041.nii.gz,1.5,1.5,1.5,237,237,232,355.5,355.5,348.0,-1431.0,3524.0,-557.2792358398438,524.3579711914062,-1024.0,-942.0,409.0,0.0046384780420304665,0.004051886493461008,1.388671875,1.388671875,18.0
train(totalseg),s1039,F:\Totalsegmentator_dataset_v201\nii\s1039.nii.gz,1.5,1.5,1.5,249,249,217,373.5,373.5,325.5,-1053.0,2010.0,-656.8570556640625,462.8122863769531,-1024.0,-937.0,326.0,0.004285050553294926,0.000592602304541394,1.458984375,1.458984375,18.0
train(totalseg),s1047,F:\Totalsegmentator_dataset_v201\nii\s1047.nii.gz,1.5,1.5,1.5,129,129,62,193.5,193.5,93.0,-1039.0,3199.0,-284.09002685546875,663.5308837890625,-1024.0,1.0,1755.0,0.0017407452638353387,0.049100453407925626,0.755859375,0.755859375,18.0
train(totalseg),s1048,F:\Totalsegmentator_dataset_v201\nii\s1048.nii.gz,1.5,1.5,1.5,235,235,33,352.5,352.5,49.5,-1052.0,1615.0,-480.69110107421875,472.2723693847656,-1025.0,-153.0,240.0,0.010345556058548363,0.0004296473105889131,1.376953125,1.376953125,18.0
train(totalseg),s1042,F:\Totalsegmentator_dataset_v201\nii\s1042.nii.gz,1.5,1.5,1.5,261,261,229,391.5,391.5,343.5,-1292.0,3339.0,-604.0426635742188,472.3895263671875,-1024.0,-895.0,419.0,0.003686734729461672,0.0013697688777844104,1.529296875,1.529296875,18.0
train(totalseg),s1051,F:\Totalsegmentator_dataset_v201\nii\s1051.nii.gz,1.5,1.5,1.5,181,181,129,271.5,271.5,193.5,-1039.0,2014.0,-586.005615234375,515.8958740234375,-1018.0,-956.0,873.0,0.000907204610132723,0.007130571446622225,1.060546875,1.060546875,18.0
train(totalseg),s1038,F:\Totalsegmentator_dataset_v201\nii\s1038.nii.gz,1.0,1.0,1.0,244,157,440,244.0,157.0,440.0,-1144.011474609375,1591.9844970703125,-350.26995849609375,472.34014892578125,-1014.0158081054688,-91.01510620117188,375.98626708984375,0.0015094754692882878,0.00027284823657810933,0.61328125,0.953125,12.0
train(totalseg),s1049,F:\Totalsegmentator_dataset_v201\nii\s1049.nii.gz,1.5,1.5,1.5,221,221,133,331.5,331.5,199.5,-1234.0,1583.0,-549.2281494140625,484.998291015625,-1024.0,-844.0,409.0,0.006143609094782889,0.00018596471350350131,1.294921875,1.294921875,18.0
train(totalseg),s1055,F:\Totalsegmentator_dataset_v201\nii\s1055.nii.gz,1.5,1.5,1.5,171,171,70,256.5,256.5,105.0,-1032.0,3110.0,-505.44970703125,589.1593017578125,-1017.0,-932.0,1257.0,0.00048561950685681066,0.02326478965444801,1.001953125,1.001953125,18.0
train(totalseg),s1029,F:\Totalsegmentator_dataset_v201\nii\s1029.nii.gz,1.5,1.5,1.5,321,321,545,481.5,481.5,817.5,-1481.0,3743.0,-744.1312255859375,465.6318359375,-1024.0,-983.0,533.0,0.009960438139471955,0.00481238713302256,1.880859375,1.880859375,18.0
train(totalseg),s1056,F:\Totalsegmentator_dataset_v201\nii\s1056.nii.gz,1.5,1.5,1.5,191,191,110,286.5,286.5,165.0,-1042.0,2158.0,-690.2321166992188,540.5697631835938,-1023.0,-986.0,1302.0,0.002302567886504336,0.01730514332363713,1.119140625,1.119140625,18.0
train(totalseg),s1050,F:\Totalsegmentator_dataset_v201\nii\s1050.nii.gz,1.0,1.0,1.0,255,122,218,255.0,122.0,218.0,-1367.024658203125,3501.00537109375,-292.0273742675781,543.7376708984375,-1023.9719848632812,-101.00961303710938,1438.9779052734375,0.004240649485843367,0.013363059165612402,0.4765625,0.99609375,12.0
train(totalseg),s1053,F:\Totalsegmentator_dataset_v201\nii\s1053.nii.gz,1.5,1.5,1.5,163,163,278,244.5,244.5,417.0,-1258.0,3585.0,-426.29022216796875,487.18170166015625,-1032.0,-171.0,586.0,0.0212900193117312,0.0071084067226053396,0.955078125,0.955078125,18.0
train(totalseg),s1052,F:\Totalsegmentator_dataset_v201\nii\s1052.nii.gz,1.5,1.5,1.5,236,236,221,354.0,354.0,331.5,-1298.0,3354.0,-435.1347961425781,503.9425048828125,-1024.0,-156.0,541.0,0.0053986486601763075,0.0022998140926738637,1.3828125,1.3828125,18.0
train(totalseg),s1059,F:\Totalsegmentator_dataset_v201\nii\s1059.nii.gz,1.5,1.5,1.5,245,150,147,367.5,225.0,220.5,-1221.0,3088.0,-392.8256530761719,527.8406982421875,-1008.0,-106.0,953.0,0.0014188532555879495,0.008485353325003471,0.87890625,1.435546875,18.0
train(totalseg),s1058,F:\Totalsegmentator_dataset_v201\nii\s1058.nii.gz,1.5,1.5,1.5,209,209,232,313.5,313.5,348.0,-3718.0,4073.0,-941.5767211914062,1192.158203125,-3025.0,-853.0,586.0,0.25895870867892756,0.004084667900928302,1.224609375,1.224609375,18.0
train(totalseg),s1057,F:\Totalsegmentator_dataset_v201\nii\s1057.nii.gz,1.5,1.5,1.5,263,263,172,394.5,394.5,258.0,-3696.0,2214.0,-1033.890380859375,1131.5194091796875,-3024.0,-938.0,388.0,0.23214926028005214,0.002481787532560538,1.541015625,1.541015625,18.0
train(totalseg),s1065,F:\Totalsegmentator_dataset_v201\nii\s1065.nii.gz,1.5,1.5,1.5,319,319,54,478.5,478.5,81.0,-1479.0,3565.0,-762.1740112304688,410.7615661621094,-1024.0,-954.0,345.0,0.003948249110934226,0.001008899938745361,1.869140625,1.869140625,18.0
train(totalseg),s1044,F:\Totalsegmentator_dataset_v201\nii\s1044.nii.gz,1.5,1.5,1.5,257,257,459,385.5,385.5,688.5,-1041.0,2378.0,-538.8823852539062,493.3646545410156,-1024.0,-906.0,515.0,0.0008613132599493028,0.001935843772974291,1.505859375,1.505859375,18.0
train(totalseg),s1060,F:\Totalsegmentator_dataset_v201\nii\s1060.nii.gz,1.5,1.5,1.5,227,227,233,340.5,340.5,349.5,-1039.0,3128.0,-564.4761352539062,480.1347351074219,-1017.0,-891.0,332.0,0.0004226961601697781,0.00019006751477978988,1.330078125,1.330078125,18.0
train(totalseg),s1046,F:\Totalsegmentator_dataset_v201\nii\s1046.nii.gz,1.0,1.0,1.0,268,175,437,268.0,175.0,437.0,-1433.0113525390625,3524.979248046875,-362.06182861328125,491.44952392578125,-1024.00927734375,-99.00132751464844,504.0068054199219,0.016138277488849887,0.00203949098598655,0.68359375,1.046875,12.0
train(totalseg),s1045,F:\Totalsegmentator_dataset_v201\nii\s1045.nii.gz,1.5,1.5,1.5,299,205,645,448.5,307.5,967.5,-1066.0,3140.0,-581.0363159179688,512.8831176757812,-1024.0,-953.0,614.0,0.00048210104999888705,0.004080406158752385,1.201171875,1.751953125,18.0
train(totalseg),s1066,F:\Totalsegmentator_dataset_v201\nii\s1066.nii.gz,1.5,1.5,1.5,235,235,203,352.5,352.5,304.5,-1060.0,3099.0,-532.8986206054688,487.41009521484375,-1021.0,-839.0,349.0,0.002730611427892484,0.00026117961129195065,1.376953125,1.376953125,18.0
train(totalseg),s1068,F:\Totalsegmentator_dataset_v201\nii\s1068.nii.gz,1.5,1.5,1.5,223,223,80,334.5,334.5,120.0,-1238.0,3503.0,-468.71051025390625,525.9839477539062,-1029.0,-503.0,561.0,0.01652757948078586,0.0040011864304530555,1.306640625,1.306640625,18.0
train(totalseg),s1071,F:\Totalsegmentator_dataset_v201\nii\s1071.nii.gz,1.5,1.5,1.5,195,195,126,292.5,292.5,189.0,-1336.0,3646.0,-598.642822265625,524.8959350585938,-1024.0,-971.0,839.0,0.0021583544660467736,0.006737422122037507,1.142578125,1.142578125,18.0
train(totalseg),s1072,F:\Totalsegmentator_dataset_v201\nii\s1072.nii.gz,1.5,1.5,1.5,167,167,109,250.5,250.5,163.5,-1417.0,3133.0,-630.9736328125,591.6902465820312,-1012.0,-973.0,1368.0,2.368497405508467e-05,0.03176155020786854,0.978515625,0.978515625,18.0
train(totalseg),s1067,F:\Totalsegmentator_dataset_v201\nii\s1067.nii.gz,1.5,1.5,1.5,221,221,211,331.5,331.5,316.5,-1040.0,1480.0,-588.0806274414062,490.4309387207031,-1017.0,-918.0,448.0,0.0006986590404150966,0.0009193188540128647,1.294921875,1.294921875,18.0
train(totalseg),s1062,F:\Totalsegmentator_dataset_v201\nii\s1062.nii.gz,1.5,1.5,1.5,236,236,477,354.0,354.0,715.5,-1382.0,3364.0,-419.301513671875,499.14715576171875,-1024.0,-114.0,477.0,0.004976700043158803,0.0014770955337753203,1.3828125,1.3828125,18.0
train(totalseg),s1063,F:\Totalsegmentator_dataset_v201\nii\s1063.nii.gz,1.5,1.5,1.5,291,291,332,436.5,436.5,498.0,-3638.0,3321.0,-1142.7906494140625,1071.901611328125,-3024.0,-978.0,300.0,0.2417524021313864,0.0012436822170516248,1.705078125,1.705078125,18.0
train(totalseg),s1075,F:\Totalsegmentator_dataset_v201\nii\s1075.nii.gz,1.5,1.5,1.5,175,175,219,262.5,262.5,328.5,-1044.0,3407.0,-619.2066040039062,527.2272338867188,-1023.0,-973.0,962.0,0.0019061035271861295,0.008610864432263247,1.025390625,1.025390625,18.0
train(totalseg),s1073,F:\Totalsegmentator_dataset_v201\nii\s1073.nii.gz,1.5,1.5,1.5,238,238,190,357.0,357.0,285.0,-1051.0,3274.0,-449.90472412109375,487.08929443359375,-1022.0,-308.0,424.0,0.00260742019270491,0.0010157621533265653,1.39453125,1.39453125,18.0
train(totalseg),s1061,F:\Totalsegmentator_dataset_v201\nii\s1061.nii.gz,1.5,1.5,1.5,285,285,424,427.5,427.5,636.0,-1048.0,1308.0,-639.2859497070312,466.7335205078125,-1024.0,-954.0,212.0,0.002132441331730518,0.00013954946950295302,1.669921875,1.669921875,18.0
train(totalseg),s1084,F:\Totalsegmentator_dataset_v201\nii\s1084.nii.gz,1.5,1.5,1.5,237,169,81,355.5,253.5,121.5,-1105.0,1064.0,-531.6110229492188,471.7308349609375,-1024.0,-831.0,292.0,0.0018574148951975376,1.8494008249560614e-06,0.990234375,1.388671875,18.0
train(totalseg),s1069,F:\Totalsegmentator_dataset_v201\nii\s1069.nii.gz,1.5,1.5,1.5,231,231,444,346.5,346.5,666.0,-1041.0,1606.0,-491.7241516113281,495.29620361328125,-1016.0,-764.0,452.0,0.0007556890673773791,0.0013538584967156396,1.353515625,1.353515625,18.0
train(totalseg),s1077,F:\Totalsegmentator_dataset_v201\nii\s1077.nii.gz,1.5,1.5,1.5,221,221,278,331.5,331.5,417.0,-1233.0,3256.0,-450.01751708984375,498.8165283203125,-1024.0,-170.0,484.0,0.007370265084142485,0.0013352676670347675,1.294921875,1.294921875,18.0
train(totalseg),s1079,F:\Totalsegmentator_dataset_v201\nii\s1079.nii.gz,1.5,1.5,1.5,234,234,190,351.0,351.0,285.0,-1043.0,2083.0,-494.59814453125,505.2467041015625,-1018.0,-786.0,516.0,0.0014677555163385124,0.0011678604796013703,1.37109375,1.37109375,18.0
train(totalseg),s1083,F:\Totalsegmentator_dataset_v201\nii\s1083.nii.gz,1.0,1.0,1.0,240,160,187,240.0,160.0,187.0,-1313.9737548828125,2907.031982421875,-397.2568664550781,510.5561218261719,-1023.9772338867188,-129.0266876220703,585.026611328125,0.006124108734402852,0.001194295900178253,0.625,0.9375,12.0
train(totalseg),s1070,F:\Totalsegmentator_dataset_v201\nii\s1070.nii.gz,1.5,1.5,1.5,247,247,428,370.5,370.5,642.0,-1030.0,1799.0,-590.980712890625,479.6174011230469,-1013.0,-911.0,422.0,0.0001881903328073655,0.001226722169410975,1.447265625,1.447265625,18.0
train(totalseg),s1097,F:\Totalsegmentator_dataset_v201\nii\s1097.nii.gz,1.5,1.5,1.5,108,108,127,162.0,162.0,190.5,-1439.0,3509.0,-314.7550964355469,530.946533203125,-1000.0,-299.0,730.0,0.002373545899355173,0.00383777259324066,0.6328125,0.6328125,18.0
train(totalseg),s1093,F:\Totalsegmentator_dataset_v201\nii\s1093.nii.gz,1.5,1.5,1.5,199,199,239,298.5,298.5,358.5,-1295.0,3428.0,-692.5419921875,489.90936279296875,-1024.0,-970.0,811.0,0.008102262737938263,0.00651583155830544,1.166015625,1.166015625,18.0
train(totalseg),s1096,F:\Totalsegmentator_dataset_v201\nii\s1096.nii.gz,1.5,1.5,1.5,300,300,94,450.0,450.0,141.0,-1062.0,1485.0,-515.19384765625,492.3563537597656,-1024.0,-775.0,518.0,0.003199172576832151,0.002817966903073286,1.7578125,1.7578125,18.0
train(totalseg),s1094,F:\Totalsegmentator_dataset_v201\nii\s1094.nii.gz,1.5,1.5,1.5,227,227,183,340.5,340.5,274.5,-1130.0,3316.0,-549.6978149414062,509.22393798828125,-1022.0,-876.0,588.0,0.0034115215470937378,0.0025742830449393996,1.330078125,1.330078125,18.0
train(totalseg),s1085,F:\Totalsegmentator_dataset_v201\nii\s1085.nii.gz,1.5,1.5,1.5,236,236,443,354.0,354.0,664.5,-1042.0,3128.0,-569.6808471679688,492.1348876953125,-1018.0,-925.0,338.0,0.001326168406000372,0.0007929612439533413,1.3828125,1.3828125,18.0
train(totalseg),s1090,F:\Totalsegmentator_dataset_v201\nii\s1090.nii.gz,1.5,1.5,1.5,257,257,439,385.5,385.5,658.5,-3451.0,3577.0,-891.8077392578125,1188.5755615234375,-3024.0,-165.0,473.0,0.22198615131127994,0.0017226796203896981,1.505859375,1.505859375,18.0
train(totalseg),s1086,F:\Totalsegmentator_dataset_v201\nii\s1086.nii.gz,1.5,1.5,1.5,271,271,443,406.5,406.5,664.5,-3644.0,3363.0,-959.1189575195312,1159.4727783203125,-3024.0,-841.0,333.0,0.22134281401221767,0.0008062548235514193,1.587890625,1.587890625,18.0
train(totalseg),s1100,F:\Totalsegmentator_dataset_v201\nii\s1100.nii.gz,1.5,1.5,1.5,231,231,286,346.5,346.5,429.0,-1050.0,2560.0,-531.11328125,477.6826171875,-1021.0,-859.0,438.0,0.002750495896534805,0.001779670967931325,1.353515625,1.353515625,18.0
train(totalseg),s1101,F:\Totalsegmentator_dataset_v201\nii\s1101.nii.gz,1.5,1.5,1.5,269,269,205,403.5,403.5,307.5,-3588.0,3736.0,-1002.4966430664062,1143.29931640625,-3025.0,-881.0,436.0,0.24850303437884083,0.0012198995713093859,1.576171875,1.576171875,18.0
train(totalseg),s1106,F:\Totalsegmentator_dataset_v201\nii\s1106.nii.gz,1.5,1.5,1.5,110,110,92,165.0,165.0,138.0,-1052.0,1260.0,-186.22093200683594,429.6831970214844,-956.0,-49.0,500.0,0.0001015091627739849,1.0779734099892202e-05,0.64453125,0.64453125,18.0
train(totalseg),s1089,F:\Totalsegmentator_dataset_v201\nii\s1089.nii.gz,1.5,1.5,1.5,265,265,550,397.5,397.5,825.0,-1455.0,3850.0,-592.7105102539062,502.14874267578125,-1027.0,-928.0,480.0,0.01252130812743244,0.0027791183458057943,1.552734375,1.552734375,18.0
train(totalseg),s1099,F:\Totalsegmentator_dataset_v201\nii\s1099.nii.gz,1.5,1.5,1.5,285,285,427,427.5,427.5,640.5,-1100.0,3170.0,-746.6812133789062,429.4957580566406,-1024.0,-989.0,243.0,0.002222812711810749,0.0002013661760874552,1.669921875,1.669921875,18.0
train(totalseg),s1082,F:\Totalsegmentator_dataset_v201\nii\s1082.nii.gz,1.5,1.5,1.5,333,333,542,499.5,499.5,813.0,-1672.0,4007.0,-785.6923828125,425.2210693359375,-1026.0,-984.0,394.0,0.01239962058398912,0.0033902955947820498,1.951171875,1.951171875,18.0
train(totalseg),s1102,F:\Totalsegmentator_dataset_v201\nii\s1102.nii.gz,1.5,1.5,1.5,268,268,311,402.0,402.0,466.5,-1361.0,3443.0,-598.2232666015625,485.306640625,-1024.0,-927.0,363.0,0.005072419778461717,0.0013838755930223876,1.5703125,1.5703125,18.0
train(totalseg),s1109,F:\Totalsegmentator_dataset_v201\nii\s1109.nii.gz,1.5,1.5,1.5,267,267,60,400.5,400.5,90.0,-1160.0,1463.0,-587.7963256835938,467.2390441894531,-1025.0,-932.0,217.0,0.012402334160950497,0.0003906633561980109,1.564453125,1.564453125,18.0
train(totalseg),s1098,F:\Totalsegmentator_dataset_v201\nii\s1098.nii.gz,1.5,1.5,1.5,331,331,422,496.5,496.5,633.0,-3754.0,1846.0,-1112.6048583984375,1089.96484375,-3025.0,-981.0,256.0,0.23388536830477646,0.0016823708711576953,1.939453125,1.939453125,18.0
train(totalseg),s1088,F:\Totalsegmentator_dataset_v201\nii\s1088.nii.gz,1.5,1.5,1.5,333,333,544,499.5,499.5,816.0,-1504.0,3700.0,-718.9452514648438,452.1438903808594,-1029.0,-966.0,417.0,0.014575081041191743,0.003089534843087397,1.951171875,1.951171875,18.0
train(totalseg),s1105,F:\Totalsegmentator_dataset_v201\nii\s1105.nii.gz,1.5,1.5,1.5,221,221,407,331.5,331.5,610.5,-1275.0,3349.0,-540.5693969726562,508.35626220703125,-1024.0,-872.0,441.0,0.004736825954345167,0.0012863279487320086,1.294921875,1.294921875,18.0
train(totalseg),s1104,F:\Totalsegmentator_dataset_v201\nii\s1104.nii.gz,1.5,1.5,1.5,298,138,726,447.0,207.0,1089.0,-1119.0,3154.0,-604.3567504882812,505.8468322753906,-1024.0,-993.0,566.0,0.00032154308526619247,0.004110224969629251,0.80859375,1.74609375,18.0
train(totalseg),s1107,F:\Totalsegmentator_dataset_v201\nii\s1107.nii.gz,1.5,1.5,1.5,229,229,253,343.5,343.5,379.5,-1415.0,3632.0,-655.6691284179688,553.577880859375,-1039.0,-954.0,1560.0,0.04364323972969893,0.015606467978777737,1.341796875,1.341796875,18.0
train(totalseg),s1114,F:\Totalsegmentator_dataset_v201\nii\s1114.nii.gz,1.5,1.5,1.5,187,187,174,280.5,280.5,261.0,-1090.0,1965.0,-635.86962890625,485.8132629394531,-1024.0,-964.0,493.0,0.0013509498064624705,0.001265488261528105,1.095703125,1.095703125,18.0
train(totalseg),s1115,F:\Totalsegmentator_dataset_v201\nii\s1115.nii.gz,1.5,1.5,1.5,136,136,173,204.0,204.0,259.5,-1204.0,3514.0,-361.4559020996094,552.5948486328125,-1032.0,-159.0,1331.0,0.02829857291437486,0.01477338640318419,0.796875,0.796875,18.0
train(totalseg),s1112,F:\Totalsegmentator_dataset_v201\nii\s1112.nii.gz,1.5,1.5,1.5,213,213,220,319.5,319.5,330.0,-1031.0,3262.0,-707.1253662109375,497.8666687011719,-1010.0,-992.0,1114.0,4.2079193041303735e-05,0.01160984973720542,1.248046875,1.248046875,18.0
train(totalseg),s1113,F:\Totalsegmentator_dataset_v201\nii\s1113.nii.gz,1.5,1.5,1.5,206,206,219,309.0,309.0,328.5,-1786.0,3632.0,-634.736328125,536.0074462890625,-1036.0,-960.0,1234.0,0.04013241534257601,0.013201183409668171,1.20703125,1.20703125,18.0
train(totalseg),s1122,F:\Totalsegmentator_dataset_v201\nii\s1122.nii.gz,1.5,1.5,1.5,114,114,156,171.0,171.0,234.0,-1252.0,3444.0,-239.44235229492188,491.3227233886719,-953.0,-83.0,758.0,0.0003689498149331944,0.006687462019871992,0.66796875,0.66796875,18.0
train(totalseg),s1111,F:\Totalsegmentator_dataset_v201\nii\s1111.nii.gz,1.5,1.5,1.5,231,231,419,346.5,346.5,628.5,-1229.0,3331.0,-568.7066040039062,500.672119140625,-1024.0,-918.0,397.0,0.003819258271705125,9.821869923019081e-05,1.353515625,1.353515625,18.0
train(totalseg),s1110,F:\Totalsegmentator_dataset_v201\nii\s1110.nii.gz,1.5,1.5,1.5,295,295,241,442.5,442.5,361.5,-1176.0,3439.0,-537.6925048828125,494.22467041015625,-1024.0,-844.0,426.0,0.006394498381707287,0.0016022959773716995,1.728515625,1.728515625,18.0
train(totalseg),s1119,F:\Totalsegmentator_dataset_v201\nii\s1119.nii.gz,1.5,1.5,1.5,271,271,236,406.5,406.5,354.0,-3589.0,3021.0,-995.1588134765625,1152.1307373046875,-3024.0,-887.0,527.0,0.24909296822545796,0.0034583263881208044,1.587890625,1.587890625,18.0
train(totalseg),s1129,F:\Totalsegmentator_dataset_v201\nii\s1129.nii.gz,1.5,1.5,1.5,174,174,251,261.0,261.0,376.5,-1099.0,3282.0,-551.1090698242188,558.5547485351562,-1017.0,-939.0,1337.0,0.00020791454343808543,0.014854572988268883,1.01953125,1.01953125,18.0
train(totalseg),s1128,F:\Totalsegmentator_dataset_v201\nii\s1128.nii.gz,1.5,1.5,1.5,225,225,159,337.5,337.5,238.5,-1236.0,3501.0,-452.72491455078125,496.2802734375,-1031.0,-183.0,558.0,0.017990216631726067,0.004448171441882134,1.318359375,1.318359375,18.0
train(totalseg),s1125,F:\Totalsegmentator_dataset_v201\nii\s1125.nii.gz,1.5,1.5,1.5,247,247,245,370.5,370.5,367.5,-1290.0,3418.0,-604.6538696289062,523.485595703125,-1024.0,-946.0,428.0,0.004509203324125816,0.004209481797537038,1.447265625,1.447265625,18.0
train(totalseg),s1103,F:\Totalsegmentator_dataset_v201\nii\s1103.nii.gz,1.0,1.0,1.0,283,162,851,283.0,162.0,851.0,-1495.0,2758.991455078125,-593.6542358398438,498.2391357421875,-1023.008544921875,-946.9908447265625,513.9808349609375,0.008436763743958728,0.003376653468310617,0.6328125,1.10546875,12.0
train(totalseg),s1120,F:\Totalsegmentator_dataset_v201\nii\s1120.nii.gz,1.5,1.5,1.5,247,247,407,370.5,370.5,610.5,-1038.0,1774.0,-572.6351318359375,481.81591796875,-1023.0,-919.0,324.0,0.000318316107789792,0.0004701445144658441,1.447265625,1.447265625,18.0
train(totalseg),s1131,F:\Totalsegmentator_dataset_v201\nii\s1131.nii.gz,1.5,1.5,1.5,365,180,299,547.5,270.0,448.5,-1185.0,1388.0,-460.0812072753906,500.6495361328125,-1024.0,-115.0,347.0,0.004457781646584506,0.00019038601528178657,1.0546875,2.138671875,18.0
train(totalseg),s1134,F:\Totalsegmentator_dataset_v201\nii\s1134.nii.gz,1.5,1.5,1.5,103,103,151,154.5,154.5,226.5,-1316.0,3404.0,-241.83372497558594,615.7962036132812,-1017.0,-150.0,1201.0,0.0029657438174135542,0.02339697832466374,0.603515625,0.603515625,18.0
train(totalseg),s1130,F:\Totalsegmentator_dataset_v201\nii\s1130.nii.gz,1.5,1.5,1.5,280,280,283,420.0,420.0,424.5,-1052.0,1660.0,-487.3305358886719,504.8326110839844,-1024.0,-543.0,600.0,0.0010043625137511668,0.0032288875644019745,1.640625,1.640625,18.0
train(totalseg),s1132,F:\Totalsegmentator_dataset_v201\nii\s1132.nii.gz,1.5,1.5,1.5,245,245,214,367.5,367.5,321.0,-3620.0,3668.0,-979.6278076171875,1152.0360107421875,-3025.0,-850.0,494.0,0.2529298929184491,0.002449524536116182,1.435546875,1.435546875,18.0
train(totalseg),s1127,F:\Totalsegmentator_dataset_v201\nii\s1127.nii.gz,1.5,1.5,1.5,275,275,409,412.5,412.5,613.5,-1359.0,3642.0,-559.34765625,491.0609130859375,-1024.0,-928.0,353.0,0.0009228389713242274,0.0010790594698331492,1.611328125,1.611328125,18.0
train(totalseg),s1121,F:\Totalsegmentator_dataset_v201\nii\s1121.nii.gz,1.5,1.5,1.5,281,281,519,421.5,421.5,778.5,-1210.0,1898.0,-759.90283203125,431.27490234375,-1024.0,-991.0,267.0,0.004115369735045209,0.001333869682520568,1.646484375,1.646484375,18.0
train(totalseg),s1136,F:\Totalsegmentator_dataset_v201\nii\s1136.nii.gz,1.5,1.5,1.5,216,216,164,324.0,324.0,246.0,-1481.0,2723.0,-552.863525390625,492.141845703125,-1035.0,-902.0,427.0,0.025180145705778045,0.0019112382481849509,1.265625,1.265625,18.0
train(totalseg),s1133,F:\Totalsegmentator_dataset_v201\nii\s1133.nii.gz,1.0,1.0,1.0,203,162,213,203.0,162.0,213.0,-1259.02099609375,2968.998291015625,-445.1336364746094,503.2535095214844,-1024.0081787109375,-558.0164794921875,562.0032958984375,0.038958873445334004,0.0004899553443963499,0.6328125,0.79296875,12.0
train(totalseg),s1137,F:\Totalsegmentator_dataset_v201\nii\s1137.nii.gz,1.4999998807907104,1.5,1.5,245,145,278,367.49997079372406,217.5,417.0,-1305.0,3221.0,-382.4176330566406,542.0311889648438,-1024.0,-84.0,744.0,0.004878518015988335,0.006922878305378217,0.849609375,1.4355467609129846,18.0
train(totalseg),s1138,F:\Totalsegmentator_dataset_v201\nii\s1138.nii.gz,1.5,1.5,1.5,182,182,260,273.0,273.0,390.0,-1349.0,3552.0,-586.6707763671875,583.915771484375,-1035.0,-937.0,1698.0,0.03357314705581823,0.022223602686409112,1.06640625,1.06640625,18.0
train(totalseg),s1124,F:\Totalsegmentator_dataset_v201\nii\s1124.nii.gz,1.5,1.5,1.5,267,267,536,400.5,400.5,804.0,-1437.0,3359.0,-637.7363891601562,484.8106384277344,-1024.0,-928.0,581.0,0.0020899784668885228,0.0044060703066034525,1.564453125,1.564453125,18.0
train(totalseg),s1123,F:\Totalsegmentator_dataset_v201\nii\s1123.nii.gz,1.5,1.5,1.5,291,291,545,436.5,436.5,817.5,-1212.0,3296.0,-645.0123901367188,472.6224365234375,-1024.0,-948.0,360.0,0.002694276806910162,0.001494566983798457,1.705078125,1.705078125,18.0
train(totalseg),s1147,F:\Totalsegmentator_dataset_v201\nii\s1147.nii.gz,1.0,1.0,1.0,51,101,150,51.0,101.0,150.0,-1269.0001220703125,3101.0,-209.6143035888672,512.5297241210938,-1009.0072631835938,-51.98823547363281,1210.967529296875,0.0038995664272309582,0.014794538277357147,0.39453125,0.19921875,12.0
train(totalseg),s1141,F:\Totalsegmentator_dataset_v201\nii\s1141.nii.gz,1.0,1.0,1.0,253,143,170,253.0,143.0,170.0,-1160.9853515625,3203.99951171875,-156.5696563720703,340.54144287109375,-1022.982666015625,-73.03411865234375,480.0335693359375,0.0008025452521058683,0.0023250399321543594,0.55859375,0.98828125,12.0
train(totalseg),s1140,F:\Totalsegmentator_dataset_v201\nii\s1140.nii.gz,1.5,1.5,1.5,253,253,233,379.5,379.5,349.5,-1535.0,3712.0,-555.1276245117188,490.7413635253906,-1035.0,-864.0,488.0,0.02878992931791276,0.0026680784846344107,1.482421875,1.482421875,18.0
train(totalseg),s1148,F:\Totalsegmentator_dataset_v201\nii\s1148.nii.gz,1.5,1.5,1.5,105,120,102,157.5,180.0,153.0,-1267.0,2436.0,-225.91558837890625,624.5438842773438,-1024.0,4.0,1446.0,0.0036733582321817615,0.041500155617802674,0.703125,0.615234375,18.0
train(totalseg),s1142,F:\Totalsegmentator_dataset_v201\nii\s1142.nii.gz,1.5,1.5,1.5,221,221,277,331.5,331.5,415.5,-1433.0,3407.0,-470.94708251953125,487.5846252441406,-1024.0,-201.0,442.0,0.0069741487207851775,0.0008557936036930546,1.294921875,1.294921875,18.0
train(totalseg),s1146,F:\Totalsegmentator_dataset_v201\nii\s1146.nii.gz,1.5,1.5,1.5,211,211,195,316.5,316.5,292.5,-3633.0,3581.0,-1014.828369140625,1147.7083740234375,-3024.0,-899.0,484.0,0.2515113870204726,0.0024557699362847494,1.236328125,1.236328125,18.0
train(totalseg),s1150,F:\Totalsegmentator_dataset_v201\nii\s1150.nii.gz,1.5,1.5,1.5,167,167,101,250.5,250.5,151.5,-1027.0,2045.0,-584.6248779296875,637.7799072265625,-1011.0,-967.0,1618.0,1.1360449305770044e-05,0.04098566098289187,0.978515625,0.978515625,18.0
train(totalseg),s1144,F:\Totalsegmentator_dataset_v201\nii\s1144.nii.gz,1.5,1.5,1.5,228,228,225,342.0,342.0,337.5,-1078.0,3186.0,-459.47222900390625,490.3280334472656,-1022.0,-433.0,511.0,0.0025294962552580283,0.0015979275674566534,1.3359375,1.3359375,18.0
train(totalseg),s1135,F:\Totalsegmentator_dataset_v201\nii\s1135.nii.gz,1.5,1.5,1.5,299,299,443,448.5,448.5,664.5,-1218.0,3188.0,-531.1318359375,478.5563049316406,-1024.0,-844.0,301.0,0.00206995843418426,0.0009271636216546234,1.751953125,1.751953125,18.0
train(totalseg),s1145,F:\Totalsegmentator_dataset_v201\nii\s1145.nii.gz,1.5,1.5,1.5,220,220,415,330.0,330.0,622.5,-3436.0,1708.0,-946.7909545898438,1173.4268798828125,-3024.0,-827.0,369.0,0.22258324205914568,0.0007732749178532311,1.2890625,1.2890625,18.0
train(totalseg),s1149,F:\Totalsegmentator_dataset_v201\nii\s1149.nii.gz,1.5,1.5,1.5,215,183,329,322.5,274.5,493.5,-1075.0,3169.0,-363.49395751953125,493.15203857421875,-1024.0,-67.0,454.0,0.00027038500120321325,0.000694889453092258,1.072265625,1.259765625,18.0
train(totalseg),s1153,F:\Totalsegmentator_dataset_v201\nii\s1153.nii.gz,1.5,1.5,1.5,243,243,145,364.5,364.5,217.5,-1061.0,1543.0,-576.1196899414062,483.363525390625,-1018.7999999999993,-936.0,294.0,0.0008298193026130841,0.0003527170012514446,1.423828125,1.423828125,18.0
train(totalseg),s1156,F:\Totalsegmentator_dataset_v201\nii\s1156.nii.gz,1.5,1.5,1.5,163,163,235,244.5,244.5,352.5,-1208.0,3202.0,-459.9716491699219,565.7179565429688,-1024.0,-106.0,675.0,0.0018834937399458912,0.007204043233228417,0.955078125,0.955078125,18.0
train(totalseg),s1154,F:\Totalsegmentator_dataset_v201\nii\s1154.nii.gz,1.5,1.5,1.5,201,201,239,301.5,301.5,358.5,-1647.0,3583.0,-645.8740234375,535.485107421875,-1036.0,-958.0,1266.0,0.03639300154103631,0.012627591177981408,1.177734375,1.177734375,18.0
train(totalseg),s1143,F:\Totalsegmentator_dataset_v201\nii\s1143.nii.gz,1.5,1.5,1.5,266,266,479,399.0,399.0,718.5,-3613.0,3383.0,-969.6821899414062,1161.9183349609375,-3025.0,-878.0,505.0,0.22436028299781055,0.0014576243131334157,1.55859375,1.55859375,18.0
train(totalseg),s1155,F:\Totalsegmentator_dataset_v201\nii\s1155.nii.gz,1.5,1.5,1.5,271,271,201,406.5,406.5,301.5,-3584.0,3539.0,-911.6365966796875,1177.580078125,-3024.0,-305.0,424.0,0.2425989293336354,0.0015044390707595792,1.587890625,1.587890625,18.0
train(totalseg),s1157,F:\Totalsegmentator_dataset_v201\nii\s1157.nii.gz,1.5,1.5,1.5,253,253,189,379.5,379.5,283.5,-1143.0,3162.0,-450.1668701171875,485.63287353515625,-1024.0,-142.0,564.0,0.0013209947906631186,0.0019759952738127684,1.482421875,1.482421875,18.0
train(totalseg),s1158,F:\Totalsegmentator_dataset_v201\nii\s1158.nii.gz,1.5,1.5,1.5,231,231,166,346.5,346.5,249.0,-1209.0,3240.0,-255.68524169921875,407.4511413574219,-1019.0,-86.0,350.0,0.003921345054657239,0.0004656844206264895,1.353515625,1.353515625,18.0
train(totalseg),s1151,F:\Totalsegmentator_dataset_v201\nii\s1151.nii.gz,1.5,1.5,1.5,241,241,379,361.5,361.5,568.5,-1040.0,2156.0,-654.2401733398438,493.82073974609375,-1019.0,-967.0,356.0,0.001442439783862991,0.0033733247855420216,1.412109375,1.412109375,18.0
train(totalseg),s1163,F:\Totalsegmentator_dataset_v201\nii\s1163.nii.gz,1.5,1.5,1.5,171,171,228,256.5,256.5,342.0,-1127.0,3323.0,-544.9781494140625,556.9476318359375,-1019.0,-941.0,1320.0,0.0009737589073741088,0.015406749835156957,1.001953125,1.001953125,18.0
train(totalseg),s1165,F:\Totalsegmentator_dataset_v201\nii\s1165.nii.gz,1.5,1.5,1.5,113,113,279,169.5,169.5,418.5,-1139.0,1964.0,-109.91613006591797,319.60198974609375,-964.0,-54.0,599.0,0.0016398357132752027,0.0024465607800251057,0.662109375,0.662109375,18.0
train(totalseg),s1162,F:\Totalsegmentator_dataset_v201\nii\s1162.nii.gz,1.5,1.5,1.5,222,222,203,333.0,333.0,304.5,-3641.0,3556.0,-952.3350219726562,1178.7623291015625,-3024.0,-816.0,522.0,0.24878166676861924,0.002833082050230233,1.30078125,1.30078125,18.0
train(totalseg),s1168,F:\Totalsegmentator_dataset_v201\nii\s1168.nii.gz,1.5,1.5,1.5,177,177,128,265.5,265.5,192.0,-3538.0,3328.0,-980.2208862304688,1187.8984375,-3024.0,-955.0,1067.0,0.23558693622522264,0.010917899549937757,1.037109375,1.037109375,18.0
train(totalseg),s1169,F:\Totalsegmentator_dataset_v201\nii\s1169.nii.gz,1.5,1.5,1.5,151,151,106,226.5,226.5,159.0,-1433.0,3722.0,-441.1191711425781,528.6426391601562,-1034.0,-570.0,981.0,0.018343286830352527,0.009054551563031412,0.884765625,0.884765625,18.0
train(totalseg),s1170,F:\Totalsegmentator_dataset_v201\nii\s1170.nii.gz,1.0,1.0,1.0,131,89,311,131.0,89.0,311.0,-1433.0,2846.0,-379.3415832519531,515.7312622070312,-1021.9783935546875,-83.97401428222656,829.0230102539062,0.008368013899805567,0.00831947489623409,0.34765625,0.51171875,12.0
train(totalseg),s1164,F:\Totalsegmentator_dataset_v201\nii\s1164.nii.gz,1.5,1.5,1.5,266,266,245,399.0,399.0,367.5,-1066.0,2979.0,-581.4868774414062,489.1839599609375,-1024.0,-910.0,453.0,0.004518891708581325,0.0010456167165766072,1.55859375,1.55859375,18.0
train(totalseg),s1167,F:\Totalsegmentator_dataset_v201\nii\s1167.nii.gz,1.5,1.5,1.5,219,219,211,328.5,328.5,316.5,-1049.0,2200.0,-591.9463500976562,469.2654113769531,-1020.0,-889.0,351.0,0.0017994472999100573,0.000376490621233241,1.283203125,1.283203125,18.0
train(totalseg),s1177,F:\Totalsegmentator_dataset_v201\nii\s1177.nii.gz,1.5000001192092896,1.5,1.5,121,137,67,181.50001442432404,205.5,100.5,-1279.0,3151.0,-303.2072448730469,602.7322387695312,-1127.0,-56.0,1372.0,0.025541592874140488,0.03336667690083095,0.802734375,0.7089844313450158,18.0
train(totalseg),s1172,F:\Totalsegmentator_dataset_v201\nii\s1172.nii.gz,1.5,1.5,1.5,227,227,206,340.5,340.5,309.0,-1060.0,3336.0,-586.176513671875,491.5709533691406,-1016.0,-884.0,468.0,0.0005053237039210067,0.001510883960381265,1.330078125,1.330078125,18.0
train(totalseg),s1175,F:\Totalsegmentator_dataset_v201\nii\s1175.nii.gz,1.5,1.5,1.5,267,267,88,400.5,400.5,132.0,-1099.0,1419.0,-707.0392456054688,439.23602294921875,-1024.0,-971.0,271.0,0.0025058054347285503,0.00027799775306403256,1.564453125,1.564453125,18.0
train(totalseg),s1179,F:\Totalsegmentator_dataset_v201\nii\s1179.nii.gz,1.5,1.5,1.5,117,117,136,175.5,175.5,204.0,-1052.0,2742.0,-36.031829833984375,353.8465576171875,-914.0,17.0,692.0,0.0002766282932195451,0.0032099624859805854,0.685546875,0.685546875,18.0
train(totalseg),s1173,F:\Totalsegmentator_dataset_v201\nii\s1173.nii.gz,1.5,1.5,1.5,255,255,229,382.5,382.5,343.5,-3281.0,3574.0,-1056.7236328125,1124.73046875,-3024.0,-927.0,493.0,0.2548302541017471,0.0027635989321677223,1.494140625,1.494140625,18.0
train(totalseg),s1176,F:\Totalsegmentator_dataset_v201\nii\s1176.nii.gz,1.5,1.5,1.5,223,223,266,334.5,334.5,399.0,-1227.0,3187.0,-608.5418090820312,498.6683654785156,-1024.0,-938.0,409.0,0.005091808126360664,0.00025347911998823097,1.306640625,1.306640625,18.0
train(totalseg),s1152,F:\Totalsegmentator_dataset_v201\nii\s1152.nii.gz,1.5,1.5,1.5,333,333,548,499.5,499.5,822.0,-1397.0,3791.0,-668.233154296875,471.52655029296875,-1024.0,-968.0,367.0,0.009872300829697709,0.0021599484142693316,1.951171875,1.951171875,18.0
train(totalseg),s1185,F:\Totalsegmentator_dataset_v201\nii\s1185.nii.gz,1.5000001192092896,1.5,1.5000001192092896,133,106,172,199.5000158548355,159.0,258.0000205039978,-1342.0,3288.0,-497.7531433105469,570.9847412109375,-1024.0,-831.0,1067.0,0.007056089103847816,0.011093442249766584,0.62109375,0.7792969369329512,18.000001430511475
train(totalseg),s1182,F:\Totalsegmentator_dataset_v201\nii\s1182.nii.gz,1.5,1.5,1.5,261,261,207,391.5,391.5,310.5,-1086.0,3213.0,-608.8900756835938,469.174072265625,-1024.0,-934.0,321.0,0.001172678796639796,0.0006649151183656704,1.529296875,1.529296875,18.0
train(totalseg),s1184,F:\Totalsegmentator_dataset_v201\nii\s1184.nii.gz,1.5,1.5,1.5,204,204,221,306.0,306.0,331.5,-1871.0,3612.0,-618.60595703125,563.438720703125,-1036.0,-948.0,1542.0,0.036402620814731536,0.01690362438758136,1.1953125,1.1953125,18.0
train(totalseg),s1161,F:\Totalsegmentator_dataset_v201\nii\s1161.nii.gz,1.5,1.5,1.5,313,313,544,469.5,469.5,816.0,-1262.0,3440.0,-632.804443359375,475.8493957519531,-1024.0,-951.0,342.0,0.003188621070837644,0.0013435371909535164,1.833984375,1.833984375,18.0
train(totalseg),s1159,F:\Totalsegmentator_dataset_v201\nii\s1159.nii.gz,1.5,1.5,1.5,329,329,537,493.5,493.5,805.5,-1386.0,4060.0,-779.3614501953125,431.4036560058594,-1031.0,-986.0,421.0,0.015498210593575066,0.0031509449738169634,1.927734375,1.927734375,18.0
train(totalseg),s1183,F:\Totalsegmentator_dataset_v201\nii\s1183.nii.gz,1.5,1.5,1.5,254,216,335,381.0,324.0,502.5,-1102.0,1957.0,-432.6866760253906,476.5247497558594,-1024.0,-115.0,330.0,0.0007421336014590215,0.00021110545261444308,1.265625,1.48828125,18.0
train(totalseg),s1174,F:\Totalsegmentator_dataset_v201\nii\s1174.nii.gz,1.0,1.0,1.0,279,178,481,279.0,178.0,481.0,-1273.00439453125,2832.0078125,-444.905029296875,500.22662353515625,-1024.0302734375,-120.02379608154297,512.982666015625,0.026054709615451276,0.0006651197441599824,0.6953125,1.08984375,12.0
train(totalseg),s1190,F:\Totalsegmentator_dataset_v201\nii\s1190.nii.gz,1.5,1.5,1.5,221,221,242,331.5,331.5,363.0,-1234.0,3306.0,-589.5355834960938,511.3063049316406,-1024.0,-887.0,574.0,0.005239296398180435,0.0015518388808485213,1.294921875,1.294921875,18.0
train(totalseg),s1189,F:\Totalsegmentator_dataset_v201\nii\s1189.nii.gz,1.5,1.5,1.5,233,233,266,349.5,349.5,399.0,-1110.0,3257.0,-640.713623046875,465.64288330078125,-1018.0,-945.0,314.0,0.0010160045648187645,0.0003517791159541524,1.365234375,1.365234375,18.0
train(totalseg),s1194,F:\Totalsegmentator_dataset_v201\nii\s1194.nii.gz,1.5,1.5,1.5,162,162,147,243.0,243.0,220.5,-3600.0,3235.0,-1059.5472412109375,1175.6124267578125,-3025.0,-973.0,1437.0,0.2452266381327718,0.025195263290501386,0.94921875,0.94921875,18.0
train(totalseg),s1191,F:\Totalsegmentator_dataset_v201\nii\s1191.nii.gz,1.5,1.5,1.5,259,259,181,388.5,388.5,271.5,-3727.0,4172.0,-1011.8326416015625,1156.0677490234375,-3024.0,-915.0,595.0,0.26515647241345314,0.004061635389095446,1.517578125,1.517578125,18.0
train(totalseg),s1196,F:\Totalsegmentator_dataset_v201\nii\s1196.nii.gz,1.5,1.5,1.5,244,244,73,366.0,366.0,109.5,-1101.0,1922.0,-302.6000061035156,417.13433837890625,-1018.0,-113.0,191.0,0.0005501446114129122,0.00019051431963609003,1.4296875,1.4296875,18.0
train(totalseg),s1195,F:\Totalsegmentator_dataset_v201\nii\s1195.nii.gz,1.5,1.5,1.5,187,187,168,280.5,280.5,252.0,-1041.0,3143.0,-619.263671875,508.296142578125,-1016.0,-977.0,713.0,0.0007118549899298562,0.004866044619111621,1.095703125,1.095703125,18.0
train(totalseg),s1178,F:\Totalsegmentator_dataset_v201\nii\s1178.nii.gz,1.5,1.5,1.5,333,333,433,499.5,499.5,649.5,-1377.0,3609.0,-719.6713256835938,428.17962646484375,-1024.0,-994.0,216.0,0.0037233195077783065,0.0005290019046151251,1.951171875,1.951171875,18.0
train(totalseg),s1187,F:\Totalsegmentator_dataset_v201\nii\s1187.nii.gz,1.5,1.5,1.5,261,261,340,391.5,391.5,510.0,-1172.0,1452.0,-556.5135498046875,482.8638610839844,-1024.0,-940.0,293.0,0.0026470199653384936,0.00018185633349653775,1.529296875,1.529296875,18.0
train(totalseg),s1192,F:\Totalsegmentator_dataset_v201\nii\s1192.nii.gz,1.5,1.5,1.5,228,228,226,342.0,342.0,339.0,-1504.0,3875.0,-690.03125,499.5364074707031,-1041.0,-966.0,1072.0,0.05022409890585803,0.010591584340450568,1.3359375,1.3359375,18.0
train(totalseg),s1171,F:\Totalsegmentator_dataset_v201\nii\s1171.nii.gz,1.5,1.5,1.5,333,333,544,499.5,499.5,816.0,-1449.0,3611.0,-780.6189575195312,420.7057189941406,-1029.0,-979.0,394.0,0.014776013862823009,0.0028716434968683257,1.951171875,1.951171875,18.0
train(totalseg),s1197,F:\Totalsegmentator_dataset_v201\nii\s1197.nii.gz,1.5,1.5,1.5,227,227,149,340.5,340.5,223.5,-1041.0,3391.0,-579.147216796875,490.0457458496094,-1017.0,-883.0,453.0,0.0008684752346498174,0.0008393003017521632,1.330078125,1.330078125,18.0
train(totalseg),s1203,F:\Totalsegmentator_dataset_v201\nii\s1203.nii.gz,1.5,1.5,1.5,184,184,133,276.0,276.0,199.5,-1584.0,3700.0,-183.9925079345703,413.15948486328125,-1025.0,-70.0,742.0,0.010603950831140277,0.005090775841966755,1.078125,1.078125,18.0
train(totalseg),s1205,F:\Totalsegmentator_dataset_v201\nii\s1205.nii.gz,1.0,1.0,1.0,252,104,169,252.0,104.0,169.0,-1108.0001220703125,2971.971435546875,-359.83685302734375,472.87933349609375,-1024.0068359375,-81.02408599853516,125.01069641113281,0.03054354422697618,0.00040030236036153196,0.40625,0.984375,12.0
train(totalseg),s1201,F:\Totalsegmentator_dataset_v201\nii\s1201.nii.gz,1.5,1.5,1.5,224,224,184,336.0,336.0,276.0,-1114.0,3311.0,-369.83197021484375,474.818603515625,-1020.0,-99.0,434.0,0.004189058406901359,0.0006222660775086827,1.3125,1.3125,18.0
train(totalseg),s1199,F:\Totalsegmentator_dataset_v201\nii\s1199.nii.gz,1.5,1.5,1.5,255,255,217,382.5,382.5,325.5,-3276.0,3287.0,-928.880615234375,1178.9637451171875,-3024.0,-704.0,525.0,0.24702574662490845,0.0022893700207052485,1.494140625,1.494140625,18.0
train(totalseg),s1218,F:\Totalsegmentator_dataset_v201\nii\s1218.nii.gz,1.5,1.5,1.5,249,249,45,373.5,373.5,67.5,-3557.0,3299.0,-1038.883056640625,1128.207275390625,-3024.0,-928.0,452.0,0.222278055630624,0.0015569635769446095,1.458984375,1.458984375,18.0
train(totalseg),s1215,F:\Totalsegmentator_dataset_v201\nii\s1215.nii.gz,1.5,1.5,1.5,303,303,92,454.5,454.5,138.0,-1331.0,2178.0,-866.0343017578125,365.3952331542969,-1024.0,-989.0,550.0,0.006846087637025347,0.007274079107978164,1.775390625,1.775390625,18.0
train(totalseg),s1222,F:\Totalsegmentator_dataset_v201\nii\s1222.nii.gz,1.5,1.5,1.5,264,264,61,396.0,396.0,91.5,-1050.0,1676.0,-546.087890625,501.5326232910156,-1024.0,-921.0,555.0,0.001201705956735763,0.001907346565506029,1.546875,1.546875,18.0
train(totalseg),s1220,F:\Totalsegmentator_dataset_v201\nii\s1220.nii.gz,1.5,1.5,1.5,198,198,163,297.0,297.0,244.5,-1039.0,3183.0,-641.814697265625,503.78302001953125,-1019.0,-983.0,612.0,0.0008888538354981932,0.0031166220048911997,1.16015625,1.16015625,18.0
train(totalseg),s1208,F:\Totalsegmentator_dataset_v201\nii\s1208.nii.gz,1.5,1.5,1.5,221,221,448,331.5,331.5,672.0,-1321.0,3175.0,-554.4515991210938,515.1480712890625,-1024.0,-913.0,461.0,0.00448932992352052,0.001113534801858673,1.294921875,1.294921875,18.0
train(totalseg),s1212,F:\Totalsegmentator_dataset_v201\nii\s1212.nii.gz,1.5,1.5,1.5,249,249,260,373.5,373.5,390.0,-1038.0,1727.0,-436.7544250488281,480.3183288574219,-1023.0,-133.0,482.0,0.003472648704177228,0.00195964581216432,1.458984375,1.458984375,18.0
train(totalseg),s1221,F:\Totalsegmentator_dataset_v201\nii\s1221.nii.gz,1.5,1.5,1.5,211,211,218,316.5,316.5,327.0,-1309.0,3403.0,-496.3501281738281,492.61846923828125,-1021.0,-806.0,374.0,0.0021415515610607506,0.0019983349784350856,1.236328125,1.236328125,18.0
train(totalseg),s1210,F:\Totalsegmentator_dataset_v201\nii\s1210.nii.gz,1.5,1.5,1.5,246,246,422,369.0,369.0,633.0,-1185.0,3323.0,-494.94232177734375,480.58123779296875,-1024.0,-612.0,347.0,0.0012420823612596548,0.000492760543319404,1.44140625,1.44140625,18.0
train(totalseg),s1227,F:\Totalsegmentator_dataset_v201\nii\s1227.nii.gz,1.5,1.5,1.5,165,165,98,247.5,247.5,147.0,-1194.0,3322.0,-553.117919921875,657.5327758789062,-1024.0,-988.0,1443.0,0.0023043046419669796,0.03058563370251682,0.966796875,0.966796875,18.0
train(totalseg),s1225,F:\Totalsegmentator_dataset_v201\nii\s1225.nii.gz,1.5,1.5,1.5,207,207,162,310.5,310.5,243.0,-1204.0,3335.0,-491.9613037109375,493.6130676269531,-1022.0,-775.0,601.0,0.0044981373009447476,0.0022709658087398474,1.212890625,1.212890625,18.0
train(totalseg),s1207,F:\Totalsegmentator_dataset_v201\nii\s1207.nii.gz,1.5,1.5,1.5,301,301,405,451.5,451.5,607.5,-1266.0,3168.0,-572.4071655273438,473.6392822265625,-1024.0,-890.0,359.0,0.0025595060562376764,0.0006907507746350516,1.763671875,1.763671875,18.0
train(totalseg),s1223,F:\Totalsegmentator_dataset_v201\nii\s1223.nii.gz,1.4999998807907104,1.5000001192092896,1.5000001192092896,261,150,427,391.4999688863754,225.00001788139343,640.5000509023666,-1073.0,3118.0,-457.3660583496094,502.5600891113281,-1011.0,-454.0,456.0,0.00046730732994158656,0.0008522436673934695,0.8789063198491931,1.529296753462404,18.000001430511475
train(totalseg),s1226,F:\Totalsegmentator_dataset_v201\nii\s1226.nii.gz,1.5,1.5,1.5,260,260,144,390.0,390.0,216.0,-1050.0,3406.0,-562.3687744140625,467.6697692871094,-1024.0,-847.0,316.0,0.0011880547337278107,0.0006127753122945431,1.5234375,1.5234375,18.0
train(totalseg),s1216,F:\Totalsegmentator_dataset_v201\nii\s1216.nii.gz,1.5,1.5,1.5,315,315,317,472.5,472.5,475.5,-4028.0,3345.0,-952.1964721679688,1220.3924560546875,-3025.0,-148.0,341.0,0.2457535902204389,0.001154689769957312,1.845703125,1.845703125,18.0
train(totalseg),s1206,F:\Totalsegmentator_dataset_v201\nii\s1206.nii.gz,1.5,1.5,1.5,279,279,538,418.5,418.5,807.0,-1406.0,3215.0,-716.16259765625,440.10394287109375,-1024.0,-942.0,381.0,0.002107096884836274,0.002004299440430887,1.634765625,1.634765625,18.0
train(totalseg),s1209,F:\Totalsegmentator_dataset_v201\nii\s1209.nii.gz,1.5,1.5,1.5,303,303,446,454.5,454.5,669.0,-1227.0,3229.0,-448.926025390625,469.03668212890625,-1024.0,-125.0,343.0,0.0021022140688843087,0.0005026030220801714,1.775390625,1.775390625,18.0
train(totalseg),s1231,F:\Totalsegmentator_dataset_v201\nii\s1231.nii.gz,1.5,1.5,1.5,177,177,229,265.5,265.5,343.5,-1030.0,3092.0,-608.9071044921875,518.8853149414062,-1013.0,-960.0,872.0,6.746261400345454e-05,0.005271562110765807,1.037109375,1.037109375,18.0
train(totalseg),s1224,F:\Totalsegmentator_dataset_v201\nii\s1224.nii.gz,1.5,1.5,1.5,272,272,452,408.0,408.0,678.0,-1047.0,3172.0,-505.2029724121094,497.2467346191406,-1024.0,-807.0,409.0,0.0019836266918271733,0.0010279070145757419,1.59375,1.59375,18.0
train(totalseg),s1234,F:\Totalsegmentator_dataset_v201\nii\s1234.nii.gz,1.0,1.0,1.0,218,122,257,218.0,122.0,257.0,-1466.987548828125,3118.98388671875,-417.5166931152344,494.5487365722656,-1024.001953125,-110.97252655029297,612.0135498046875,0.01930895082084255,0.003985269134412418,0.4765625,0.8515625,12.0
train(totalseg),s1237,F:\Totalsegmentator_dataset_v201\nii\s1237.nii.gz,1.0,1.0,1.0,198,155,141,198.0,155.0,141.0,-1755.0,3134.03515625,-384.6270751953125,546.4892578125,-1024.0318603515625,-314.99267578125,833.9979248046875,0.04729865574065986,0.0036098805487961285,0.60546875,0.7734375,12.0
train(totalseg),s1239,F:\Totalsegmentator_dataset_v201\nii\s1239.nii.gz,1.5,1.5,1.5,221,221,128,331.5,331.5,192.0,-1602.0,3437.0,-470.1611633300781,491.3897399902344,-1024.0,-706.0,449.0,0.007254407157920599,0.0006833398169570648,1.294921875,1.294921875,18.0
train(totalseg),s1230,F:\Totalsegmentator_dataset_v201\nii\s1230.nii.gz,1.5,1.5,1.5,236,236,486,354.0,354.0,729.0,-1363.0,3270.0,-450.49176025390625,522.524169921875,-1024.0,-134.0,653.0,0.0046321414551316895,0.0038144309101826946,1.3828125,1.3828125,18.0
train(totalseg),s1236,F:\Totalsegmentator_dataset_v201\nii\s1236.nii.gz,1.5,1.5,1.5,325,325,136,487.5,487.5,204.0,-1131.0,1753.0,-661.3440551757812,451.6035461425781,-1024.0,-959.0,155.0,0.004193525931082492,0.00015704838148277063,1.904296875,1.904296875,18.0
train(totalseg),s1233,F:\Totalsegmentator_dataset_v201\nii\s1233.nii.gz,1.5,1.5,1.5,265,265,401,397.5,397.5,601.5,-1608.0,3366.0,-591.377197265625,494.6484375,-1024.0,-976.0,291.0,0.006628495820436157,0.00030415229134273913,1.552734375,1.552734375,18.0
train(totalseg),s1243,F:\Totalsegmentator_dataset_v201\nii\s1243.nii.gz,1.5,1.5,1.5,139,139,150,208.5,208.5,225.0,-1050.0,3069.0,-401.4056396484375,486.6182556152344,-1012.0,-629.0,468.0,0.000621085865120853,0.0006383382502630989,0.814453125,0.814453125,18.0
train(totalseg),s1242,F:\Totalsegmentator_dataset_v201\nii\s1242.nii.gz,1.5,1.5,1.5,263,263,84,394.5,394.5,126.0,-3665.0,3531.0,-1038.1673583984375,1131.340087890625,-3024.0,-914.0,496.0,0.2226420588909565,0.001456061034774042,1.541015625,1.541015625,18.0
train(totalseg),s1235,F:\Totalsegmentator_dataset_v201\nii\s1235.nii.gz,1.0,1.0,1.0,245,170,293,245.0,170.0,293.0,-1116.9833984375,2197.0,-446.4532165527344,490.7633056640625,-1010.9957275390625,-342.9898986816406,469.0146484375,0.00015143258668655175,0.0008896664467834915,0.6640625,0.95703125,12.0
train(totalseg),s1228,F:\Totalsegmentator_dataset_v201\nii\s1228.nii.gz,1.5,1.5,1.5,321,321,402,481.5,481.5,603.0,-4178.0,3622.0,-981.8334350585938,1190.0257568359375,-3024.0,-718.0,300.0,0.2382190114068441,0.0008400506970849176,1.880859375,1.880859375,18.0
train(totalseg),s1241,F:\Totalsegmentator_dataset_v201\nii\s1241.nii.gz,1.5,1.5,1.5,317,317,163,475.5,475.5,244.5,-1208.0,3385.0,-597.8359375,473.39935302734375,-1024.0,-949.0,218.0,0.004477551253648415,0.000525833421246967,1.857421875,1.857421875,18.0
train(totalseg),s1240,F:\Totalsegmentator_dataset_v201\nii\s1240.nii.gz,1.5,1.5,1.5,262,262,285,393.0,393.0,427.5,-3462.0,2641.0,-1005.3667602539062,1136.0782470703125,-3024.0,-885.0,280.0,0.2242119779958024,0.0003526969045479499,1.53515625,1.53515625,18.0
train(totalseg),s1246,F:\Totalsegmentator_dataset_v201\nii\s1246.nii.gz,1.5,1.5,1.5,297,297,64,445.5,445.5,96.0,-1640.0,3640.0,-507.1573791503906,529.6688842773438,-1028.0,-852.0,658.0,0.015948627691051934,0.004972388021630446,1.740234375,1.740234375,18.0
train(totalseg),s1250,F:\Totalsegmentator_dataset_v201\nii\s1250.nii.gz,1.5,1.5,1.5,219,219,59,328.5,328.5,88.5,-1444.0,2941.0,-479.3702087402344,503.71490478515625,-1024.0,-730.0,496.0,0.005920768986111602,0.0005414001484256282,1.283203125,1.283203125,18.0
train(totalseg),s1245,F:\Totalsegmentator_dataset_v201\nii\s1245.nii.gz,1.5,1.5,1.5,228,228,181,342.0,342.0,271.5,-1055.0,1373.0,-341.25958251953125,434.19329833984375,-1017.0,-111.0,366.0,0.0010813993466966306,0.000261980283990879,1.3359375,1.3359375,18.0
train(totalseg),s1254,F:\Totalsegmentator_dataset_v201\nii\s1254.nii.gz,1.5,1.5,1.5,141,141,139,211.5,211.5,208.5,-1063.0,2160.0,-431.6826477050781,455.9915466308594,-1003.0,-234.0,389.0,0.00014691727037843862,0.0011355329912500994,0.826171875,0.826171875,18.0
train(totalseg),s1244,F:\Totalsegmentator_dataset_v201\nii\s1244.nii.gz,1.5,1.5,1.5,245,245,319,367.5,367.5,478.5,-1047.0,1489.0,-474.6506652832031,487.5630187988281,-1023.0,-275.0,400.0,0.0015411547327707675,0.0009739930791655308,1.435546875,1.435546875,18.0
train(totalseg),s1238,F:\Totalsegmentator_dataset_v201\nii\s1238.nii.gz,1.5,1.5,1.5,295,295,457,442.5,442.5,685.5,-1264.0,2868.0,-550.6390991210938,480.1745300292969,-1024.0,-858.0,311.0,0.0027543069676875588,0.00031329801732140754,1.728515625,1.728515625,18.0
train(totalseg),s1248,F:\Totalsegmentator_dataset_v201\nii\s1248.nii.gz,1.5,1.5,1.5,221,221,402,331.5,331.5,603.0,-1305.0,3295.0,-344.3193054199219,479.1697692871094,-1024.0,-105.0,433.0,0.006502975182450524,0.0028526914157977275,1.294921875,1.294921875,18.0
train(totalseg),s1258,F:\Totalsegmentator_dataset_v201\nii\s1258.nii.gz,1.5,1.5,1.5,221,221,122,331.5,331.5,183.0,-1309.0,3151.0,-470.1703186035156,502.9873352050781,-1024.0,-644.0,500.0,0.006515453370529971,0.0008000197361697029,1.294921875,1.294921875,18.0
train(totalseg),s1259,F:\Totalsegmentator_dataset_v201\nii\s1259.nii.gz,1.5,1.5,1.5,165,165,120,247.5,247.5,180.0,-1180.0,3279.0,-323.4428405761719,451.7984313964844,-1024.0,-87.0,498.0,0.002137128864401592,0.0010578512396694215,0.966796875,0.966796875,18.0
train(totalseg),s1260,F:\Totalsegmentator_dataset_v201\nii\s1260.nii.gz,1.5,1.5,1.5,135,135,113,202.5,202.5,169.5,-1041.0,2488.0,-461.00616455078125,670.79296875,-1024.0,-953.0,1683.0,0.002231689800944535,0.04151253795960622,0.791015625,0.791015625,18.0
train(totalseg),s1252,F:\Totalsegmentator_dataset_v201\nii\s1252.nii.gz,1.5,1.5,1.5,276,120,506,414.0,180.0,759.0,-1040.0,1950.0,-438.3853454589844,493.95599365234375,-1024.0,-122.0,424.0,0.00021910981268259152,0.002673354528269462,0.703125,1.6171875,18.0
train(totalseg),s1257,F:\Totalsegmentator_dataset_v201\nii\s1257.nii.gz,1.5,1.5,1.5,220,220,155,330.0,330.0,232.5,-1108.0,3384.0,-456.6682434082031,515.0078735351562,-1021.0,-337.0,349.0,0.0027064782724606773,0.0033180485203945613,1.2890625,1.2890625,18.0
train(totalseg),s1255,F:\Totalsegmentator_dataset_v201\nii\s1255.nii.gz,1.5,1.5,1.5,277,277,193,415.5,415.5,289.5,-3586.0,1438.0,-1023.4784545898438,1132.3609619140625,-3024.0,-897.0,353.0,0.21959085683662796,0.0003219728073435731,1.623046875,1.623046875,18.0
train(totalseg),s1247,F:\Totalsegmentator_dataset_v201\nii\s1247.nii.gz,1.5,1.5,1.5,259,259,431,388.5,388.5,646.5,-3655.0,2849.0,-1023.44580078125,1133.6492919921875,-3024.0,-909.0,366.0,0.22409843830822,0.0011486613736931641,1.517578125,1.517578125,18.0
train(totalseg),s1256,F:\Totalsegmentator_dataset_v201\nii\s1256.nii.gz,1.5,1.5,1.5,292,292,228,438.0,438.0,342.0,-1108.0,3206.0,-661.8984985351562,470.50384521484375,-1024.0,-966.0,349.0,0.001940823654077633,0.0025370109361014803,1.7109375,1.7109375,18.0
train(totalseg),s1261,F:\Totalsegmentator_dataset_v201\nii\s1261.nii.gz,1.5,1.5,1.5,240,240,138,360.0,360.0,207.0,-3414.0,3096.0,-1098.60986328125,1103.9217529296875,-3024.0,-933.0,508.0,0.25235557568438005,0.002002314814814815,1.40625,1.40625,18.0
train(totalseg),s1271,F:\Totalsegmentator_dataset_v201\nii\s1271.nii.gz,1.5,1.5,1.5,228,228,90,342.0,342.0,135.0,-1085.0,2080.0,-609.2647094726562,464.9051513671875,-1017.0,-914.0,242.0,0.0017736226531240382,4.745049758900174e-05,1.3359375,1.3359375,18.0
train(totalseg),s1251,F:\Totalsegmentator_dataset_v201\nii\s1251.nii.gz,1.5,1.5,1.5,280,280,472,420.0,420.0,708.0,-1266.0,3282.0,-652.49462890625,484.9914855957031,-1024.0,-940.0,491.0,0.002205766827443929,0.004847449864501428,1.640625,1.640625,18.0
train(totalseg),s1268,F:\Totalsegmentator_dataset_v201\nii\s1268.nii.gz,1.5,1.5,1.5,244,244,134,366.0,366.0,201.0,-3468.0,2931.0,-1063.8707275390625,1122.579345703125,-3024.0,-917.0,586.0,0.25046528978327925,0.0034801469673936152,1.4296875,1.4296875,18.0
train(totalseg),s1269,F:\Totalsegmentator_dataset_v201\nii\s1269.nii.gz,1.5,1.5,1.5,221,221,191,331.5,331.5,286.5,-1350.0,3304.0,-465.6275329589844,505.4893798828125,-1024.0,-388.0,466.0,0.006573844940872914,0.0013619355886472138,1.294921875,1.294921875,18.0
train(totalseg),s1262,F:\Totalsegmentator_dataset_v201\nii\s1262.nii.gz,1.5,1.5,1.5,221,221,274,331.5,331.5,411.0,-1233.0,3349.0,-460.82049560546875,500.0266418457031,-1024.0,-159.0,447.0,0.006743987400204103,0.001403406359632949,1.294921875,1.294921875,18.0
train(totalseg),s1274,F:\Totalsegmentator_dataset_v201\nii\s1274.nii.gz,1.5,1.5,1.5,223,223,88,334.5,334.5,132.0,-1100.0,1856.0,-647.3331909179688,468.4220886230469,-1024.0,-930.0,479.0,0.0018139215393242559,0.00125795390198791,1.306640625,1.306640625,18.0
train(totalseg),s1270,F:\Totalsegmentator_dataset_v201\nii\s1270.nii.gz,1.5,1.5,1.5,233,233,209,349.5,349.5,313.5,-1245.0,3668.0,-408.51513671875,514.8214111328125,-1023.0,-123.0,704.0,0.005959598470070071,0.004631776663650732,1.365234375,1.365234375,18.0
train(totalseg),s1275,F:\Totalsegmentator_dataset_v201\nii\s1275.nii.gz,1.5,1.5,1.5,263,263,39,394.5,394.5,58.5,-3702.0,3982.0,-981.9154052734375,1170.1124267578125,-3024.0,-911.0,766.0,0.2530434550517647,0.006327865741001604,1.541015625,1.541015625,18.0
train(totalseg),s1264,F:\Totalsegmentator_dataset_v201\nii\s1264.nii.gz,1.5,1.5,1.5,285,285,273,427.5,427.5,409.5,-1249.0,3508.0,-616.689453125,470.74859619140625,-1024.0,-918.0,284.0,0.0031858318960922014,0.0003874733544423333,1.669921875,1.669921875,18.0
train(totalseg),s1279,F:\Totalsegmentator_dataset_v201\nii\s1279.nii.gz,1.5,1.5,1.5,172,172,57,258.0,258.0,85.5,-1045.0,3209.0,-308.2568359375,454.8177185058594,-1018.0,-85.0,497.0,0.0012441528374749747,0.002621141821563102,1.0078125,1.0078125,18.0
train(totalseg),s1272,F:\Totalsegmentator_dataset_v201\nii\s1272.nii.gz,1.0,1.0,1.0,253,200,205,253.0,200.0,205.0,-1303.9854736328125,3124.0,-416.3587646484375,483.8713073730469,-1018.9722290039062,-131.96812438964844,428.0185241699219,0.00761206686124868,0.0012042798788084916,0.78125,0.98828125,12.0
train(totalseg),s1280,F:\Totalsegmentator_dataset_v201\nii\s1280.nii.gz,1.5,1.5,1.5,221,221,144,331.5,331.5,216.0,-1481.0,3144.0,-431.4696960449219,475.2171325683594,-1025.0,-201.0,428.0,0.010622336879989262,0.00042996662639995084,1.294921875,1.294921875,18.0
train(totalseg),s1277,F:\Totalsegmentator_dataset_v201\nii\s1277.nii.gz,1.5,1.5,1.5,251,251,164,376.5,376.5,246.0,-1138.0,3504.0,-658.0335693359375,481.1698913574219,-1025.0,-938.0,490.0,0.010305871913813248,0.0019250558062935098,1.470703125,1.470703125,18.0
train(totalseg),s1267,F:\Totalsegmentator_dataset_v201\nii\s1267.nii.gz,1.5,1.5,1.5,245,245,457,367.5,367.5,685.5,-1047.0,1601.0,-531.0479736328125,500.00787353515625,-1023.0,-899.0,366.0,0.003051463007837141,0.0006997082762576887,1.435546875,1.435546875,18.0
train(totalseg),s1286,F:\Totalsegmentator_dataset_v201\nii\s1286.nii.gz,1.5,1.5,1.5,206,206,60,309.0,309.0,90.0,-1104.0,2071.0,-594.9464111328125,483.96551513671875,-1012.0,-929.0,303.0,0.0013557671159707167,0.0009693027932258774,1.20703125,1.20703125,18.0
train(totalseg),s1249,F:\Totalsegmentator_dataset_v201\nii\s1249.nii.gz,1.5,1.5,1.5,333,333,603,499.5,499.5,904.5,-1311.0,3593.0,-707.8865966796875,445.3599548339844,-1024.0,-971.0,356.0,0.003302061881880355,0.001964253934355376,1.951171875,1.951171875,18.0
train(totalseg),s1281,F:\Totalsegmentator_dataset_v201\nii\s1281.nii.gz,1.5,1.5,1.5,211,211,217,316.5,316.5,325.5,-1046.0,3193.0,-578.0409545898438,488.4111328125,-1021.0,-862.0,457.0,0.002224393596561868,0.0009817763268212805,1.236328125,1.236328125,18.0
train(totalseg),s1290,F:\Totalsegmentator_dataset_v201\nii\s1290.nii.gz,1.5,1.5,1.5,176,176,32,264.0,264.0,48.0,-1035.0,1706.0,-352.2994079589844,487.6884460449219,-1024.0,-88.0,590.0,0.0005175377711776859,0.0017866654829545455,1.03125,1.03125,18.0
train(totalseg),s1278,F:\Totalsegmentator_dataset_v201\nii\s1278.nii.gz,1.5,1.5,1.5,304,304,239,456.0,456.0,358.5,-1169.0,3147.0,-513.1815795898438,473.7468566894531,-1024.0,-778.0,251.0,0.0031331850861041856,0.0001564691008839961,1.78125,1.78125,18.0
train(totalseg),s1273,F:\Totalsegmentator_dataset_v201\nii\s1273.nii.gz,1.5,1.5,1.5,263,263,465,394.5,394.5,697.5,-1045.0,3125.0,-523.6363525390625,499.94830322265625,-1024.0,-863.0,515.0,0.0012299310350659838,0.0013985378250041226,1.541015625,1.541015625,18.0
train(totalseg),s1285,F:\Totalsegmentator_dataset_v201\nii\s1285.nii.gz,1.5,1.5,1.5,233,233,263,349.5,349.5,394.5,-1160.0,3476.0,-540.8545532226562,498.2874755859375,-1017.0,-869.0,412.0,0.0013699389998941029,0.0007160662747912734,1.365234375,1.365234375,18.0
train(totalseg),s1288,F:\Totalsegmentator_dataset_v201\nii\s1288.nii.gz,1.5,1.5,1.5,249,249,174,373.5,373.5,261.0,-1231.0,3254.0,-548.0902709960938,496.80615234375,-1024.0,-844.0,252.0,0.006204015619325384,7.17452276909883e-05,1.458984375,1.458984375,18.0
train(totalseg),s1276,F:\Totalsegmentator_dataset_v201\nii\s1276.nii.gz,1.0,1.0,1.0,240,221,411,240.0,221.0,411.0,-1180.0,1465.980712890625,-212.06915283203125,375.72027587890625,-1006.9924926757812,-90.0127182006836,353.9815979003906,0.0006413465148291829,0.00015844437895858648,0.86328125,0.9375,12.0
train(totalseg),s1292,F:\Totalsegmentator_dataset_v201\nii\s1292.nii.gz,1.5,1.5,1.5,221,221,271,331.5,331.5,406.5,-1297.0,3372.0,-574.4015502929688,509.51007080078125,-1024.0,-893.0,428.5600000000559,0.006673735816526473,0.0016426518302663624,1.294921875,1.294921875,18.0
train(totalseg),s1295,F:\Totalsegmentator_dataset_v201\nii\s1295.nii.gz,1.0,1.0,1.0,206,160,137,206.0,160.0,137.0,-1269.0,3073.985107421875,-360.411865234375,500.70068359375,-1023.9949340820312,-108.9832534790039,932.9696655273438,0.0028156213168710064,0.008147230818496732,0.625,0.8046875,12.0
train(totalseg),s1291,F:\Totalsegmentator_dataset_v201\nii\s1291.nii.gz,1.5,1.5,1.5,245,245,314,367.5,367.5,471.0,-3573.0,1592.0,-910.4876098632812,1167.2633056640625,-3025.0,-168.0,297.0,0.2203041726244638,0.0007703796454237486,1.435546875,1.435546875,18.0
train(totalseg),s1289,F:\Totalsegmentator_dataset_v201\nii\s1289.nii.gz,1.5,1.5,1.5,263,263,275,394.5,394.5,412.5,-1084.0,3189.0,-420.9084777832031,456.555419921875,-1024.0,-125.0,314.0,0.002571829321377727,0.0006760777815396068,1.541015625,1.541015625,18.0
train(totalseg),s1299,F:\Totalsegmentator_dataset_v201\nii\s1299.nii.gz,1.5,1.5,1.5,106,158,143,159.0,237.0,214.5,-1360.0,3417.0,-341.7430114746094,560.7823486328125,-1019.0,-110.0,1417.0,0.003994214526815434,0.021413265502111933,0.92578125,0.62109375,18.0
train(totalseg),s1283,F:\Totalsegmentator_dataset_v201\nii\s1283.nii.gz,1.5,1.5,1.5,283,283,397,424.5,424.5,595.5,-1153.0,1532.0,-508.4938049316406,470.98272705078125,-1024.0,-561.0,295.0,0.0017290581916647922,0.0009435343740894893,1.658203125,1.658203125,18.0
train(totalseg),s1294,F:\Totalsegmentator_dataset_v201\nii\s1294.nii.gz,1.5,1.5,1.5,238,238,278,357.0,357.0,417.0,-1038.0,1600.0,-581.5957641601562,501.3645935058594,-1012.0,-945.0,372.0,5.385141784178758e-05,0.000750363624078493,1.39453125,1.39453125,18.0
train(totalseg),s1287,F:\Totalsegmentator_dataset_v201\nii\s1287.nii.gz,1.5,1.5,1.5,239,239,440,358.5,358.5,660.0,-1044.0,2384.0,-593.4241333007812,488.2801513671875,-1024.0,-933.0,337.0,0.0009051753790227933,0.0007675887214113287,1.400390625,1.400390625,18.0
train(totalseg),s1300,F:\Totalsegmentator_dataset_v201\nii\s1300.nii.gz,1.5,1.5,1.5,167,167,101,250.5,250.5,151.5,-1211.0,2850.0,-532.3909301757812,596.4963989257812,-1024.0,-958.0,1256.0,0.0032377280521444624,0.024527920079239134,0.978515625,0.978515625,18.0
train(totalseg),s1296,F:\Totalsegmentator_dataset_v201\nii\s1296.nii.gz,1.5,1.5,1.5,261,261,231,391.5,391.5,346.5,-1129.0,3316.0,-512.4575805664062,489.72003173828125,-1024.0,-791.0,367.0,0.005506880041321936,0.0009583150736606213,1.529296875,1.529296875,18.0
train(totalseg),s1293,F:\Totalsegmentator_dataset_v201\nii\s1293.nii.gz,1.5,1.5,1.5,273,273,288,409.5,409.5,432.0,-1058.0,3361.0,-574.5996704101562,481.8357238769531,-1024.0,-907.0,267.0,0.00289908548381724,0.0004463679435044752,1.599609375,1.599609375,18.0
train(totalseg),s1303,F:\Totalsegmentator_dataset_v201\nii\s1303.nii.gz,1.5,1.5,1.5,113,113,388,169.5,169.5,582.0,-1428.0,3525.0,-285.6646728515625,521.6770629882812,-1029.0,-86.0,1042.0,0.02439480749737505,0.010174040151187617,0.662109375,0.662109375,18.0
train(totalseg),s1298,F:\Totalsegmentator_dataset_v201\nii\s1298.nii.gz,1.5,1.5,1.5,297,297,237,445.5,445.5,355.5,-1110.0,3150.0,-554.6430053710938,473.4917907714844,-1024.0,-863.0,287.0,0.0019579027236473713,0.0004519856059159075,1.740234375,1.740234375,18.0
train(totalseg),s1297,F:\Totalsegmentator_dataset_v201\nii\s1297.nii.gz,1.5,1.5,1.5,247,247,439,370.5,370.5,658.5,-1099.0,2639.0,-541.1033325195312,483.73382568359375,-1016.0,-866.0,471.0,0.0004730621180219417,0.001281710843524642,1.447265625,1.447265625,18.0
train(totalseg),s1305,F:\Totalsegmentator_dataset_v201\nii\s1305.nii.gz,1.5,1.5,1.5,221,221,278,331.5,331.5,417.0,-1275.0,3373.0,-623.46142578125,506.18853759765625,-1024.0,-961.0,698.0,0.00998099692424444,0.002448849968500056,1.294921875,1.294921875,18.0
train(totalseg),s1308,F:\Totalsegmentator_dataset_v201\nii\s1308.nii.gz,1.5,1.5,1.5,259,259,197,388.5,388.5,295.5,-3702.0,3656.0,-1008.5460205078125,1151.3876953125,-3024.0,-895.0,500.0,0.2560419228000515,0.0022687171815996073,1.517578125,1.517578125,18.0
train(totalseg),s1312,F:\Totalsegmentator_dataset_v201\nii\s1312.nii.gz,1.5,1.5,1.5,319,319,91,478.5,478.5,136.5,-1236.0,2555.0,-578.0062255859375,470.2694091796875,-1024.0,-914.0,165.0,0.0029766998856942924,0.00018951961906016627,1.869140625,1.869140625,18.0
train(totalseg),s1315,F:\Totalsegmentator_dataset_v201\nii\s1315.nii.gz,1.5,1.5,1.5,181,181,58,271.5,271.5,87.0,-1178.0,3389.0,-258.67803955078125,433.0446472167969,-1024.0,-105.0,604.0,0.0015472560414033086,0.003270288789551075,1.060546875,1.060546875,18.0
train(totalseg),s1301,F:\Totalsegmentator_dataset_v201\nii\s1301.nii.gz,1.5,1.5,1.5,275,275,263,412.5,412.5,394.5,-1303.0,3531.0,-518.135498046875,515.8387451171875,-1024.0,-912.0,562.0,0.008295884537376228,0.0050665229383721365,1.611328125,1.611328125,18.0
train(totalseg),s1310,F:\Totalsegmentator_dataset_v201\nii\s1310.nii.gz,1.5,1.5,1.5000001192092896,208,165,461,312.0,247.5,691.5000549554825,-1320.0,3145.0,-411.57257080078125,529.7569580078125,-1024.0,-167.0,701.0,0.0029392877549059763,0.0033534072579625724,0.966796875,1.21875,18.000001430511475
train(totalseg),s1316,F:\Totalsegmentator_dataset_v201\nii\s1316.nii.gz,1.5,1.5,1.5,256,256,43,384.0,384.0,64.5,-3304.0,3404.0,-1076.7186279296875,1111.38427734375,-3024.0,-956.0,425.0,0.21876135537790697,0.000777133675508721,1.5,1.5,18.0
train(totalseg),s1317,F:\Totalsegmentator_dataset_v201\nii\s1317.nii.gz,1.5,1.5,1.5,213,213,48,319.5,319.5,72.0,-1101.0,2674.0,-466.0264892578125,453.57952880859375,-1024.0,-471.0,286.0,0.001484126459329792,0.00016622951060562646,1.248046875,1.248046875,18.0
train(totalseg),s1325,F:\Totalsegmentator_dataset_v201\nii\s1325.nii.gz,1.5,1.5,1.5,124,117,77,186.0,175.5,115.5,-1299.0,3545.0,-368.7462158203125,573.4740600585938,-1024.0,-156.0,1309.0,0.0033219468703339673,0.02271653078104691,0.685546875,0.7265625,18.0
train(totalseg),s1307,F:\Totalsegmentator_dataset_v201\nii\s1307.nii.gz,1.5,1.5,1.5,276,276,363,414.0,414.0,544.5,-1297.0,3242.0,-496.023681640625,471.9413757324219,-1024.0,-621.0,368.0,0.002027709498338088,0.0009361385424287454,1.6171875,1.6171875,18.0
train(totalseg),s1318,F:\Totalsegmentator_dataset_v201\nii\s1318.nii.gz,1.5,1.5,1.5,236,236,100,354.0,354.0,150.0,-3666.0,3539.0,-1092.7252197265625,1117.623291015625,-3024.0,-947.0,747.0,0.2550893223609156,0.006139936031335812,1.3828125,1.3828125,18.0
train(totalseg),s1309,F:\Totalsegmentator_dataset_v201\nii\s1309.nii.gz,1.5,1.5,1.5,275,275,311,412.5,412.5,466.5,-1209.0,3513.0,-623.9832763671875,475.8668212890625,-1024.0,-972.0,189.0,0.004386340862104505,0.0004841965194994969,1.611328125,1.611328125,18.0
train(totalseg),s1311,F:\Totalsegmentator_dataset_v201\nii\s1311.nii.gz,1.5,1.5,1.5,288,288,289,432.0,432.0,433.5,-1349.0,4072.0,-548.0203247070312,509.8262023925781,-1036.0,-896.0,571.0,0.038243003492246574,0.004392341086761502,1.6875,1.6875,18.0
train(totalseg),s1323,F:\Totalsegmentator_dataset_v201\nii\s1323.nii.gz,1.5,1.5,1.5,227,227,191,340.5,340.5,286.5,-1450.0,3601.0,-479.40875244140625,518.1517333984375,-1027.0,-783.0,729.0,0.014408090192683631,0.004330403046522875,1.330078125,1.330078125,18.0
train(totalseg),s1328,F:\Totalsegmentator_dataset_v201\nii\s1328.nii.gz,1.5,1.5,1.5,247,247,47,370.5,370.5,70.5,-1170.0,2386.0,-831.7117919921875,381.1659240722656,-1030.0,-971.0,1091.0,0.023464266184561475,0.010838996953363019,1.447265625,1.447265625,18.0
train(totalseg),s1322,F:\Totalsegmentator_dataset_v201\nii\s1322.nii.gz,1.5,1.5,1.5,240,240,297,360.0,360.0,445.5,-3475.0,1533.0,-974.5101928710938,1163.053466796875,-3024.0,-894.0,384.0,0.2240998526936027,0.001103219696969697,1.40625,1.40625,18.0
train(totalseg),s1327,F:\Totalsegmentator_dataset_v201\nii\s1327.nii.gz,1.5,1.5,1.5,221,221,198,331.5,331.5,297.0,-1366.0,3432.0,-523.3861083984375,507.2601318359375,-1024.0,-846.0,462.0,0.007927184887679257,0.0010056336163929136,1.294921875,1.294921875,18.0
train(totalseg),s1333,F:\Totalsegmentator_dataset_v201\nii\s1333.nii.gz,1.5,1.5,1.5,141,141,99,211.5,211.5,148.5,-1101.0,2130.0,-519.6936645507812,438.36846923828125,-1023.0,-819.0,223.0,0.0007245128717891658,0.00014073637130827414,0.826171875,0.826171875,18.0
train(totalseg),s1330,F:\Totalsegmentator_dataset_v201\nii\s1330.nii.gz,1.5,1.5,1.5,221,221,231,331.5,331.5,346.5,-1379.0,3005.0,-375.1347351074219,496.740234375,-1024.0,-102.0,455.0,0.006903395538878067,0.0006753957579828322,1.294921875,1.294921875,18.0
train(totalseg),s1329,F:\Totalsegmentator_dataset_v201\nii\s1329.nii.gz,1.5,1.5,1.5,287,175,287,430.5,262.5,430.5,-1136.0,3125.0,-562.1331176757812,479.1632995605469,-1024.0,-833.0,325.0,0.005882379058530754,0.00030635656574289804,1.025390625,1.681640625,18.0
train(totalseg),s1319,F:\Totalsegmentator_dataset_v201\nii\s1319.nii.gz,1.5,1.5,1.5,247,247,427,370.5,370.5,640.5,-1152.0,3356.0,-581.7097778320312,467.7275390625,-1014.0,-896.0,264.0,0.0007093818435866776,0.0008614690115677608,1.447265625,1.447265625,18.0
train(totalseg),s1331,F:\Totalsegmentator_dataset_v201\nii\s1331.nii.gz,1.5,1.5,1.5,240,240,238,360.0,360.0,357.0,-3556.0,1534.0,-838.5367431640625,1200.9305419921875,-3025.0,-118.0,329.0,0.22097426470588236,0.0005759803921568628,1.40625,1.40625,18.0
train(totalseg),s1326,F:\Totalsegmentator_dataset_v201\nii\s1326.nii.gz,1.5,1.5,1.5,221,221,440,331.5,331.5,660.0,-1350.0,3281.0,-426.3895568847656,490.6883544921875,-1024.0,-114.0,335.0,0.006416228168956409,0.0006096312524313589,1.294921875,1.294921875,18.0
train(totalseg),s1335,F:\Totalsegmentator_dataset_v201\nii\s1335.nii.gz,1.5,1.5,1.5,124,124,123,186.0,186.0,184.5,-3436.0,3267.0,-909.8017578125,1236.15185546875,-3024.0,-925.0,1508.0,0.24784798186171247,0.027306307792526418,0.7265625,0.7265625,18.0
train(totalseg),s1304,F:\Totalsegmentator_dataset_v201\nii\s1304.nii.gz,1.5,1.5,1.5,333,333,546,499.5,499.5,819.0,-1278.0,3242.0,-717.8362426757812,444.71087646484375,-1024.0,-987.0,320.0,0.00340539394739995,0.0014397786468333573,1.951171875,1.951171875,18.0
train(totalseg),s1332,F:\Totalsegmentator_dataset_v201\nii\s1332.nii.gz,1.5,1.5,1.5,221,221,266,331.5,331.5,399.0,-1207.0,3479.0,-611.8679809570312,511.4906311035156,-1024.0,-950.0,587.0,0.009195789990937295,0.002536695334700462,1.294921875,1.294921875,18.0
train(totalseg),s1338,F:\Totalsegmentator_dataset_v201\nii\s1338.nii.gz,1.5,1.5,1.5,135,135,249,202.5,202.5,373.5,-1040.0,1520.0,-199.08975219726562,404.5881652832031,-993.0,-19.0,655.0,0.0005044044490720082,0.0011958946898705935,0.791015625,0.791015625,18.0
train(totalseg),s1321,F:\Totalsegmentator_dataset_v201\nii\s1321.nii.gz,1.5,1.5,1.5,275,275,540,412.5,412.5,810.0,-1309.0,3223.0,-717.8479614257812,444.24114990234375,-1024.0,-970.0,332.0,0.0022204589737036566,0.001708796935992879,1.611328125,1.611328125,18.0
train(totalseg),s1314,F:\Totalsegmentator_dataset_v201\nii\s1314.nii.gz,1.5,1.5,1.5,333,333,546,499.5,499.5,819.0,-1234.0,3455.0,-758.9501953125,415.9538879394531,-1024.0,-984.0,311.0,0.00391689425614338,0.002051121358184363,1.951171875,1.951171875,18.0
train(totalseg),s1341,F:\Totalsegmentator_dataset_v201\nii\s1341.nii.gz,1.5,1.5,1.5,225,225,101,337.5,337.5,151.5,-1391.0,3452.0,-673.3823852539062,508.19140625,-1043.0,-954.0,986.2600000000093,0.0650079941327466,0.009515511551155115,1.318359375,1.318359375,18.0
train(totalseg),s1342,F:\Totalsegmentator_dataset_v201\nii\s1342.nii.gz,1.5,1.5,1.5,279,279,82,418.5,418.5,123.0,-1227.0,1509.0,-630.4737548828125,479.64300537109375,-1025.0,-954.0,324.0,0.011397839624350066,0.0005633746328508198,1.634765625,1.634765625,18.0
train(totalseg),s1345,F:\Totalsegmentator_dataset_v201\nii\s1345.nii.gz,1.5,1.5,1.5,127,127,92,190.5,190.5,138.0,-1036.0,1377.0,-271.4440612792969,463.564697265625,-950.0,-54.0,493.0,0.00018667428639205103,0.00015971771073976931,0.744140625,0.744140625,18.0
train(totalseg),s1339,F:\Totalsegmentator_dataset_v201\nii\s1339.nii.gz,1.5,1.5000001192092896,1.5,193,351,287,289.5,526.5000418424606,430.5,-1338.0,2171.0,-600.3478393554688,510.2702941894531,-1024.0,-988.0,419.0,0.0039995370906145125,0.0014463346577685196,2.056640788447112,1.130859375,18.0
train(totalseg),s1346,F:\Totalsegmentator_dataset_v201\nii\s1346.nii.gz,1.5,1.5,1.5,309,309,65,463.5,463.5,97.5,-1255.0,1544.0,-484.44183349609375,480.4334716796875,-1026.0,-153.0,227.0,0.013564351394428987,6.4450971179459214e-06,1.810546875,1.810546875,18.0
train(totalseg),s1334,F:\Totalsegmentator_dataset_v201\nii\s1334.nii.gz,1.5,1.5,1.5,221,221,510,331.5,331.5,765.0,-1361.0,3213.0,-474.2939147949219,524.3389282226562,-1024.0,-390.0,475.0,0.005581737619189278,0.0031314096040332556,1.294921875,1.294921875,18.0
train(totalseg),s1343,F:\Totalsegmentator_dataset_v201\nii\s1343.nii.gz,1.5,1.5,1.5,239,239,220,358.5,358.5,330.0,-1097.0,3551.0,-563.6820678710938,510.4900207519531,-1020.0,-926.0,460.0,0.003023564642341491,0.0011575105613090676,1.400390625,1.400390625,18.0
train(totalseg),s1337,F:\Totalsegmentator_dataset_v201\nii\s1337.nii.gz,1.5,1.5,1.5,280,280,231,420.0,420.0,346.5,-1064.0,2782.0,-580.65087890625,474.83453369140625,-1024.0,-898.0,284.0,0.00425280501811114,0.0001562638042229879,1.640625,1.640625,18.0
train(totalseg),s1352,F:\Totalsegmentator_dataset_v201\nii\s1352.nii.gz,1.5000001192092896,1.5,1.5000001192092896,93,145,201,139.50001108646393,217.5,301.5000239610672,-1389.0,3553.0,-139.23040771484375,461.5044250488281,-1024.0,-23.0,1237.0,0.004371909687045054,0.01690619320667954,0.849609375,0.5449219183064997,18.000001430511475
train(totalseg),s1336,F:\Totalsegmentator_dataset_v201\nii\s1336.nii.gz,1.5,1.5,1.5,285,285,416,427.5,427.5,624.0,-1237.0,3072.0,-510.60003662109375,483.8851318359375,-1024.0,-795.0,316.0,0.001964154186103609,0.0005629837434041851,1.669921875,1.669921875,18.0
train(totalseg),s1340,F:\Totalsegmentator_dataset_v201\nii\s1340.nii.gz,1.5,1.5,1.5,275,275,431,412.5,412.5,646.5,-3477.0,3437.0,-1039.3701171875,1135.3892822265625,-3024.0,-914.0,485.0,0.22400208207615122,0.002898842497093595,1.611328125,1.611328125,18.0
train(totalseg),s1347,F:\Totalsegmentator_dataset_v201\nii\s1347.nii.gz,1.5,1.5,1.5,263,264,286,394.5,396.0,429.0,-1050.0,2797.0,-469.26080322265625,481.1084289550781,-1024.0,-160.0,357.0,0.0009799794133821074,0.0005529380246112815,1.546875,1.541015625,18.0
train(totalseg),s1344,F:\Totalsegmentator_dataset_v201\nii\s1344.nii.gz,1.0,1.0,1.0,212,183,438,212.0,183.0,438.0,-1303.0186767578125,3099.994384765625,-406.2398681640625,491.4293212890625,-1024.02099609375,-109.02642822265625,448.9688720703125,0.06006391705401065,0.0006149129906062905,0.71484375,0.828125,12.0
train(totalseg),s1353,F:\Totalsegmentator_dataset_v201\nii\s1353.nii.gz,1.5,1.5,1.5,249,249,212,373.5,373.5,318.0,-1182.0,3383.0,-620.6434936523438,473.3347473144531,-1024.0,-895.0,473.0,0.003363076456068316,0.0015353522443143238,1.458984375,1.458984375,18.0
train(totalseg),s1355,F:\Totalsegmentator_dataset_v201\nii\s1355.nii.gz,1.5,1.5,1.5,299,299,201,448.5,448.5,301.5,-1059.0,1693.0,-650.9205932617188,470.1640625,-1024.0,-979.0,326.0,0.0031923903511078457,0.0008844934672194,1.751953125,1.751953125,18.0
train(totalseg),s1348,F:\Totalsegmentator_dataset_v201\nii\s1348.nii.gz,1.5,1.5,1.5,239,239,437,358.5,358.5,655.5,-1040.0,1536.0,-522.69921875,493.440673828125,-1018.0,-866.0,369.0,0.0010212770389736192,0.0006936976113783074,1.400390625,1.400390625,18.0
train(totalseg),s1358,F:\Totalsegmentator_dataset_v201\nii\s1358.nii.gz,1.5,1.5,1.5,217,217,202,325.5,325.5,303.0,-1041.0,2071.0,-451.23126220703125,508.935546875,-1019.0,-154.0,616.0,0.0007706071711673069,0.0031544431338165137,1.271484375,1.271484375,18.0
train(totalseg),s1357,F:\Totalsegmentator_dataset_v201\nii\s1357.nii.gz,1.5,1.5,1.5,285,285,250,427.5,427.5,375.0,-1199.0,3416.0,-521.1256103515625,486.97357177734375,-1024.0,-816.0,289.0,0.0036521755146062644,0.0023726681628560425,1.669921875,1.669921875,18.0
train(totalseg),s1359,F:\Totalsegmentator_dataset_v201\nii\s1359.nii.gz,1.5,1.5,1.5,140,140,196,210.0,210.0,294.0,-1045.0,1724.0,-387.109130859375,510.6433410644531,-1020.0,-98.0,803.0,0.0013619325281132861,0.007207934194085798,0.8203125,0.8203125,18.0
train(totalseg),s1354,F:\Totalsegmentator_dataset_v201\nii\s1354.nii.gz,1.5,1.5,1.5,293,293,289,439.5,439.5,433.5,-1327.0,3516.0,-698.6743774414062,453.664794921875,-1024.0,-978.0,318.0,0.006461128955352137,0.00044852213006093823,1.716796875,1.716796875,18.0
train(totalseg),s1349,F:\Totalsegmentator_dataset_v201\nii\s1349.nii.gz,1.5,1.5,1.5,255,255,517,382.5,382.5,775.5,-1534.0,3264.0,-488.31805419921875,498.6802673339844,-1024.0,-713.0,459.0,0.0006083361777980051,0.0013729282815640763,1.494140625,1.494140625,18.0
train(totalseg),s1370,F:\Totalsegmentator_dataset_v201\nii\s1370.nii.gz,1.5,1.5,1.5,221,221,271,331.5,331.5,406.5,-1871.0,3795.0,-430.344482421875,503.299072265625,-1024.0,-145.0,508.0,0.007986376461317559,0.002449169551179499,1.294921875,1.294921875,18.0
train(totalseg),s1350,F:\Totalsegmentator_dataset_v201\nii\s1350.nii.gz,1.5,1.5,1.5,333,333,539,499.5,499.5,808.5,-1149.0,3459.0,-799.4575805664062,408.8970947265625,-1024.0,-999.0,298.0,0.0037639800311799494,0.001798418516031172,1.951171875,1.951171875,18.0
train(totalseg),s1364,F:\Totalsegmentator_dataset_v201\nii\s1364.nii.gz,1.5,1.5,1.5,247,247,413,370.5,370.5,619.5,-1055.0,3170.0,-604.3563232421875,497.9858093261719,-1023.0,-939.0,452.0,0.0015106729975972663,0.001661327545171857,1.447265625,1.447265625,18.0
train(totalseg),s1368,F:\Totalsegmentator_dataset_v201\nii\s1368.nii.gz,1.5,1.5,1.5,247,247,280,370.5,370.5,420.0,-1042.0,3322.0,-475.9568176269531,505.1230773925781,-1020.0,-560.0,456.0,0.0008677290156570558,0.001803949089016247,1.447265625,1.447265625,18.0
train(totalseg),s1362,F:\Totalsegmentator_dataset_v201\nii\s1362.nii.gz,1.5,1.5,1.5,275,275,429,412.5,412.5,643.5,-1410.0,3377.0,-581.7060546875,503.8003234863281,-1024.0,-929.0,378.0,0.00268703954056235,0.002286708376562811,1.611328125,1.611328125,18.0
train(totalseg),s1367,F:\Totalsegmentator_dataset_v201\nii\s1367.nii.gz,1.5,1.5,1.5,289,289,274,433.5,433.5,411.0,-1251.0,3208.0,-434.5448303222656,479.34649658203125,-1024.0,-124.0,376.0,0.0025410801845560426,0.0008148655812629158,1.693359375,1.693359375,18.0
train(totalseg),s1361,F:\Totalsegmentator_dataset_v201\nii\s1361.nii.gz,1.5,1.5,1.5,283,283,475,424.5,424.5,712.5,-1213.0,3081.0,-549.991943359375,489.4251403808594,-1024.0,-923.0,336.0,0.002270105787560577,0.0008364377739714865,1.658203125,1.658203125,18.0
train(totalseg),s1363,F:\Totalsegmentator_dataset_v201\nii\s1363.nii.gz,1.5,1.5,1.5,296,296,389,444.0,444.0,583.5,-1175.0,3111.0,-628.3240356445312,483.5414733886719,-1024.0,-960.0,330.0,0.004336987979804381,0.0007911358979234003,1.734375,1.734375,18.0
train(totalseg),s1366,F:\Totalsegmentator_dataset_v201\nii\s1366.nii.gz,1.5,1.5,1.5,333,333,336,499.5,499.5,504.0,-1286.0,3039.0,-712.0443725585938,442.8031921386719,-1024.0,-989.0,214.0,0.004964341899606576,0.0009020976703034444,1.951171875,1.951171875,18.0
train(totalseg),s1365,F:\Totalsegmentator_dataset_v201\nii\s1365.nii.gz,1.5,1.5,1.5,277,277,438,415.5,415.5,657.0,-1058.0,3354.0,-645.8432006835938,473.3466491699219,-1024.0,-952.0,392.0,0.0023111931249971546,0.001235266712900646,1.623046875,1.623046875,18.0
train(totalseg),s1378,F:\Totalsegmentator_dataset_v201\nii\s1378.nii.gz,1.5,1.5,1.5,267,267,115,400.5,400.5,172.5,-1182.0,3311.0,-632.8739013671875,522.7642211914062,-1024.0,-984.0,458.0,0.0042515248709020905,0.0052553994853770354,1.564453125,1.564453125,18.0
train(totalseg),s1375,F:\Totalsegmentator_dataset_v201\nii\s1375.nii.gz,1.5,1.5,1.5,276,276,165,414.0,414.0,247.5,-1215.0,3114.0,-467.34185791015625,481.1231689453125,-1024.0,-153.0,324.0,0.002833627945987309,0.000827588665042677,1.6171875,1.6171875,18.0
train(totalseg),s1369,F:\Totalsegmentator_dataset_v201\nii\s1369.nii.gz,1.5,1.5,1.5,290,290,549,435.0,435.0,823.5,-1141.0,3201.0,-626.6943359375,462.0705871582031,-1024.0,-940.0,313.0,0.002611514366447862,0.0021364100410232313,1.69921875,1.69921875,18.0
train(totalseg),s1373,F:\Totalsegmentator_dataset_v201\nii\s1373.nii.gz,1.5,1.5,1.5,237,237,300,355.5,355.5,450.0,-1048.0,2247.0,-498.6862487792969,507.27423095703125,-1016.0,-847.0,552.0,0.0008134380174117396,0.0026539550285744804,1.388671875,1.388671875,18.0
train(totalseg),s1374,F:\Totalsegmentator_dataset_v201\nii\s1374.nii.gz,1.5,1.5,1.5,256,256,267,384.0,384.0,400.5,-1171.0,3256.0,-537.6047973632812,503.2499694824219,-1024.0,-917.0,493.0,0.0009926783542112965,0.002208580752841092,1.5,1.5,18.0
train(totalseg),s1372,F:\Totalsegmentator_dataset_v201\nii\s1372.nii.gz,1.5,1.5,1.5,236,236,428,354.0,354.0,642.0,-1302.0,3327.0,-529.98046875,522.5960693359375,-1019.0,-885.0,545.0,0.0007681887307820675,0.0036939507906152106,1.3828125,1.3828125,18.0
train(totalseg),s1371,F:\Totalsegmentator_dataset_v201\nii\s1371.nii.gz,1.5,1.5,1.5,333,333,525,499.5,499.5,787.5,-3702.0,3381.0,-1206.025634765625,1158.0537109375,-3025.0,-982.0,322.0,0.27085972179136103,0.0019509852320827308,1.951171875,1.951171875,18.0
train(totalseg),s1385,F:\Totalsegmentator_dataset_v201\nii\s1385.nii.gz,1.5,1.5,1.5,250,250,169,375.0,375.0,253.5,-1070.0,3127.0,-534.331787109375,500.34918212890625,-1023.0,-924.0,483.0,0.0012661772750433562,0.0010378222886963714,1.46484375,1.46484375,18.0
train(totalseg),s1383,F:\Totalsegmentator_dataset_v201\nii\s1383.nii.gz,1.5,1.5,1.5,274,274,320,411.0,411.0,480.0,-1197.0,2180.0,-497.6031188964844,497.4276123046875,-1024.0,-666.0,416.0,0.0023987770728209844,0.0015124254271451955,1.60546875,1.60546875,18.0
train(totalseg),s1377,F:\Totalsegmentator_dataset_v201\nii\s1377.nii.gz,1.5,1.5,1.5,287,287,397,430.5,430.5,595.5,-1213.0,3443.0,-616.0018310546875,487.824462890625,-1024.0,-941.0,522.0,0.0033167685524592696,0.0017426031642387887,1.681640625,1.681640625,18.0
train(totalseg),s1389,F:\Totalsegmentator_dataset_v201\nii\s1389.nii.gz,1.0,1.0,1.0,237,216,90,237.0,216.0,90.0,-9115.05859375,2160.053955078125,-341.9016418457031,972.7884521484375,-7999.07275390625,-72.9776611328125,458.0567626953125,0.08422735323227587,0.0014305620669896337,0.84375,0.92578125,12.0
train(totalseg),s1382,F:\Totalsegmentator_dataset_v201\nii\s1382.nii.gz,1.5,1.5,1.5,279,279,465,418.5,418.5,697.5,-1159.0,3483.0,-595.088134765625,493.5490417480469,-1024.0,-941.0,405.0,0.00243562266115922,0.0013663633161632434,1.634765625,1.634765625,18.0
train(totalseg),s1386,F:\Totalsegmentator_dataset_v201\nii\s1386.nii.gz,1.5,1.5,1.5,247,247,331,370.5,370.5,496.5,-1043.0,3140.0,-481.02099609375,495.33172607421875,-1023.0,-360.0,369.0,0.000707042150715458,0.0008900669293290126,1.447265625,1.447265625,18.0
train(totalseg),s1379,F:\Totalsegmentator_dataset_v201\nii\s1379.nii.gz,1.5,1.5,1.5,279,279,490,418.5,418.5,735.0,-1054.0,3150.0,-529.333251953125,494.667236328125,-1024.0,-882.0,424.0,0.0022290330107676295,0.0011556783711436968,1.634765625,1.634765625,18.0
train(totalseg),s1380,F:\Totalsegmentator_dataset_v201\nii\s1380.nii.gz,1.5,1.5,1.5,320,320,543,480.0,480.0,814.5,-1252.0,3194.0,-793.0294799804688,407.9557189941406,-1024.0,-994.0,291.0,0.004825188875779335,0.00283257017598192,1.875,1.875,18.0
train(totalseg),s1394,F:\Totalsegmentator_dataset_v201\nii\s1394.nii.gz,1.5,1.5,1.5,261,261,306,391.5,391.5,459.0,-1041.0,2135.0,-490.6182861328125,494.17926025390625,-1024.0,-641.0,404.0,0.0015313959925129406,0.0017778335970972078,1.529296875,1.529296875,18.0
train(totalseg),s1390,F:\Totalsegmentator_dataset_v201\nii\s1390.nii.gz,1.5,1.5,1.5,285,285,335,427.5,427.5,502.5,-1249.0,1642.0,-503.13177490234375,491.3407287597656,-1024.0,-754.0,341.0,0.0019036848650364608,0.0009019350184888962,1.669921875,1.669921875,18.0
train(totalseg),s1401,F:\Totalsegmentator_dataset_v201\nii\s1401.nii.gz,1.5,1.5,1.5,244,244,179,366.0,366.0,268.5,-1045.0,1744.0,-516.47021484375,510.4062194824219,-1021.0,-918.0,556.0,0.001323643504688209,0.003156813751929727,1.4296875,1.4296875,18.0
train(totalseg),s1391,F:\Totalsegmentator_dataset_v201\nii\s1391.nii.gz,1.5,1.5,1.5,270,270,335,405.0,405.0,502.5,-1137.0,3105.0,-570.0433959960938,483.8647155761719,-1024.0,-924.0,339.0,0.00195839723365079,0.0006648649483092788,1.58203125,1.58203125,18.0
train(totalseg),s1399,F:\Totalsegmentator_dataset_v201\nii\s1399.nii.gz,1.5,1.5,1.5,245,245,239,367.5,367.5,358.5,-1170.0,3443.0,-374.33685302734375,438.2872009277344,-1024.0,-123.0,281.0,0.001592084079884143,0.0018999055902505343,1.435546875,1.435546875,18.0
train(totalseg),s1387,F:\Totalsegmentator_dataset_v201\nii\s1387.nii.gz,1.5,1.5,1.5,281,281,453,421.5,421.5,679.5,-1176.0,3233.0,-539.0220336914062,480.6688232421875,-1024.0,-882.0,294.0,0.0028356681256812397,0.0005233531234620212,1.646484375,1.646484375,18.0
train(totalseg),s1410,F:\Totalsegmentator_dataset_v201\nii\s1410.nii.gz,1.5,1.5,1.5000001192092896,116,105,84,174.0,157.5,126.00001001358032,-1150.0,1996.0,-377.5919494628906,561.876708984375,-1024.0,-103.0,1122.0,0.0020242004847916177,0.013542888419735711,0.615234375,0.6796875,18.000001430511475
train(totalseg),s1384,F:\Totalsegmentator_dataset_v201\nii\s1384.nii.gz,1.5,1.5,1.5,329,329,523,493.5,493.5,784.5,-1336.0,3385.0,-817.6526489257812,395.14605712890625,-1024.0,-999.0,278.0,0.003752937265089231,0.002716602008840867,1.927734375,1.927734375,18.0
train(totalseg),s1395,F:\Totalsegmentator_dataset_v201\nii\s1395.nii.gz,1.5,1.5,1.5,281,281,409,421.5,421.5,613.5,-1270.0,3259.0,-531.7151489257812,494.4935302734375,-1024.0,-877.0,448.0,0.0025624977299154765,0.0011128020133609937,1.646484375,1.646484375,18.0
train(totalseg),s1408,F:\Totalsegmentator_dataset_v201\nii\s1408.nii.gz,1.5,1.5,1.5,151,151,111,226.5,226.5,166.5,-1117.0,3191.0,-544.3714599609375,599.0726318359375,-1023.0,-964.0,1344.0,0.006031027550543046,0.023140275126120546,0.884765625,0.884765625,18.0
train(totalseg),s1388,F:\Totalsegmentator_dataset_v201\nii\s1388.nii.gz,1.5,1.5,1.5,316,316,525,474.0,474.0,787.5,-1116.0,3169.0,-705.1580200195312,439.7158203125,-1024.0,-986.0,276.0,0.003741157626651628,0.0012685120091468832,1.8515625,1.8515625,18.0
train(totalseg),s1416,F:\Totalsegmentator_dataset_v201\nii\s1416.nii.gz,1.5,1.5,1.5,116,140,102,174.0,210.0,153.0,-1278.0,2155.0,-432.2759704589844,597.6128540039062,-1023.0,-745.0,1216.0,0.0036088573360378634,0.020779001255674685,0.8203125,0.6796875,18.0
train(totalseg),s1403,F:\Totalsegmentator_dataset_v201\nii\s1403.nii.gz,1.5,1.5,1.5,258,258,317,387.0,387.0,475.5,-1136.0,2163.0,-548.8101806640625,500.8946533203125,-1024.0,-931.0,401.0,0.0012735539714761445,0.001394497287637612,1.51171875,1.51171875,18.0
train(totalseg),s1400,F:\Totalsegmentator_dataset_v201\nii\s1400.nii.gz,1.5,1.5,1.5,271,271,459,406.5,406.5,688.5,-1051.0,3190.0,-591.8906860351562,490.6476745605469,-1024.0,-937.0,436.0,0.0018624171481567214,0.001281451928910433,1.587890625,1.587890625,18.0
train(totalseg),s1404,F:\Totalsegmentator_dataset_v201\nii\s1404.nii.gz,1.5,1.5,1.5,236,236,421,354.0,354.0,631.5,-1242.0,3287.0,-524.5994262695312,498.1247253417969,-1024.0,-805.0,509.0,0.0031412455053781933,0.0019053204653833517,1.3828125,1.3828125,18.0
train(totalseg),s1405,F:\Totalsegmentator_dataset_v201\nii\s1405.nii.gz,1.5,1.5,1.5,255,255,287,382.5,382.5,430.5,-1134.0,3262.0,-484.79583740234375,488.10107421875,-1023.0,-433.0,408.0,0.0014355236097819226,0.0008310926161895341,1.494140625,1.494140625,18.0
train(totalseg),s1412,F:\Totalsegmentator_dataset_v201\nii\s1412.nii.gz,1.5,1.5,1.5,255,255,311,382.5,382.5,466.5,-1052.0,3404.0,-509.53265380859375,470.42584228515625,-1023.0,-787.0,275.0,0.0009682148131427002,0.0003655282890066823,1.494140625,1.494140625,18.0
train(totalseg),s1411,F:\Totalsegmentator_dataset_v201\nii\s1411.nii.gz,1.5,1.5,1.5,260,260,295,390.0,390.0,442.5,-1051.0,1667.0,-519.7603759765625,477.3763427734375,-1024.0,-823.0,350.0,0.0014110921672851268,0.0005094774847056463,1.5234375,1.5234375,18.0
train(totalseg),s1397,F:\Totalsegmentator_dataset_v201\nii\s1397.nii.gz,1.5,1.5,1.5,320,320,547,480.0,480.0,820.5,-1396.0,3292.0,-682.5507202148438,472.0744323730469,-1024.0,-972.0,513.0,0.004177116360752088,0.0038146992248415204,1.875,1.875,18.0
train(totalseg),s1414,F:\Totalsegmentator_dataset_v201\nii\s1414.nii.gz,1.5,1.5,1.5,235,235,313,352.5,352.5,469.5,-1042.0,1777.0,-490.425537109375,501.7889709472656,-1018.0,-788.0,478.9799999999814,0.001122564111375438,0.0023112532886806906,1.376953125,1.376953125,18.0
train(totalseg),s1418,F:\Totalsegmentator_dataset_v201\nii\s1418.nii.gz,1.5,1.5,1.5,234,234,307,351.0,351.0,460.5,-1041.0,2684.0,-361.1204528808594,447.9457702636719,-1019.0,-118.0,340.0,0.0005444943430410732,0.0008148676402246936,1.37109375,1.37109375,18.0
train(totalseg),s1415,F:\Totalsegmentator_dataset_v201\nii\s1415.nii.gz,1.5,1.5,1.5,291,291,337,436.5,436.5,505.5,-1251.0,3572.0,-576.5299682617188,477.1338806152344,-1024.0,-910.0,272.0,0.0028919842312746386,0.0005839684625492772,1.705078125,1.705078125,18.0
train(totalseg),s1420,F:\Totalsegmentator_dataset_v201\nii\s1420.nii.gz,1.5,1.5,1.5,267,267,241,400.5,400.5,361.5,-1141.0,3247.0,-504.9902038574219,499.89373779296875,-1024.0,-777.0,485.0,0.001714021396979823,0.0011880808460728114,1.564453125,1.564453125,18.0
train(totalseg),s1427,F:\Totalsegmentator_dataset_v201\nii\s1427.nii.gz,1.5,1.5,1.5,217,217,172,325.5,325.5,258.0,-3599.0,1305.0,-1059.8599853515625,1099.1468505859375,-3025.0,-971.0,341.0,0.21290393873058322,0.0001370487115569104,1.271484375,1.271484375,18.0
train(totalseg),s1426,F:\Totalsegmentator_dataset_v201\nii\s1426.nii.gz,1.5,1.5,1.5,293,293,130,439.5,439.5,195.0,-3499.0,1218.0,-1001.6768798828125,1139.509033203125,-3024.0,-932.0,190.0,0.23560182402522067,2.20422760101545e-05,1.716796875,1.716796875,18.0
train(totalseg),s1413,F:\Totalsegmentator_dataset_v201\nii\s1413.nii.gz,1.5,1.5,1.5,333,333,347,499.5,499.5,520.5,-1252.0,3246.0,-669.9451293945312,474.8345031738281,-1024.0,-986.0,372.0,0.003987161661707187,0.0017521473030393596,1.951171875,1.951171875,18.0
train(totalseg),s1425,F:\Totalsegmentator_dataset_v201\nii\s1425.nii.gz,1.5,1.5,1.5,313,313,173,469.5,469.5,259.5,-1235.0,1538.0,-623.9835815429688,488.06402587890625,-1024.0,-975.0,255.0,0.008127732741710574,0.00011682354652922554,1.833984375,1.833984375,18.0
train(totalseg),s1422,F:\Totalsegmentator_dataset_v201\nii\s1422.nii.gz,1.5,1.5,1.5,285,285,345,427.5,427.5,517.5,-1129.0,3132.0,-472.69036865234375,454.0719909667969,-1024.0,-168.0,303.0,0.0021496915438864134,0.0010737752084253348,1.669921875,1.669921875,18.0
train(totalseg),s1423,F:\Totalsegmentator_dataset_v201\nii\s1423.nii.gz,1.5,1.5,1.5,277,277,299,415.5,415.5,448.5,-1291.0,3293.0,-448.0748291015625,482.81365966796875,-1024.0,-122.0,441.0,0.0019096876240630057,0.0010455945112303336,1.623046875,1.623046875,18.0
train(totalseg),s1429,F:\Totalsegmentator_dataset_v201\nii\s1429.nii.gz,1.5,1.5,1.5,296,296,168,444.0,444.0,252.0,-3420.0,1780.0,-1157.7783203125,1066.02685546875,-3024.0,-994.0,311.0,0.22740138787436084,0.001796801627882709,1.734375,1.734375,18.0
train(totalseg),s1424,F:\Totalsegmentator_dataset_v201\nii\s1424.nii.gz,1.5,1.5,1.5,316,316,281,474.0,474.0,421.5,-1267.0,3416.0,-599.50244140625,474.5628967285156,-1024.0,-930.0,258.0,0.003510036158825127,0.0011381155927716563,1.8515625,1.8515625,18.0
train(totalseg),s1421,F:\Totalsegmentator_dataset_v201\nii\s1421.nii.gz,1.5,1.5,1.5,303,303,370,454.5,454.5,555.0,-1461.0,3426.0,-555.5204467773438,512.6570434570312,-1024.0,-920.0,663.0,0.0037128489897887895,0.004892412956486751,1.775390625,1.775390625,18.0
train(totalseg),s1428,F:\Totalsegmentator_dataset_v201\nii\s1428.nii.gz,1.5,1.5,1.5,467,467,166,700.5,700.5,249.0,-3432.0,903.0,-1239.173095703125,983.52294921875,-3024.0,-998.0,89.0,0.2156291821707664,0.0,2.736328125,2.736328125,18.0
infer(airway),CE025005-0008433330-T150,F:\airway_segment_with_img\imgs\CE025005-0008433330-T150.nii.gz,0.68359375,0.68359375,1.5,512,512,193,350.0,350.0,289.5,-1024.0,3071.0,-527.0767211914062,506.6246643066406,-1024.0,-847.0,558.0,0.0,0.0019872389147321877,1.3671875,1.3671875,18.0
infer(airway),CE025005-0006017819-T150,F:\airway_segment_with_img\imgs\CE025005-0006017819-T150.nii.gz,0.697265625,0.697265625,1.5,512,512,204,357.0,357.0,306.0,-1024.0,2028.0,-596.4873046875,485.5767517089844,-1024.0,-908.0,467.0,0.0,0.002668324040059698,1.39453125,1.39453125,18.0
infer(airway),CE025005-2403857-T150,F:\airway_segment_with_img\imgs\CE025005-2403857-T150.nii.gz,0.693359375,0.693359375,1.5,512,512,216,355.0,355.0,324.0,-1024.0,3071.0,-545.1568603515625,491.4649658203125,-1024.0,-878.0,463.0,0.0,0.002574620196146418,1.38671875,1.38671875,18.0
infer(airway),CE025005-2437332-T150,F:\airway_segment_with_img\imgs\CE025005-2437332-T150.nii.gz,0.75390625,0.75390625,1.5,512,512,230,386.0,386.0,345.0,-1024.0,2271.0,-682.6417236328125,461.6759033203125,-1024.0,-943.0,404.0,0.0,0.0013625098974775571,1.5078125,1.5078125,18.0
infer(airway),CE025005-TJ00010214-T150,F:\airway_segment_with_img\imgs\CE025005-TJ00010214-T150.nii.gz,0.75390625,0.75390625,1.5,512,512,230,386.0,386.0,345.0,-1024.0,2191.0,-511.197509765625,497.171630859375,-1024.0,-831.0,532.0,0.0,0.003053050479706315,1.5078125,1.5078125,18.0
infer(airway),CE025005-0008443846-T150,F:\airway_segment_with_img\imgs\CE025005-0008443846-T150.nii.gz,0.6484375,0.6484375,1.5,512,512,249,332.0,332.0,373.5,-1024.0,3071.0,-529.0220336914062,533.9655151367188,-1024.0,-886.0,800.0,0.0,0.004961081822207932,1.296875,1.296875,18.0
infer(airway),CE025005-0008009027-T150,F:\airway_segment_with_img\imgs\CE025005-0008009027-T150.nii.gz,0.736328125,0.736328125,1.5,512,512,276,377.0,377.0,414.0,-1024.0,3071.0,-614.86865234375,494.7509765625,-1024.0,-936.0,487.0,0.0,0.0023769428362635154,1.47265625,1.47265625,18.0
infer(airway),CE025005-0007888861-T150,F:\airway_segment_with_img\imgs\CE025005-0007888861-T150.nii.gz,0.74609375,0.74609375,1.5,512,512,276,382.0,382.0,414.0,-1024.0,3071.0,-523.5177612304688,516.6875610351562,-1024.0,-880.0,748.0,0.0,0.004254768588148117,1.4921875,1.4921875,18.0
infer(airway),CE025005-0008657419-T125,F:\airway_segment_with_img\imgs\CE025005-0008657419-T125.nii.gz,0.7402340173721313,0.7402340173721313,1.25,512,512,261,378.99981689453125,378.99981689453125,326.25,-3024.0,3071.0,-1037.460693359375,1136.5001220703125,-3024.0,-916.0,568.0,0.2157888652098426,0.003575217689782213,1.4804680347442627,1.4804680347442627,15.0
infer(airway),CE025005-TJ00222849-T125,F:\airway_segment_with_img\imgs\CE025005-TJ00222849-T125.nii.gz,0.7324219942092896,0.7324219942092896,1.25,512,512,273,375.00006103515625,375.00006103515625,341.25,-3024.0,3071.0,-952.6830444335938,1170.115966796875,-3024.0,-843.0,557.0,0.2159421427155739,0.002493553582980453,1.464843988418579,1.464843988418579,15.0
infer(airway),CE025005-0008432485-T125,F:\airway_segment_with_img\imgs\CE025005-0008432485-T125.nii.gz,0.7382810115814209,0.7382810115814209,1.25,512,512,265,377.9998779296875,377.9998779296875,331.25,-31743.0,30202.0,-1007.5645751953125,1160.386962890625,-3024.0,-899.0,709.0,0.2756099465690584,0.005228725240010983,1.4765620231628418,1.4765620231628418,15.0
infer(airway),CE025005-0008679320-T125,F:\airway_segment_with_img\imgs\CE025005-0008679320-T125.nii.gz,0.8007810115814209,0.8007810115814209,1.25,512,512,285,409.9998779296875,409.9998779296875,356.25,-3024.0,3071.0,-1053.072509765625,1129.7027587890625,-3024.0,-936.0,527.0,0.2157745361328125,0.0037109375,1.6015620231628418,1.6015620231628418,15.0
infer(airway),CE025006-1909061745-T125,F:\airway_segment_with_img\imgs\CE025006-1909061745-T125.nii.gz,0.607421875,0.607421875,1.25,512,512,201,311.0,311.0,251.25,-1023.0,6327.0,-388.6220397949219,516.7084350585938,-1023.0,-162.0,890.0,0.0,0.00761766359196461,1.21484375,1.21484375,15.0
infer(airway),CE025006-1908201779-T125,F:\airway_segment_with_img\imgs\CE025006-1908201779-T125.nii.gz,0.8359379768371582,0.8359379768371582,1.25,512,512,273,428.000244140625,428.000244140625,341.25,-3024.0,3071.0,-1027.5196533203125,1129.3856201171875,-3024.0,-918.0,517.0,0.21291939438389557,0.002924656149172555,1.6718759536743164,1.6718759536743164,15.0
infer(airway),CE025006-1908221516-T125,F:\airway_segment_with_img\imgs\CE025006-1908221516-T125.nii.gz,0.7832030057907104,0.7832030057907104,1.25,512,512,269,400.99993896484375,400.99993896484375,336.25,-3024.0,2514.0,-994.168701171875,1146.1107177734375,-3024.0,-894.0,510.0,0.21292536906543244,0.003002349909306672,1.566406011581421,1.566406011581421,15.0
infer(airway),CE025006-1908270226-T125,F:\airway_segment_with_img\imgs\CE025006-1908270226-T125.nii.gz,0.703125,0.703125,1.25,512,512,273,360.0,360.0,341.25,-3024.0,3071.0,-1044.5181884765625,1129.910400390625,-3024.0,-946.0,588.0,0.21291939438389557,0.004130435438743696,1.40625,1.40625,15.0
infer(airway),CE025006-1908300501-T125,F:\airway_segment_with_img\imgs\CE025006-1908300501-T125.nii.gz,0.759765625,0.759765625,1.25,512,512,264,389.0,389.0,330.0,-1023.0,2319.0,-555.5750732421875,518.388671875,-1023.0,-902.0,744.0,0.0,0.004455536927601318,1.51953125,1.51953125,15.0
infer(airway),CE025006-1908231861-T125,F:\airway_segment_with_img\imgs\CE025006-1908231861-T125.nii.gz,0.7636719942092896,0.7636719942092896,1.25,512,512,293,391.00006103515625,391.00006103515625,366.25,-3024.0,2221.0,-1073.4818115234375,1110.055908203125,-3024.0,-960.0,467.0,0.21276443417193,0.0021950390999273396,1.527343988418579,1.527343988418579,15.0
infer(airway),CE025006-1908141172-T125,F:\airway_segment_with_img\imgs\CE025006-1908141172-T125.nii.gz,0.703125,0.703125,1.25,512,512,321,360.0,360.0,401.25,-3024.0,2879.0,-1050.416015625,1124.5103759765625,-3024.0,-938.0,577.0,0.2127514645343537,0.00391172731249259,1.40625,1.40625,15.0
infer(airway),CE025006-1909181243-T125,F:\airway_segment_with_img\imgs\CE025006-1909181243-T125.nii.gz,0.7324219942092896,0.7324219942092896,1.25,512,512,272,375.00006103515625,375.00006103515625,340.0,-3024.0,3071.0,-1100.6307373046875,1095.66455078125,-3024.0,-976.0,489.0,0.2129181215806576,0.002584512916001058,1.464843988418579,1.464843988418579,15.0
infer(airway),CE025006-1909191319-T125,F:\airway_segment_with_img\imgs\CE025006-1909191319-T125.nii.gz,0.8320310115814209,0.8320310115814209,1.25,512,512,269,425.9998779296875,425.9998779296875,336.25,-3024.0,3071.0,-1117.107421875,1083.440185546875,-3024.0,-971.0,442.0,0.21292536906543244,0.001636717192524603,1.6640620231628418,1.6640620231628418,15.0
infer(airway),CE025006-1908301138-T125,F:\airway_segment_with_img\imgs\CE025006-1908301138-T125.nii.gz,0.681640625,0.681640625,1.25,512,512,296,349.0,349.0,370.0,-1023.0,6154.0,-624.703857421875,542.3915405273438,-1023.0,-954.0,991.0,0.0,0.00948177679399841,1.36328125,1.36328125,15.0
infer(airway),CE025006-1909191323-T125,F:\airway_segment_with_img\imgs\CE025006-1909191323-T125.nii.gz,0.703125,0.703125,1.25,512,512,281,360.0,360.0,351.25,-3024.0,3071.0,-1110.4661865234375,1092.8033447265625,-3024.0,-969.0,571.0,0.21274834520246846,0.0038977777643833525,1.40625,1.40625,15.0
infer(airway),CE025006-1909201162-T125,F:\airway_segment_with_img\imgs\CE025006-1909201162-T125.nii.gz,0.771484375,0.771484375,1.25,512,512,297,395.0,395.0,371.25,-1023.0,3180.0,-557.4124145507812,536.2706298828125,-1023.0,-922.0,891.0,0.0,0.007867444628337628,1.54296875,1.54296875,15.0
infer(airway),CE025006-1909231144-T125,F:\airway_segment_with_img\imgs\CE025006-1909231144-T125.nii.gz,0.703125,0.703125,1.25,512,512,229,360.0,360.0,286.25,-3024.0,3071.0,-1028.438720703125,1130.92333984375,-3024.0,-929.0,531.0,0.21273710497995335,0.0025319083452277425,1.40625,1.40625,15.0
infer(airway),CE025006-1909280058-T125,F:\airway_segment_with_img\imgs\CE025006-1909280058-T125.nii.gz,0.703125,0.703125,1.25,512,512,257,360.0,360.0,321.25,-3024.0,3071.0,-1074.056640625,1111.0546875,-3024.0,-956.0,547.0,0.21274225952951828,0.0036154410217304964,1.40625,1.40625,15.0
infer(airway),CE025006-1909231085-T125,F:\airway_segment_with_img\imgs\CE025006-1909231085-T125.nii.gz,0.6425780057907104,0.6425780057907104,1.25,512,512,273,328.99993896484375,328.99993896484375,341.25,-3024.0,3071.0,-1091.7530517578125,1106.2655029296875,-3024.0,-957.0,617.0,0.21291939438389557,0.00490259697795592,1.285156011581421,1.285156011581421,15.0
infer(airway),CE025006-1910141174-T125,F:\airway_segment_with_img\imgs\CE025006-1910141174-T125.nii.gz,0.7421879768371582,0.7421879768371582,1.25,512,512,250,380.000244140625,380.000244140625,312.5,-3024.0,2836.0,-1003.1473999023438,1143.026611328125,-3024.0,-903.0,527.0,0.21275365821726738,0.003563048229050223,1.4843759536743164,1.4843759536743164,15.0
infer(airway),CE025006-1909251350-T125,F:\airway_segment_with_img\imgs\CE025006-1909251350-T125.nii.gz,0.703125,0.703125,1.25,512,512,285,360.0,360.0,356.25,-3024.0,3071.0,-1083.3109130859375,1108.643310546875,-3024.0,-960.0,565.0,0.2127532958984375,0.0039403279622395836,1.40625,1.40625,15.0
infer(airway),CE025006-1910171922-T125,F:\airway_segment_with_img\imgs\CE025006-1910171922-T125.nii.gz,0.703125,0.703125,1.25,512,512,237,360.0,360.0,296.25,-3024.0,3071.0,-934.9616088867188,1188.4676513671875,-3024.0,-320.0,444.0,0.22216796875,0.0028570633900316454,1.40625,1.40625,15.0
infer(airway),CE025006-1910181433-T125,F:\airway_segment_with_img\imgs\CE025006-1910181433-T125.nii.gz,0.703125,0.703125,1.25,512,512,225,360.0,360.0,281.25,-3024.0,3071.0,-989.218505859375,1149.35791015625,-3024.0,-888.0,587.0,0.2127532958984375,0.004640706380208333,1.40625,1.40625,15.0
infer(airway),CE025006-1910090587-T125,F:\airway_segment_with_img\imgs\CE025006-1910090587-T125.nii.gz,0.703125,0.703125,1.25,512,512,269,360.0,360.0,336.25,-3024.0,3071.0,-1013.0341796875,1141.5311279296875,-3024.0,-912.0,569.0,0.21292536906543244,0.0029160725526202534,1.40625,1.40625,15.0
infer(airway),CE025006-1910160112-T125,F:\airway_segment_with_img\imgs\CE025006-1910160112-T125.nii.gz,0.7832030057907104,0.7832030057907104,1.25,512,512,269,400.99993896484375,400.99993896484375,336.25,-3024.0,3071.0,-1023.8832397460938,1126.550048828125,-3024.0,-907.0,454.0,0.21292536906543244,0.0017898722635655828,1.566406011581421,1.566406011581421,15.0
infer(airway),CE025006-1910160941-T125,F:\airway_segment_with_img\imgs\CE025006-1910160941-T125.nii.gz,0.703125,0.703125,1.25,512,512,309,360.0,360.0,386.25,-3024.0,2892.0,-1110.8973388671875,1092.530029296875,-3024.0,-977.0,502.0,0.2127520219712695,0.0033917590530002212,1.40625,1.40625,15.0
infer(airway),CE025006-1910180613-T125,F:\airway_segment_with_img\imgs\CE025006-1910180613-T125.nii.gz,0.7851560115814209,0.7851560115814209,1.25,512,512,290,401.9998779296875,401.9998779296875,362.5,-3024.0,3071.0,-1073.583984375,1106.370849609375,-3024.0,-955.0,436.0,0.21276412370541678,0.0024244899131780208,1.5703120231628418,1.5703120231628418,15.0
infer(airway),CE025006-1910161533-T125,F:\airway_segment_with_img\imgs\CE025006-1910161533-T125.nii.gz,0.6171875,0.6171875,1.25,512,512,260,316.0,316.0,325.0,-1023.0,3566.0,-655.0732421875,513.74072265625,-1023.0,-948.0,887.0,0.0,0.007234424522275331,1.234375,1.234375,15.0
infer(airway),CE025006-1910210463-T125,F:\airway_segment_with_img\imgs\CE025006-1910210463-T125.nii.gz,0.7832030057907104,0.7832030057907104,1.25,512,512,237,400.99993896484375,400.99993896484375,296.25,-3024.0,3071.0,-1102.0670166015625,1120.075927734375,-3024.0,-951.0,517.0,0.22216796875,0.0035663073575949366,1.566406011581421,1.566406011581421,15.0
infer(airway),CE025006-1910270619-T125,F:\airway_segment_with_img\imgs\CE025006-1910270619-T125.nii.gz,0.703125,0.703125,1.25,512,512,293,360.0,360.0,366.25,-3024.0,3071.0,-1095.5052490234375,1099.6448974609375,-3024.0,-955.0,557.0,0.21276443417193,0.0030460419987194337,1.40625,1.40625,15.0
infer(airway),CE025006-1911011049-T125,F:\airway_segment_with_img\imgs\CE025006-1911011049-T125.nii.gz,0.703125,0.703125,1.25,512,512,269,360.0,360.0,336.25,-3024.0,3071.0,-1095.8829345703125,1102.0015869140625,-3024.0,-965.0,536.0,0.21292536906543244,0.00301919696712118,1.40625,1.40625,15.0
infer(airway),CE025006-1911011428-T125,F:\airway_segment_with_img\imgs\CE025006-1911011428-T125.nii.gz,0.625,0.625,1.2499998807907104,512,512,258,320.0,320.0,322.4999692440033,-1023.0,3236.0,-570.64404296875,523.7057495117188,-1023.0,-905.0,834.0,0.0,0.006087338145626582,1.25,1.25,14.999998569488525
infer(airway),CE025006-1911051179-T125,F:\airway_segment_with_img\imgs\CE025006-1911051179-T125.nii.gz,0.6679689884185791,0.6679689884185791,1.25,512,512,273,342.0001220703125,342.0001220703125,341.25,-3024.0,3071.0,-1139.6695556640625,1072.3389892578125,-3024.0,-976.0,468.0,0.21291939438389557,0.0015991540932610167,1.3359379768371582,1.3359379768371582,15.0
infer(airway),CE025006-1911042326-T125,F:\airway_segment_with_img\imgs\CE025006-1911042326-T125.nii.gz,0.703125,0.703125,1.25,512,512,269,360.0,360.0,336.25,-3024.0,2717.0,-1000.3092041015625,1141.716552734375,-3024.0,-891.0,526.0,0.21292536906543244,0.0035057195761280255,1.40625,1.40625,15.0
infer(airway),CE025006-1911030294-T125,F:\airway_segment_with_img\imgs\CE025006-1911030294-T125.nii.gz,0.7558590173721313,0.7558590173721313,1.25,512,512,277,386.99981689453125,386.99981689453125,346.25,-3024.0,3071.0,-1033.60400390625,1130.923583984375,-3024.0,-928.0,536.0,0.21275460653500722,0.003055737009933056,1.5117180347442627,1.5117180347442627,15.0
infer(airway),CE025006-T1906172015-T125,F:\airway_segment_with_img\imgs\CE025006-T1906172015-T125.nii.gz,0.701171875,0.701171875,1.25,512,512,265,359.0,359.0,331.25,-1023.0,3632.0,-560.8409423828125,547.1849365234375,-1023.0,-920.0,972.0,0.0,0.009079985187461741,1.40234375,1.40234375,15.0
infer(airway),CE025006-T1907101610-T125,F:\airway_segment_with_img\imgs\CE025006-T1907101610-T125.nii.gz,0.77734375,0.77734375,1.25,512,512,281,398.0,398.0,351.25,-1023.0,30096.0,-633.9729614257812,524.0675048828125,-1023.0,-960.0,892.0,0.0,0.008029623111009314,1.5546875,1.5546875,15.0
infer(airway),CE025006-T1907150306-T125,F:\airway_segment_with_img\imgs\CE025006-T1907150306-T125.nii.gz,0.755859375,0.755859375,1.25,512,512,280,387.0,387.0,350.0,-1023.0,3252.0,-604.5554809570312,538.1426391601562,-1023.0,-948.0,946.0,0.0,0.008748896684281072,1.51171875,1.51171875,15.0
infer(airway),CE025006-T1908280111-T125,F:\airway_segment_with_img\imgs\CE025006-T1908280111-T125.nii.gz,0.71875,0.71875,1.25,512,512,276,368.0,368.0,345.0,-1023.0,31472.0,-600.7650146484375,538.9669799804688,-1023.0,-935.0,956.0,0.0,0.008716138920239964,1.4375,1.4375,15.0
infer(airway),CE025006-T1908060115-T125,F:\airway_segment_with_img\imgs\CE025006-T1908060115-T125.nii.gz,0.7421875,0.7421875,1.25,512,512,300,380.0,380.0,375.0,-1023.0,3354.0,-658.5838012695312,520.389404296875,-1023.0,-959.0,901.0,0.0,0.00785675048828125,1.484375,1.484375,15.0
infer(airway),CE025006-T1908280446,F:\airway_segment_with_img\imgs\CE025006-T1908280446.nii.gz,0.75,0.75,1.25,512,512,249,384.0,384.0,311.25,-1023.0,8301.0,-543.42138671875,547.2227172851562,-1023.0,-912.0,984.0,0.0,0.009272010661295575,1.5,1.5,15.0
infer(airway),CE025006-T1909160976-T125,F:\airway_segment_with_img\imgs\CE025006-T1909160976-T125.nii.gz,0.73046875,0.73046875,1.25,512,512,272,374.0,374.0,340.0,-2127063040.0,1889665152.0,-3983.333251953125,5868528.0,-1023.0,0.0,195.0,2.625408705451358e-05,0.0013980301356528483,1.4609375,1.4609375,15.0
infer(airway),CE025006-T1909040033-T125,F:\airway_segment_with_img\imgs\CE025006-T1909040033-T125.nii.gz,0.68359375,0.68359375,1.25,512,512,256,350.0,350.0,320.0,-1023.0,15852.0,-513.3748779296875,537.2040405273438,-1023.0,-867.0,949.0,0.0,0.008590575192611579,1.3671875,1.3671875,15.0
infer(airway),CE025006-T1909060099-T125,F:\airway_segment_with_img\imgs\CE025006-T1909060099-T125.nii.gz,0.68359375,0.68359375,1.25,512,512,250,350.0,350.0,312.5,-1023.0,27318.0,-581.2425537109375,535.595703125,-1023.0,-928.0,922.0,0.0,0.008228848807114011,1.3671875,1.3671875,15.0
infer(airway),CE025006-T1909040143-T125,F:\airway_segment_with_img\imgs\CE025006-T1909040143-T125.nii.gz,0.68359375,0.68359375,1.25,512,512,277,350.0,350.0,346.25,-1023.0,3455.0,-534.3557739257812,554.5277099609375,-1023.0,-897.0,997.0,0.0,0.009501472073406986,1.3671875,1.3671875,15.0
infer(airway),CE025006-T1909060082-T125,F:\airway_segment_with_img\imgs\CE025006-T1909060082-T125.nii.gz,0.68359375,0.68359375,1.25,512,512,280,350.0,350.0,350.0,-2029770496.0,1733010688.0,1451.39013671875,3022061.25,-1023.0,-946.0,845.0,9.577612180303086e-06,0.006909491060811284,1.3671875,1.3671875,15.0
infer(airway),CE025006-T1909090827,F:\airway_segment_with_img\imgs\CE025006-T1909090827.nii.gz,0.68359375,0.68359375,1.25,512,512,261,350.0,350.0,326.25,-1023.0,39750.0,-590.1441040039062,531.3060913085938,-1023.0,-929.0,778.0,0.0,0.005939598311069005,1.3671875,1.3671875,15.0
infer(airway),CE025006-T1909090683,F:\airway_segment_with_img\imgs\CE025006-T1909090683.nii.gz,0.763671875,0.763671875,1.25,512,512,293,391.0,391.0,366.25,-1023.0,3159.0,-605.4737548828125,529.8486938476562,-1023.0,-942.0,896.0,0.0,0.007729096733540127,1.52734375,1.52734375,15.0
infer(airway),CE025006-T1909090697-T125,F:\airway_segment_with_img\imgs\CE025006-T1909090697-T125.nii.gz,0.751953125,0.751953125,1.25,512,512,296,385.0,385.0,370.0,-1023.0,6418.0,-559.95068359375,542.9321899414062,-1023.0,-922.0,986.0,0.0,0.009239517773870807,1.50390625,1.50390625,15.0
infer(airway),CE025006-T1909161213-T125,F:\airway_segment_with_img\imgs\CE025006-T1909161213-T125.nii.gz,0.68359375,0.68359375,1.25,512,512,264,350.0,350.0,330.0,-1023.0,21503.0,-545.7327880859375,531.008544921875,-1023.0,-896.0,902.0,0.0,0.007761535213155213,1.3671875,1.3671875,15.0
infer(airway),CE025006-T1909161259-T125,F:\airway_segment_with_img\imgs\CE025006-T1909161259-T125.nii.gz,0.68359375,0.68359375,1.25,512,512,271,350.0,350.0,338.75,-1023.0,3511.0,-502.4703369140625,537.2561645507812,-1023.0,-855.0,895.0,0.0,0.007517627277711844,1.3671875,1.3671875,15.0
infer(airway),CE025006-T1909161638-T125,F:\airway_segment_with_img\imgs\CE025006-T1909161638-T125.nii.gz,0.68359375,0.68359375,1.25,512,512,286,350.0,350.0,357.5,-1023.0,3580.0,-637.20556640625,534.9345092773438,-1023.0,-945.0,966.0,0.0,0.008915959064946966,1.3671875,1.3671875,15.0
infer(airway),CE025006-T1909162174-T125,F:\airway_segment_with_img\imgs\CE025006-T1909162174-T125.nii.gz,0.783203125,0.783203125,1.25,512,512,264,401.0,401.0,330.0,-1023.0,3042.0,-640.58349609375,519.60546875,-1023.0,-960.0,835.0,0.0,0.006813785360450915,1.56640625,1.56640625,15.0
infer(airway),CE025006-T1909162270-T125,F:\airway_segment_with_img\imgs\CE025006-T1909162270-T125.nii.gz,0.751953125,0.751953125,1.25,512,512,268,385.0,385.0,335.0,-1023.0,3220.0,-531.9429321289062,543.4013061523438,-1023.0,-902.0,933.0,0.0,0.008410380232403817,1.50390625,1.50390625,15.0
infer(airway),CE025006-T1909260087-T125,F:\airway_segment_with_img\imgs\CE025006-T1909260087-T125.nii.gz,0.68359375,0.68359375,1.25,512,512,240,350.0,350.0,300.0,-1023.0,36637.0,-627.2167358398438,535.583251953125,-1023.0,-941.0,926.0,0.0,0.00834503173828125,1.3671875,1.3671875,15.0
infer(airway),CE025006-T1909260263-T125,F:\airway_segment_with_img\imgs\CE025006-T1909260263-T125.nii.gz,0.68359375,0.68359375,1.25,512,512,244,350.0,350.0,305.0,-1023.0,3257.0,-570.2778930664062,547.2062377929688,-1023.0,-923.0,982.0,0.0,0.009248827324538935,1.3671875,1.3671875,15.0
infer(airway),CE025006-T1910220034-T125,F:\airway_segment_with_img\imgs\CE025006-T1910220034-T125.nii.gz,0.75,0.75,1.25,512,512,240,384.0,384.0,300.0,-1023.0,2944.0,-542.6967163085938,538.5580444335938,-1023.0,-909.0,913.0,0.0,0.0080108642578125,1.5,1.5,15.0
infer(airway),CE025006-T1910220254-T125,F:\airway_segment_with_img\imgs\CE025006-T1910220254-T125.nii.gz,0.759765625,0.759765625,1.25,512,512,242,389.0,389.0,302.5,-1023.0,2952.0,-529.4757690429688,538.7473754882812,-1023.0,-896.0,873.0,0.0,0.007399377744059917,1.51953125,1.51953125,15.0
infer(airway),CE025006-T1910170134-T125,F:\airway_segment_with_img\imgs\CE025006-T1910170134-T125.nii.gz,0.68359375,0.68359375,1.25,512,512,250,350.0,350.0,312.5,-1023.0,64511.0,-632.10595703125,547.7178955078125,-1023.0,-944.0,899.0,0.0,0.007822492119600793,1.3671875,1.3671875,15.0
infer(airway),CE025006-T1909290932-T125,F:\airway_segment_with_img\imgs\CE025006-T1909290932-T125.nii.gz,0.62109375,0.62109375,1.25,512,512,286,318.0,318.0,357.5,-1023.0,39812.0,-606.5798950195312,558.8618774414062,-1023.0,-931.0,954.0,0.0,0.008719808979213666,1.2421875,1.2421875,15.0
infer(airway),CE025006-T1911060013-T125,F:\airway_segment_with_img\imgs\CE025006-T1911060013-T125.nii.gz,0.76953125,0.76953125,1.25,512,512,245,394.0,394.0,306.25,-1023.0,21524.0,-540.6084594726562,525.8267822265625,-1023.0,-896.0,764.0,0.0,0.006215635326101198,1.5390625,1.5390625,15.0
infer(airway),CE025006-T1910160145-T125,F:\airway_segment_with_img\imgs\CE025006-T1910160145-T125.nii.gz,0.798828125,0.798828125,1.25,512,512,273,409.0,409.0,341.25,-1023.0,3288.0,-562.9895629882812,537.9642944335938,-1023.0,-923.0,904.0,0.0,0.007993758318971632,1.59765625,1.59765625,15.0
infer(airway),CE025006-T1910100649-T125,F:\airway_segment_with_img\imgs\CE025006-T1910100649-T125.nii.gz,0.77734375,0.77734375,1.25,512,512,290,398.0,398.0,362.5,-1023.0,5972.0,-575.1845703125,521.7518920898438,-1023.0,-928.0,746.0,0.0,0.005510250985494102,1.5546875,1.5546875,15.0
infer(airway),CE025008-CT00040477-T125,F:\airway_segment_with_img\imgs\CE025008-CT00040477-T125.nii.gz,0.7109379768371582,0.7109379768371582,1.0,512,512,281,364.000244140625,364.000244140625,281.0,-3024.0,1683.0,-1031.9228515625,1126.76416015625,-3024.0,-915.0,509.0,0.21274834520246846,0.002274875708104665,1.4218759536743164,1.4218759536743164,12.0
infer(airway),CE025006-T1910310077-T125,F:\airway_segment_with_img\imgs\CE025006-T1910310077-T125.nii.gz,0.779296875,0.779296875,1.25,512,512,285,399.0,399.0,356.25,-1023.0,3216.0,-608.2647094726562,520.5867919921875,-1023.0,-946.0,805.0,0.0,0.006432088216145834,1.55859375,1.55859375,15.0
infer(airway),CE025008-30942058-T125,F:\airway_segment_with_img\imgs\CE025008-30942058-T125.nii.gz,0.7421879768371582,0.7421879768371582,1.0,512,512,341,380.000244140625,380.000244140625,341.0,-3024.0,1708.0,-1099.096435546875,1091.9246826171875,-3024.0,-940.0,438.0,0.21316013489261598,0.0023921843230375103,1.4843759536743164,1.4843759536743164,12.0
infer(airway),CE025008-CT00047173-T125,F:\airway_segment_with_img\imgs\CE025008-CT00047173-T125.nii.gz,0.7246090173721313,0.7246090173721313,1.25,512,512,353,370.99981689453125,370.99981689453125,441.25,-3024.0,3071.0,-1050.666259765625,1120.773681640625,-3024.0,-920.0,378.0,0.2157893694298605,0.0010914895810742106,1.4492180347442627,1.4492180347442627,15.0
infer(airway),CE025008-CT00049075-T125,F:\airway_segment_with_img\imgs\CE025008-CT00049075-T125.nii.gz,0.7421879768371582,0.7421879768371582,1.0,512,512,296,380.000244140625,380.000244140625,296.0,-3024.0,1761.0,-1086.6817626953125,1093.5067138671875,-3024.0,-986.0,271.0,0.21276071744858027,0.0004272202637105035,1.4843759536743164,1.4843759536743164,12.0
infer(airway),CE027001-0000001944-2731-7309,F:\airway_segment_with_img\imgs\CE027001-0000001944-2731-7309.nii.gz,0.68359375,0.68359375,1.0,512,512,335,350.0,350.0,335.0,-32483.0,32508.0,-339.6440124511719,495.4088134765625,-1024.0,0.0,272.0,1.8037246914879226e-05,0.000939439943483293,1.3671875,1.3671875,12.0
infer(airway),CE025008-CT00055839-T125,F:\airway_segment_with_img\imgs\CE025008-CT00055839-T125.nii.gz,0.6679689884185791,0.6679689884185791,1.25,512,512,201,342.0001220703125,342.0001220703125,251.25,-3024.0,3071.0,-992.8265991210938,1159.5137939453125,-3024.0,-911.0,626.0,0.2157419074494355,0.005456780545596067,1.3359379768371582,1.3359379768371582,15.0
infer(airway),CE025008-CT00055505-T125,F:\airway_segment_with_img\imgs\CE025008-CT00055505-T125.nii.gz,0.7070310115814209,0.7070310115814209,1.0,512,512,281,361.9998779296875,361.9998779296875,281.0,-3024.0,3071.0,-874.30224609375,1179.71728515625,-3024.0,-139.0,428.0,0.21322401473118896,0.0020840051474776454,1.4140620231628418,1.4140620231628418,12.0
infer(airway),CE025008-CT00061891-T125,F:\airway_segment_with_img\imgs\CE025008-CT00061891-T125.nii.gz,0.7148439884185791,0.7148439884185791,1.0,512,512,261,366.0001220703125,366.0001220703125,261.0,-3024.0,1671.0,-966.6419067382812,1151.0311279296875,-3024.0,-866.0,465.0,0.21303775335755348,0.002220123733531951,1.4296879768371582,1.4296879768371582,12.0
infer(airway),CE025008-CT00059031-T125,F:\airway_segment_with_img\imgs\CE025008-CT00059031-T125.nii.gz,0.7421879768371582,0.7421879768371582,1.0,512,512,291,380.000244140625,380.000244140625,291.0,-3024.0,1665.0,-987.4735717773438,1141.7650146484375,-3024.0,-867.0,421.0,0.21276350998313903,0.0017617604925976406,1.4843759536743164,1.4843759536743164,12.0
infer(airway),CE025008-CT00042739-T125,F:\airway_segment_with_img\imgs\CE025008-CT00042739-T125.nii.gz,0.7128909826278687,0.7128909826278687,1.0,512,512,626,365.00018310546875,365.00018310546875,626.0,-1811801344.0,1996490752.0,2246.101318359375,3266029.0,-3024.0,-902.0,438.0,0.20613412842319823,0.002256295093658248,1.4257819652557373,1.4257819652557373,12.0
infer(airway),CE027001-0000001944-7805-2321,F:\airway_segment_with_img\imgs\CE027001-0000001944-7805-2321.nii.gz,0.68359375,0.68359375,1.0,512,512,321,350.0,350.0,321.0,-1024.0,3071.0,-656.9169311523438,473.5527038574219,-1024.0,-928.0,520.0,0.0,0.0029561518618902204,1.3671875,1.3671875,12.0
infer(airway),CE027001-0000001944-2731-5529,F:\airway_segment_with_img\imgs\CE027001-0000001944-2731-5529.nii.gz,0.68359375,0.68359375,1.0,512,512,335,350.0,350.0,335.0,-1024.0,3071.0,-657.643798828125,463.3341369628906,-1024.0,-945.0,409.0,0.0,0.0013026900549634997,1.3671875,1.3671875,12.0
infer(airway),CE027001-0000001944-1-3023,F:\airway_segment_with_img\imgs\CE027001-0000001944-1-3023.nii.gz,0.623046875,0.623046875,1.0,512,512,316,319.0,319.0,316.0,-1024.0,2714.0,-597.724853515625,486.26593017578125,-1024.0,-891.0,508.0,0.0,0.0031592204518329156,1.24609375,1.24609375,12.0
infer(airway),CE027001-0000008792-12437-7734,F:\airway_segment_with_img\imgs\CE027001-0000008792-12437-7734.nii.gz,0.7558590173721313,0.7558590173721313,1.25,512,512,247,386.99981689453125,386.99981689453125,308.75,-3024.0,1373.0,-1031.8031005859375,1117.2900390625,-3024.0,-902.0,304.0,0.2127399650070409,0.00025584715222243005,1.5117180347442627,1.5117180347442627,15.0
infer(airway),CE027001-0000259360-112217-2313,F:\airway_segment_with_img\imgs\CE027001-0000259360-112217-2313.nii.gz,0.732421875,0.732421875,1.0,512,512,285,375.0,375.0,285.0,-1024.0,3071.0,-599.4186401367188,469.9189453125,-1024.0,-888.0,371.0,0.0,0.0004781087239583333,1.46484375,1.46484375,12.0
infer(airway),CE025008-CT00059909-T125,F:\airway_segment_with_img\imgs\CE025008-CT00059909-T125.nii.gz,0.8691409826278687,0.8691409826278687,1.0,512,512,636,445.00018310546875,445.00018310546875,636.0,-3024.0,1730.0,-1124.1826171875,1075.849365234375,-3024.0,-985.0,317.0,0.21291965709477756,0.0015769811140137191,1.7382819652557373,1.7382819652557373,12.0
infer(airway),CE027001-0000742266-3628-3913,F:\airway_segment_with_img\imgs\CE027001-0000742266-3628-3913.nii.gz,0.703125,0.703125,1.25,512,512,269,360.0,360.0,336.25,-3024.0,1784.0,-1056.14697265625,1113.9464111328125,-3024.0,-917.0,423.0,0.21292536906543244,0.0018368398186848166,1.40625,1.40625,15.0
infer(airway),CE027001-0000675183-232839-6711,F:\airway_segment_with_img\imgs\CE027001-0000675183-232839-6711.nii.gz,0.5859375,0.5859375,1.0,512,512,296,300.0,300.0,296.0,-1024.0,1966.0,-430.87506103515625,465.5095520019531,-1024.0,-131.0,333.0,0.0,0.00014173660513689646,1.171875,1.171875,12.0
infer(airway),CE027001-000101021040181887-1001-2007,F:\airway_segment_with_img\imgs\CE027001-000101021040181887-1001-2007.nii.gz,0.6570000052452087,0.6570000052452087,1.0,512,512,281,336.3840026855469,336.3840026855469,281.0,-2048.0,2295.0,-726.1504516601562,816.4127807617188,-2048.0,-781.0,551.0,0.2713496256425557,0.0032910102979690366,1.3140000104904175,1.3140000104904175,12.0
infer(airway),CE027001-0001168638-3971-1242,F:\airway_segment_with_img\imgs\CE027001-0001168638-3971-1242.nii.gz,0.900390625,0.900390625,1.0,512,512,345,461.0,461.0,345.0,-1024.0,1445.0,-649.084228515625,463.2471618652344,-1024.0,-950.0,308.0,0.0,0.00030568440755208336,1.80078125,1.80078125,12.0
infer(airway),CE027001-000199121101114972-CT20211224103006-5182,F:\airway_segment_with_img\imgs\CE027001-000199121101114972-CT20211224103006-5182.nii.gz,0.666015625,0.666015625,1.0,512,512,337,341.0,341.0,337.0,-1024.0,3071.0,-574.5704956054688,479.2038269042969,-1024.0,-866.0,461.0,0.0,0.0023176824398115697,1.33203125,1.33203125,12.0
infer(airway),CE027001-0000232750-CT20210703165302-6098,F:\airway_segment_with_img\imgs\CE027001-0000232750-CT20210703165302-6098.nii.gz,0.7109375,0.7109375,0.699999988079071,512,512,499,364.0,364.0,349.29999405145645,-1024.0,1901.0,-697.2691650390625,451.2843933105469,-1024.0,-948.0,375.0,0.0,0.0018955906452576428,1.421875,1.421875,8.399999856948853
infer(airway),CE027001-000214503300-29066-3907,F:\airway_segment_with_img\imgs\CE027001-000214503300-29066-3907.nii.gz,0.71875,0.71875,1.25,512,512,346,368.0,368.0,432.5,-1023.0,1521.0,-548.9065551757812,488.2267150878906,-1014.0,-886.0,382.0,0.0,0.0006816179703709188,1.4375,1.4375,15.0
infer(airway),CE027001-000060298000-8810-5358,F:\airway_segment_with_img\imgs\CE027001-000060298000-8810-5358.nii.gz,0.7070310115814209,0.7070310115814209,0.625,512,512,473,361.9998779296875,361.9998779296875,295.625,-3024.0,3071.0,-983.78173828125,1154.04296875,-3024.0,-871.0,370.0,0.2157651409616252,0.0006525306689414402,1.4140620231628418,1.4140620231628418,7.5
infer(airway),CE027001-000101021092865047-1001-0325,F:\airway_segment_with_img\imgs\CE027001-000101021092865047-1001-0325.nii.gz,0.669921875,0.669921875,1.0,512,512,294,343.0,343.0,294.0,-8192.0,2150.0,-1147.9737548828125,2206.4609375,-8192.0,-848.0,515.0,0.21102915093542385,0.0034324091686768754,1.33984375,1.33984375,12.0
infer(airway),CE027001-0002167821-366026-1116,F:\airway_segment_with_img\imgs\CE027001-0002167821-366026-1116.nii.gz,0.83203125,0.83203125,0.6700000166893005,512,512,515,426.0,426.0,345.0500085949898,-1024.0,2976.0,-678.5955810546875,454.62042236328125,-1024.0,-961.0,312.0,0.0,0.0007152369650581558,1.6640625,1.6640625,8.040000200271606
infer(airway),CE027001-00037692-16598-8716,F:\airway_segment_with_img\imgs\CE027001-00037692-16598-8716.nii.gz,0.68359375,0.68359375,1.0,512,512,301,350.0,350.0,301.0,-1024.0,1459.0,-543.3695678710938,465.780029296875,-1024.0,-869.0,291.0,0.0,0.0003472514414736844,1.3671875,1.3671875,12.0
infer(airway),CE027001-00037692-16598-8717,F:\airway_segment_with_img\imgs\CE027001-00037692-16598-8717.nii.gz,0.68359375,0.68359375,1.0,512,512,301,350.0,350.0,301.0,-1024.0,1890.0,-541.445068359375,474.46923828125,-1024.0,-876.0,367.0,0.0,0.0006686491259909339,1.3671875,1.3671875,12.0
infer(airway),CE027001-00037692-26638-0216,F:\airway_segment_with_img\imgs\CE027001-00037692-26638-0216.nii.gz,0.68359375,0.68359375,1.0,512,512,296,350.0,350.0,296.0,-1024.0,1443.0,-548.2011108398438,464.3343200683594,-1024.0,-867.0,297.0,0.0,0.00034428927134317044,1.3671875,1.3671875,12.0
infer(airway),CE027001-0003191085-CT01026659-0011,F:\airway_segment_with_img\imgs\CE027001-0003191085-CT01026659-0011.nii.gz,0.650390625,0.650390625,0.800000011920929,512,512,399,333.0,333.0,319.20000475645065,-1024.0,3071.0,-558.6826782226562,483.5755920410156,-1024.0,-857.0,445.0,0.0,0.0016219913858626805,1.30078125,1.30078125,9.600000143051147
infer(airway),CE027001-0002240844-374291-1912,F:\airway_segment_with_img\imgs\CE027001-0002240844-374291-1912.nii.gz,0.84765625,0.84765625,0.6700000166893005,512,512,590,434.0,434.0,395.3000098466873,-1024.0,1416.0,-703.0772094726562,447.7843322753906,-1024.0,-984.0,305.0,0.0,0.0003580641338252092,1.6953125,1.6953125,8.040000200271606
infer(airway),CE027001-0003191085-CT01026659-1036,F:\airway_segment_with_img\imgs\CE027001-0003191085-CT01026659-1036.nii.gz,0.650390625,0.650390625,0.800000011920929,512,512,399,333.0,333.0,319.20000475645065,-1024.0,3071.0,-558.6826782226562,483.5755920410156,-1024.0,-857.0,445.0,0.0,0.0016219913858626805,1.30078125,1.30078125,9.600000143051147
infer(airway),CE027001-00037692-26638-0217,F:\airway_segment_with_img\imgs\CE027001-00037692-26638-0217.nii.gz,0.68359375,0.68359375,1.0,512,512,296,350.0,350.0,296.0,-1024.0,1765.0,-546.2975463867188,473.3194274902344,-1024.0,-875.0,375.0,0.0,0.0006855628702366198,1.3671875,1.3671875,12.0
infer(airway),CE027001-0004936116-132441-9413,F:\airway_segment_with_img\imgs\CE027001-0004936116-132441-9413.nii.gz,0.76171875,0.76171875,1.0,512,512,331,390.0,390.0,331.0,-1024.0,2993.0,-637.5255737304688,474.2667236328125,-1024.0,-950.0,336.0,0.0,0.0003316366114648906,1.5234375,1.5234375,12.0
infer(airway),CE027001-0005442043-133428-9813,F:\airway_segment_with_img\imgs\CE027001-0005442043-133428-9813.nii.gz,0.892578125,0.892578125,1.0,512,512,270,457.0,457.0,270.0,-1024.0,3071.0,-696.4339599609375,448.13873291015625,-1024.0,-983.0,294.0,0.0,0.0002644856770833333,1.78515625,1.78515625,12.0
infer(airway),CE027001-0004752914-131875-7498,F:\airway_segment_with_img\imgs\CE027001-0004752914-131875-7498.nii.gz,0.8359375,0.8359375,1.0,512,512,397,428.0,428.0,397.0,-1024.0,3071.0,-669.1078491210938,464.8381042480469,-1024.0,-965.0,339.0,0.0,0.000637092860231197,1.671875,1.671875,12.0
infer(airway),CE027001-0005181567-133656-8318,F:\airway_segment_with_img\imgs\CE027001-0005181567-133656-8318.nii.gz,0.771484375,0.771484375,1.0,512,512,359,395.0,395.0,359.0,-1024.0,3071.0,-641.2424926757812,476.2360534667969,-1024.0,-951.0,389.0,0.0,0.0008288198778038977,1.54296875,1.54296875,12.0
infer(airway),CE027001-0004961751-CT01107710-4197,F:\airway_segment_with_img\imgs\CE027001-0004961751-CT01107710-4197.nii.gz,0.58984375,0.58984375,0.949999988079071,512,512,357,302.0,302.0,339.14999574422836,-1024.0,3071.0,-513.5590209960938,541.1072998046875,-1024.0,-838.0,1002.0,0.0,0.009775113136488482,1.1796875,1.1796875,11.399999856948853
infer(airway),CE027001-0004160263-11759-9479,F:\airway_segment_with_img\imgs\CE027001-0004160263-11759-9479.nii.gz,0.6855469942092896,0.6855469942092896,0.625,512,512,521,351.00006103515625,351.00006103515625,325.625,-2112618240.0,2130706560.0,-744517.375,15533858.0,-3024.0,0.0,534.0,0.13072439928098625,0.007186095834145878,1.371093988418579,1.371093988418579,7.5
infer(airway),CE027001-0004476869-12634-7805,F:\airway_segment_with_img\imgs\CE027001-0004476869-12634-7805.nii.gz,0.8105469942092896,0.8105469942092896,0.625,512,512,473,415.00006103515625,415.00006103515625,295.625,-33770.0,29744.0,-1059.4974365234375,1114.253173828125,-3024.0,-912.0,342.0,0.2157661410086274,0.00028301330162517637,1.621093988418579,1.621093988418579,7.5
infer(airway),CE027001-0008266388-CT01029574-1089,F:\airway_segment_with_img\imgs\CE027001-0008266388-CT01029574-1089.nii.gz,0.671875,0.671875,1.0,512,512,341,344.0,344.0,341.0,-1024.0,3071.0,-454.86480712890625,533.70849609375,-1024.0,-575.0,879.0,0.0,0.007125708984132146,1.34375,1.34375,12.0
infer(airway),CE027001-0006154660-CT01124407-0003,F:\airway_segment_with_img\imgs\CE027001-0006154660-CT01124407-0003.nii.gz,0.7109375,0.7109375,0.8999999761581421,512,512,310,364.0,364.0,278.99999260902405,-32768.0,32767.0,-442.5823059082031,3490.624755859375,-4356.0,-881.0,16381.0,0.010965331611223648,0.025285749962791332,1.421875,1.421875,10.799999713897705
infer(airway),CE027001-0006154660-CT01124407-4061,F:\airway_segment_with_img\imgs\CE027001-0006154660-CT01124407-4061.nii.gz,0.7109375,0.7109375,0.8999999761581421,512,512,310,364.0,364.0,278.99999260902405,-1024.0,3071.0,-620.1970825195312,471.1394348144531,-1024.0,-886.0,499.0,0.0,0.0015251770249714313,1.421875,1.421875,10.799999713897705
infer(airway),CE027001-00808156-29248-4213,F:\airway_segment_with_img\imgs\CE027001-00808156-29248-4213.nii.gz,0.669921875,0.669921875,1.5,512,512,167,343.0,343.0,250.5,-1024.0,2976.0,-559.7108764648438,492.81573486328125,-1024.0,-884.0,519.0,0.0,0.002539810805703971,1.33984375,1.33984375,18.0
infer(airway),CE027001-0006139032-CT01023183-3875,F:\airway_segment_with_img\imgs\CE027001-0006139032-CT01023183-3875.nii.gz,0.60546875,0.60546875,0.699999988079071,512,512,464,310.0,310.0,324.79999446868896,-1024.0,3071.0,-543.5419921875,510.5660400390625,-1024.0,-857.0,647.0,0.0,0.00468903427959884,1.2109375,1.2109375,8.399999856948853
infer(airway),CE027001-0006823254-CT10441011-9361,F:\airway_segment_with_img\imgs\CE027001-0006823254-CT10441011-9361.nii.gz,0.732421875,0.732421875,0.6499999761581421,512,512,462,375.0,375.0,300.29998898506165,-1024.0,2116.0,-655.1805419921875,449.3116149902344,-1024.0,-927.0,259.0,0.0,0.00024276991405844308,1.46484375,1.46484375,7.799999713897705
infer(airway),CE027001-0008989894-CT01315585-1644,F:\airway_segment_with_img\imgs\CE027001-0008989894-CT01315585-1644.nii.gz,0.826171875,0.826171875,0.8999999761581421,512,512,406,423.0,423.0,365.3999903202057,-1024.0,3071.0,-611.9484252929688,488.16156005859375,-1024.0,-904.0,468.0,0.0,0.002021883014914241,1.65234375,1.65234375,10.799999713897705
infer(airway),CE027001-0022473321-28720-9925,F:\airway_segment_with_img\imgs\CE027001-0022473321-28720-9925.nii.gz,0.703125,0.703125,1.25,512,512,221,360.0,360.0,276.25,-3024.0,3071.0,-920.3616943359375,1174.49755859375,-3024.0,-726.0,602.0,0.2127586512417412,0.004466594150628792,1.40625,1.40625,15.0
infer(airway),CE027001-01137515-6863-8429,F:\airway_segment_with_img\imgs\CE027001-01137515-6863-8429.nii.gz,0.78125,0.78125,1.0,512,512,330,400.0,400.0,330.0,-1024.0,3071.0,-527.014404296875,477.19635009765625,-1024.0,-792.0,395.0,0.0,0.0011739095052083334,1.5625,1.5625,12.0
infer(airway),CE027001-01129281-2788-4548,F:\airway_segment_with_img\imgs\CE027001-01129281-2788-4548.nii.gz,0.8203125,0.8203125,1.0,512,512,385,420.0,420.0,385.0,-1024.0,3071.0,-762.3871459960938,408.73992919921875,-1024.0,-983.0,269.0,0.0,0.0003860670230543662,1.640625,1.640625,12.0
infer(airway),CE027001-0008996652-CT01225279-9056,F:\airway_segment_with_img\imgs\CE027001-0008996652-CT01225279-9056.nii.gz,0.7109375,0.7109375,0.8999999761581421,512,512,330,364.0,364.0,296.9999921321869,-1024.0,3071.0,-610.5779418945312,477.8941650390625,-1024.0,-883.0,547.0,0.0,0.00265350341796875,1.421875,1.421875,10.799999713897705
infer(airway),CE027001-01168606-1816-2333,F:\airway_segment_with_img\imgs\CE027001-01168606-1816-2333.nii.gz,0.7246090173721313,0.7246090173721313,1.25,512,512,281,370.99981689453125,370.99981689453125,351.25,-3024.0,2229.0,-980.8238525390625,1136.7796630859375,-3024.0,-849.0,286.0,0.21274834520246846,0.0002601867115915691,1.4492180347442627,1.4492180347442627,15.0
infer(airway),CE027001-05691428-603-8313,F:\airway_segment_with_img\imgs\CE027001-05691428-603-8313.nii.gz,0.703125,0.703125,1.5,512,512,204,360.0,360.0,306.0,-1024.0,2976.0,-619.3161010742188,489.27520751953125,-1024.0,-948.0,540.0,0.0,0.002744056983486179,1.40625,1.40625,18.0
infer(airway),CE027001-04311938-148214-1612,F:\airway_segment_with_img\imgs\CE027001-04311938-148214-1612.nii.gz,0.6875,0.6875,1.0,512,512,276,352.0,352.0,276.0,-32768.0,32767.0,-369.0365295410156,1555.87890625,-1024.0,-88.0,395.0,0.002356487218051265,0.0034109743368927812,1.375,1.375,12.0
infer(airway),CE027001-02897113-018121-8003,F:\airway_segment_with_img\imgs\CE027001-02897113-018121-8003.nii.gz,0.703125,0.703125,1.0,512,512,340,360.0,360.0,340.0,-1247.0,2012.0,-566.445556640625,474.2593688964844,-1020.0,-888.0,396.0,0.005403293070334699,0.0004968081088777185,1.40625,1.40625,12.0
infer(airway),CE027001-01391906-3918-2567,F:\airway_segment_with_img\imgs\CE027001-01391906-3918-2567.nii.gz,0.904296875,0.904296875,1.0,512,512,405,463.0,463.0,405.0,-1024.0,3071.0,-736.7858276367188,433.55584716796875,-1024.0,-984.0,300.0,0.0,0.0010930379231770834,1.80859375,1.80859375,12.0
infer(airway),CE027001-1005355144-46997-1063,F:\airway_segment_with_img\imgs\CE027001-1005355144-46997-1063.nii.gz,0.8203120231628418,0.8203120231628418,1.25,512,512,281,419.999755859375,419.999755859375,351.25,-3024.0,1546.0,-1059.13232421875,1103.406982421875,-3024.0,-907.0,340.0,0.21274834520246846,0.0004897336752930114,1.6406240463256836,1.6406240463256836,15.0
infer(airway),CE027001-101746953-628-1222,F:\airway_segment_with_img\imgs\CE027001-101746953-628-1222.nii.gz,0.7753909826278687,0.7753909826278687,1.25,512,512,265,397.00018310546875,397.00018310546875,331.25,-3024.0,3071.0,-1009.052490234375,1146.3345947265625,-3024.0,-890.0,490.0,0.21579147573691118,0.0015583394842314485,1.5507819652557373,1.5507819652557373,15.0
infer(airway),CE027001-03991500-R01028207-1793,F:\airway_segment_with_img\imgs\CE027001-03991500-R01028207-1793.nii.gz,0.71875,0.71875,0.699999988079071,512,512,488,368.0,368.0,341.59999418258667,-1024.0,1522.0,-494.9452209472656,485.21612548828125,-1024.0,-773.0,395.0,0.0,0.0011646708504098361,1.4375,1.4375,8.399999856948853
infer(airway),CE027001-1088348-35085-4264,F:\airway_segment_with_img\imgs\CE027001-1088348-35085-4264.nii.gz,0.703125,0.703125,1.25,512,512,221,360.0,360.0,276.25,-3024.0,3071.0,-1085.4534912109375,1097.0120849609375,-3024.0,-975.0,385.0,0.2127586512417412,0.0017039433473876957,1.40625,1.40625,15.0
infer(airway),CE027001-100074446-366956-1952,F:\airway_segment_with_img\imgs\CE027001-100074446-366956-1952.nii.gz,0.68359375,0.68359375,1.0,512,512,300,350.0,350.0,300.0,-1023.0,12553.0,-710.1755981445312,486.2574157714844,-1023.0,-977.0,710.0,0.0,0.00321807861328125,1.3671875,1.3671875,12.0
infer(airway),CE027001-10180274-19567-5252,F:\airway_segment_with_img\imgs\CE027001-10180274-19567-5252.nii.gz,0.625,0.625,1.25,512,512,277,320.0,320.0,346.25,-3024.0,1852.0,-1055.8802490234375,1122.827880859375,-3024.0,-913.0,496.0,0.21579098086253617,0.0020009803631827767,1.25,1.25,15.0
infer(airway),CE027001-12009180249-xxx-1035,F:\airway_segment_with_img\imgs\CE027001-12009180249-xxx-1035.nii.gz,0.806640625,0.806640625,0.699999988079071,512,512,460,413.0,413.0,321.9999945163727,-1024.0,3071.0,-669.1184692382812,476.809326171875,-1024.0,-958.0,455.0,0.0,0.0022232631736563294,1.61328125,1.61328125,8.399999856948853
infer(airway),CE027001-12010100103-xxx-0065,F:\airway_segment_with_img\imgs\CE027001-12010100103-xxx-0065.nii.gz,0.849609375,0.849609375,0.699999988079071,512,512,483,435.0,435.0,338.0999942421913,-1024.0,3071.0,-722.2644653320312,453.0921630859375,-1024.0,-983.0,404.0,0.0,0.001645800983436853,1.69921875,1.69921875,8.399999856948853
infer(airway),CE027001-12010100103-xxx-4489,F:\airway_segment_with_img\imgs\CE027001-12010100103-xxx-4489.nii.gz,0.849609375,0.849609375,0.699999988079071,512,512,483,435.0,435.0,338.0999942421913,-1024.0,3071.0,-722.2644653320312,453.0921630859375,-1024.0,-983.0,404.0,0.0,0.001645800983436853,1.69921875,1.69921875,8.399999856948853
infer(airway),CE027001-1213062208-32269-4314,F:\airway_segment_with_img\imgs\CE027001-1213062208-32269-4314.nii.gz,0.703125,0.703125,1.25,512,512,233,360.0,360.0,291.25,-3024.0,2507.0,-971.896728515625,1142.381591796875,-3024.0,-840.0,355.0,0.21281332014420073,0.0006455840175322754,1.40625,1.40625,15.0
infer(airway),CE027001-12107220464-xxx-0729,F:\airway_segment_with_img\imgs\CE027001-12107220464-xxx-0729.nii.gz,0.84375,0.84375,1.0,512,512,286,432.0,432.0,286.0,-1024.0,3070.0,-622.7083129882812,489.77716064453125,-1024.0,-942.0,484.0,0.0,0.001142434866260614,1.6875,1.6875,12.0
infer(airway),CE027001-12110090198-xxx-9157,F:\airway_segment_with_img\imgs\CE027001-12110090198-xxx-9157.nii.gz,0.84375,0.84375,1.0,512,512,340,432.0,432.0,340.0,-1024.0,3071.0,-617.1975708007812,490.92340087890625,-1024.0,-950.0,432.0,0.0,0.0013445121889648015,1.6875,1.6875,12.0
infer(airway),CE027001-1214002265-33454,F:\airway_segment_with_img\imgs\CE027001-1214002265-33454.nii.gz,0.703125,0.703125,1.25,512,512,241,360.0,360.0,301.25,-3024.0,2082.0,-1141.825927734375,1089.93212890625,-3024.0,-973.0,417.0,0.2234139976659751,0.001559055692427386,1.40625,1.40625,15.0
infer(airway),CE027001-12104240142-xxx-2038,F:\airway_segment_with_img\imgs\CE027001-12104240142-xxx-2038.nii.gz,0.84375,0.84375,0.699999988079071,512,512,491,432.0,432.0,343.6999941468239,-1024.0,3071.0,-717.7293090820312,451.5143127441406,-1024.0,-981.0,352.0,0.0,0.0009625309817816014,1.6875,1.6875,8.399999856948853
infer(airway),CE027001-12104240142-xxx-9698,F:\airway_segment_with_img\imgs\CE027001-12104240142-xxx-9698.nii.gz,0.84375,0.84375,0.699999988079071,512,512,491,432.0,432.0,343.6999941468239,-1024.0,3071.0,-711.0321655273438,458.254150390625,-1024.0,-981.0,443.0,0.0,0.0011397861625818857,1.6875,1.6875,8.399999856948853
infer(airway),CE027001-12104090457-xxx-0219,F:\airway_segment_with_img\imgs\CE027001-12104090457-xxx-0219.nii.gz,0.84375,0.84375,0.699999988079071,512,512,467,432.0,432.0,326.8999944329262,-32177.0,25856.0,-610.0289306640625,490.4205627441406,-1024.0,-927.0,367.0,6.0773740882039686e-06,0.0007044689463909767,1.6875,1.6875,8.399999856948853
infer(airway),CE027001-12107220464-xxx-9053,F:\airway_segment_with_img\imgs\CE027001-12107220464-xxx-9053.nii.gz,0.84375,0.84375,0.699999988079071,512,512,408,432.0,432.0,285.599995136261,-1024.0,1587.0,-624.569580078125,486.6059875488281,-1024.0,-943.0,486.0,0.0,0.0012511082254054741,1.6875,1.6875,8.399999856948853
infer(airway),CE027001-12109030462-41023-5003,F:\airway_segment_with_img\imgs\CE027001-12109030462-41023-5003.nii.gz,0.8789060115814209,0.8789060115814209,0.8999999761581421,512,512,328,449.9998779296875,449.9998779296875,295.1999921798706,-3024.0,3071.0,-1191.1390380859375,1039.5506591796875,-3024.0,-990.0,279.0,0.21578146949581695,0.00027055262248507333,1.7578120231628418,1.7578120231628418,10.799999713897705
infer(airway),CE027001-1214005460-15010,F:\airway_segment_with_img\imgs\CE027001-1214005460-15010.nii.gz,0.703125,0.703125,1.25,512,512,233,360.0,360.0,291.25,-3024.0,1573.0,-1077.827392578125,1096.611572265625,-3024.0,-909.0,392.0,0.21274581804173864,0.0006034586453190845,1.40625,1.40625,15.0
infer(airway),CE027001-1214005617-15047,F:\airway_segment_with_img\imgs\CE027001-1214005617-15047.nii.gz,0.703125,0.703125,1.25,512,512,233,360.0,360.0,291.25,-1094795520.0,1946213632.0,-37207312.0,64594172.0,-198115328.0,-3024.0,22478848.0,0.5361580340951597,0.1245824893455798,1.40625,1.40625,15.0
infer(airway),CE027001-1214007331-35623,F:\airway_segment_with_img\imgs\CE027001-1214007331-35623.nii.gz,0.703125,0.703125,1.25,512,512,209,360.0,360.0,261.25,-3024.0,5499.0,-1007.7335205078125,1135.8140869140625,-3024.0,-899.0,433.0,0.2148229842010959,0.001383439003474185,1.40625,1.40625,15.0
infer(airway),CE027001-1214012695-12376,F:\airway_segment_with_img\imgs\CE027001-1214012695-12376.nii.gz,0.8457030057907104,0.8457030057907104,1.25,512,512,241,432.99993896484375,432.99993896484375,301.25,-3024.0,1755.0,-1123.359130859375,1092.702880859375,-3024.0,-970.0,225.0,0.22216796875,0.00025882958376556017,1.691406011581421,1.691406011581421,15.0
infer(airway),CE027001-1214028937-43600,F:\airway_segment_with_img\imgs\CE027001-1214028937-43600.nii.gz,0.703125,0.703125,1.25,512,512,241,360.0,360.0,301.25,-3024.0,8282.0,-1093.093505859375,1131.4837646484375,-3024.0,-915.0,616.0,0.22325647124610995,0.002794954292012448,1.40625,1.40625,15.0
infer(airway),CE027001-1214031942-35422,F:\airway_segment_with_img\imgs\CE027001-1214031942-35422.nii.gz,0.703125,0.703125,1.25,512,512,237,360.0,360.0,296.25,-3024.0,3071.0,-1060.8065185546875,1136.4940185546875,-3024.0,-917.0,523.0,0.22216796875,0.001428789227320675,1.40625,1.40625,15.0
infer(airway),CE027001-1214030923-23084,F:\airway_segment_with_img\imgs\CE027001-1214030923-23084.nii.gz,0.703125,0.703125,1.25,512,512,241,360.0,360.0,301.25,-3024.0,3071.0,-1147.7965087890625,1084.3544921875,-3024.0,-961.0,391.0,0.22216796875,0.0007329283908195021,1.40625,1.40625,15.0
infer(airway),CE027001-140573-PROCID-4123,F:\airway_segment_with_img\imgs\CE027001-140573-PROCID-4123.nii.gz,0.669921875,0.669921875,1.399999976158142,512,512,228,343.0,343.0,319.1999945640564,-1024.0,3071.0,-593.4608764648438,479.4050598144531,-1023.0,-890.0,485.0,0.0,0.001663408280400242,1.33984375,1.33984375,16.799999713897705
infer(airway),CE027001-140573-PROCID-3894,F:\airway_segment_with_img\imgs\CE027001-140573-PROCID-3894.nii.gz,0.669921875,0.669921875,1.399999976158142,512,512,228,343.0,343.0,319.1999945640564,-1024.0,3071.0,-588.721435546875,479.9585876464844,-1024.0,-882.0,493.0,0.0,0.002502641426094027,1.33984375,1.33984375,16.799999713897705
infer(airway),CE027001-1214031233-23256,F:\airway_segment_with_img\imgs\CE027001-1214031233-23256.nii.gz,0.703125,0.703125,1.25,512,512,257,360.0,360.0,321.25,-3024.0,1581.0,-1118.1690673828125,1075.3038330078125,-3024.0,-945.0,382.0,0.21274225952951828,0.00039414565019144576,1.40625,1.40625,15.0
infer(airway),CE027001-1214033774-T125,F:\airway_segment_with_img\imgs\CE027001-1214033774-T125.nii.gz,0.703125,0.703125,1.25,512,512,257,360.0,360.0,321.25,-3024.0,7315.0,-1042.1199951171875,1116.520263671875,-3024.0,-897.0,423.0,0.21357798961494343,0.0007650765757877488,1.40625,1.40625,15.0
infer(airway),CE027001-1513008493-T125,F:\airway_segment_with_img\imgs\CE027001-1513008493-T125.nii.gz,0.7421879768371582,0.7421879768371582,1.25,512,512,241,380.000244140625,380.000244140625,301.25,-3024.0,3071.0,-1158.86474609375,1076.875732421875,-3024.0,-967.0,388.0,0.22216796875,0.0009264174338692946,1.4843759536743164,1.4843759536743164,15.0
infer(airway),CE027001-1286689-24843-0544,F:\airway_segment_with_img\imgs\CE027001-1286689-24843-0544.nii.gz,0.7597659826278687,0.7597659826278687,1.25,512,512,317,389.00018310546875,389.00018310546875,396.25,-3024.0,1762.0,-1057.40576171875,1119.5823974609375,-3024.0,-915.0,376.0,0.21577770544698074,0.0011963221811374309,1.5195319652557373,1.5195319652557373,15.0
infer(airway),CE027001-1513026491-T125,F:\airway_segment_with_img\imgs\CE027001-1513026491-T125.nii.gz,0.7480469942092896,0.7480469942092896,1.25,512,512,265,383.00006103515625,383.00006103515625,331.25,-3024.0,3071.0,-1025.692626953125,1122.9471435546875,-3024.0,-886.0,361.0,0.21275389773806494,0.0004952627588100594,1.496093988418579,1.496093988418579,15.0
infer(airway),CE027001-1286689-24843-8433,F:\airway_segment_with_img\imgs\CE027001-1286689-24843-8433.nii.gz,0.7597659826278687,0.7597659826278687,1.25,512,512,317,389.00018310546875,389.00018310546875,396.25,-3024.0,2865.0,-1052.0443115234375,1131.084228515625,-3024.0,-930.0,562.0,0.21577770544698074,0.003330193008666892,1.5195319652557373,1.5195319652557373,15.0
infer(airway),CE027001-1514006393-8641,F:\airway_segment_with_img\imgs\CE027001-1514006393-8641.nii.gz,0.68359375,0.68359375,1.25,512,512,277,350.0,350.0,346.25,-32260.0,32764.0,-467.3636169433594,502.58709716796875,-1024.0,-570.0,496.0,7.643164106886083e-06,0.0018577984222471107,1.3671875,1.3671875,15.0
infer(airway),CE027001-1514011283-9492,F:\airway_segment_with_img\imgs\CE027001-1514011283-9492.nii.gz,0.68359375,0.68359375,1.2499998807907104,512,512,269,350.0,350.0,336.2499679327011,-1024.0,1963.0,-473.92218017578125,497.6711120605469,-1024.0,-713.0,497.0,0.0,0.0023504198235755687,1.3671875,1.3671875,14.999998569488525
infer(airway),CE027001-1514013386-T125,F:\airway_segment_with_img\imgs\CE027001-1514013386-T125.nii.gz,0.607421875,0.607421875,1.25,512,512,249,311.0,311.0,311.25,-1024.0,2724.0,-555.4876098632812,481.57159423828125,-1024.0,-862.0,417.0,0.0,0.0008589501697677852,1.21484375,1.21484375,15.0
infer(airway),CE027001-1514013703-T125,F:\airway_segment_with_img\imgs\CE027001-1514013703-T125.nii.gz,0.712890625,0.712890625,1.2499998807907104,512,512,257,365.0,365.0,321.2499693632126,-1024.0,1977.0,-542.77197265625,497.89990234375,-1024.0,-892.0,483.0,0.0,0.001975270262291061,1.42578125,1.42578125,14.999998569488525
infer(airway),CE027001-1514029670-27849,F:\airway_segment_with_img\imgs\CE027001-1514029670-27849.nii.gz,0.6679689884185791,0.6679689884185791,1.2605042457580566,512,512,239,342.0001220703125,342.0001220703125,301.26051473617554,-1911816192.0,2030043136.0,797.9216918945312,3316357.5,-3024.0,0.0,283.0,0.1286467867416318,0.000244140625,1.3359379768371582,1.3359379768371582,15.12605094909668
infer(airway),CE027001-1514015176-10156,F:\airway_segment_with_img\imgs\CE027001-1514015176-10156.nii.gz,0.68359375,0.68359375,1.25,512,512,281,350.0,350.0,351.25,-1024.0,2088.0,-603.4407348632812,503.57489013671875,-1024.0,-918.0,593.0,0.0,0.003560740537591957,1.3671875,1.3671875,15.0
infer(airway),CE027001-1514023124-13501,F:\airway_segment_with_img\imgs\CE027001-1514023124-13501.nii.gz,0.6953120231628418,0.6953120231628418,1.25,512,512,289,355.999755859375,355.999755859375,361.25,-3024.0,1678.0,-1036.9041748046875,1118.36962890625,-3024.0,-899.0,409.0,0.2127598530352239,0.0013547845060002258,1.3906240463256836,1.3906240463256836,15.0
infer(airway),CE027001-1514016213-T125,F:\airway_segment_with_img\imgs\CE027001-1514016213-T125.nii.gz,0.7167969942092896,0.7167969942092896,1.25,512,512,273,367.00006103515625,367.00006103515625,341.25,-3024.0,2108.0,-1005.5073852539062,1131.0992431640625,-3024.0,-880.0,357.0,0.21291939438389557,0.0005110854226968207,1.433593988418579,1.433593988418579,15.0
infer(airway),CE027001-1514027806-T125,F:\airway_segment_with_img\imgs\CE027001-1514027806-T125.nii.gz,0.6523439884185791,0.6523439884185791,1.25,512,512,249,334.0001220703125,334.0001220703125,311.25,-3024.0,3071.0,-1046.4678955078125,1108.85791015625,-3024.0,-889.0,319.0,0.21274259401940146,0.0005080900062487487,1.3046879768371582,1.3046879768371582,15.0
infer(airway),CE027001-1514016696-T125,F:\airway_segment_with_img\imgs\CE027001-1514016696-T125.nii.gz,0.6875,0.6875,1.25,512,512,297,352.0,352.0,371.25,-3024.0,1544.0,-1057.392578125,1111.2183837890625,-3024.0,-898.0,437.0,0.2127616303533287,0.001016866967752794,1.375,1.375,15.0
infer(airway),CE027001-1514023650-T125,F:\airway_segment_with_img\imgs\CE027001-1514023650-T125.nii.gz,0.7207030057907104,0.7207030057907104,1.25,512,512,289,368.99993896484375,368.99993896484375,361.25,-3024.0,2772.0,-1070.701416015625,1105.7952880859375,-3024.0,-912.0,462.0,0.2127598530352239,0.0014069494777233,1.441406011581421,1.441406011581421,15.0
infer(airway),CE027001-1514031181-T125,F:\airway_segment_with_img\imgs\CE027001-1514031181-T125.nii.gz,0.6992189884185791,0.6992189884185791,1.25,512,512,265,358.0001220703125,358.0001220703125,331.25,-3024.0,1746.0,-1050.19384765625,1115.43994140625,-3024.0,-903.0,573.0,0.21275389773806494,0.003057731112124365,1.3984379768371582,1.3984379768371582,15.0
infer(airway),CE027001-1514025751-14171,F:\airway_segment_with_img\imgs\CE027001-1514025751-14171.nii.gz,0.7753909826278687,0.7753909826278687,1.268882155418396,512,512,332,397.00018310546875,397.00018310546875,421.26887559890747,-3024.0,1765.0,-1091.044921875,1095.868408203125,-3024.0,-960.0,386.0,0.21292156303652787,0.0009175953844193821,1.5507819652557373,1.5507819652557373,15.226585865020752
infer(airway),CE027001-1514036751-30132,F:\airway_segment_with_img\imgs\CE027001-1514036751-30132.nii.gz,0.7421879768371582,0.7421879768371582,1.25,512,512,241,380.000244140625,380.000244140625,301.25,-3024.0,1438.0,-1001.1962280273438,1155.12548828125,-3024.0,-862.0,374.0,0.22216796875,0.0004123038770746888,1.4843759536743164,1.4843759536743164,15.0
infer(airway),CE027001-1514036910-16659,F:\airway_segment_with_img\imgs\CE027001-1514036910-16659.nii.gz,0.7421879768371582,0.7421879768371582,1.25,512,512,233,380.000244140625,380.000244140625,291.25,-3024.0,3071.0,-1135.9788818359375,1065.524658203125,-3024.0,-979.0,348.0,0.21274581804173864,0.0011708823336847164,1.4843759536743164,1.4843759536743164,15.0
infer(airway),CE027001-1514051504-T125,F:\airway_segment_with_img\imgs\CE027001-1514051504-T125.nii.gz,0.7226560115814209,0.7226560115814209,1.25,512,512,257,369.9998779296875,369.9998779296875,321.25,-1895825408.0,1987452160.0,6220.65673828125,5429693.5,-3024.0,0.0,56.0,0.03521269986742374,0.0016103953518065346,1.4453120231628418,1.4453120231628418,15.0
infer(airway),CE027001-1514038936-17083,F:\airway_segment_with_img\imgs\CE027001-1514038936-17083.nii.gz,0.6933590173721313,0.6933590173721313,1.25,512,512,241,354.99981689453125,354.99981689453125,301.25,-3024.0,3071.0,-1067.06494140625,1126.906494140625,-3024.0,-893.0,402.0,0.22216796875,0.0020458173949688798,1.3867180347442627,1.3867180347442627,15.0
infer(airway),CE027001-1514040563-T125,F:\airway_segment_with_img\imgs\CE027001-1514040563-T125.nii.gz,0.71484375,0.71484375,1.2499998807907104,512,512,277,366.0,366.0,346.2499669790268,-1024.0,2288.0,-509.1557922363281,506.8059387207031,-1024.0,-829.0,592.0,0.0,0.003365030384125046,1.4296875,1.4296875,14.999998569488525
infer(airway),CE027001-1514042605-32088,F:\airway_segment_with_img\imgs\CE027001-1514042605-32088.nii.gz,0.7421879768371582,0.7421879768371582,1.25,512,512,273,380.000244140625,380.000244140625,341.25,-3024.0,1532.0,-1038.0914306640625,1122.697265625,-3024.0,-902.0,464.0,0.21291939438389557,0.0011831426320698054,1.4843759536743164,1.4843759536743164,15.0
infer(airway),CE027001-1514044224-T125,F:\airway_segment_with_img\imgs\CE027001-1514044224-T125.nii.gz,0.703125,0.703125,1.25,512,512,237,360.0,360.0,296.25,-3024.0,3071.0,-1084.220947265625,1119.8255615234375,-3024.0,-916.0,415.0,0.22216796875,0.0010687590651371308,1.40625,1.40625,15.0
infer(airway),CE027001-1514059095-T125,F:\airway_segment_with_img\imgs\CE027001-1514059095-T125.nii.gz,0.7421879768371582,0.7421879768371582,1.25,512,512,217,380.000244140625,380.000244140625,271.25,-3024.0,3071.0,-1062.3218994140625,1105.35400390625,-3024.0,-899.0,414.0,0.21276473176210173,0.001259711015869504,1.4843759536743164,1.4843759536743164,15.0
infer(airway),CE027001-1514051997-T125,F:\airway_segment_with_img\imgs\CE027001-1514051997-T125.nii.gz,0.8105469942092896,0.8105469942092896,1.25,512,512,257,415.00006103515625,415.00006103515625,321.25,-3288.0,13197.0,-1109.5347900390625,1077.616943359375,-3024.0,-963.0,256.0,0.21830824208516675,0.0007877866324569101,1.621093988418579,1.621093988418579,15.0
infer(airway),CE027001-1514064166-T125,F:\airway_segment_with_img\imgs\CE027001-1514064166-T125.nii.gz,0.6425780057907104,0.6425780057907104,1.25,512,512,233,328.99993896484375,328.99993896484375,291.25,-3262.0,19570.0,-1100.087646484375,1092.979248046875,-3024.0,-925.0,561.0,0.2168243661273435,0.003243146125810723,1.285156011581421,1.285156011581421,15.0
infer(airway),CE027001-1514052178-T125,F:\airway_segment_with_img\imgs\CE027001-1514052178-T125.nii.gz,0.7421879768371582,0.7421879768371582,1.25,512,512,249,380.000244140625,380.000244140625,311.25,-3024.0,1732.0,-1019.9246826171875,1129.5220947265625,-3024.0,-895.0,425.0,0.21595645289474802,0.0008933283990463075,1.4843759536743164,1.4843759536743164,15.0
infer(airway),CE027001-1514047668-T125,F:\airway_segment_with_img\imgs\CE027001-1514047668-T125.nii.gz,0.6835939884185791,0.6835939884185791,1.25,512,512,281,350.0001220703125,350.0001220703125,351.25,-3024.0,1635.0,-1075.0765380859375,1100.2298583984375,-3024.0,-917.0,341.0,0.21274834520246846,0.00036717468373250394,1.3671879768371582,1.3671879768371582,15.0
infer(airway),CE027001-1514045793-18687,F:\airway_segment_with_img\imgs\CE027001-1514045793-18687.nii.gz,0.7421879768371582,0.7421879768371582,1.25,512,512,289,380.000244140625,380.000244140625,361.25,-3024.0,1808.0,-1064.629150390625,1107.73388671875,-3024.0,-909.0,439.0,0.2159499416905965,0.0016507204032753583,1.4843759536743164,1.4843759536743164,15.0
infer(airway),CE027001-1515019206-T125,F:\airway_segment_with_img\imgs\CE027001-1515019206-T125.nii.gz,0.68359375,0.68359375,1.25,512,512,265,350.0,350.0,331.25,-29652.0,32111.0,-275.4364318847656,448.1757507324219,-1024.0,0.0,165.0,9.068900975158768e-06,5.491723368290588e-05,1.3671875,1.3671875,15.0
infer(airway),CE027001-1514064483-T125,F:\airway_segment_with_img\imgs\CE027001-1514064483-T125.nii.gz,0.7421879768371582,0.7421879768371582,1.25,512,512,289,380.000244140625,380.000244140625,361.25,-3024.0,1842.0,-1019.7324829101562,1125.7611083984375,-3024.0,-904.0,336.0,0.2156615295873199,0.0008015348539756981,1.4843759536743164,1.4843759536743164,15.0
infer(airway),CE027001-1514071339-T125,F:\airway_segment_with_img\imgs\CE027001-1514071339-T125.nii.gz,0.7421879768371582,0.7421879768371582,1.25,512,512,281,380.000244140625,380.000244140625,351.25,-3024.0,1548.0,-1095.732177734375,1084.9110107421875,-3024.0,-914.0,331.0,0.21274834520246846,0.00030890893364636106,1.4843759536743164,1.4843759536743164,15.0
infer(airway),CE027001-1514071034-T125,F:\airway_segment_with_img\imgs\CE027001-1514071034-T125.nii.gz,0.7421879768371582,0.7421879768371582,1.25,512,512,257,380.000244140625,380.000244140625,321.25,-3024.0,1473.0,-939.6072387695312,1159.0299072265625,-3024.0,-815.0,454.0,0.21274225952951828,0.0007302544888950346,1.4843759536743164,1.4843759536743164,15.0
infer(airway),CE027001-1514075269-T125,F:\airway_segment_with_img\imgs\CE027001-1514075269-T125.nii.gz,0.7832030057907104,0.7832030057907104,1.25,512,512,289,400.99993896484375,400.99993896484375,361.25,-3024.0,1935.0,-1140.72314453125,1064.7916259765625,-3024.0,-979.0,384.0,0.2149603119866578,0.0011551531719061533,1.566406011581421,1.566406011581421,15.0
infer(airway),CE027001-1515020231-T125,F:\airway_segment_with_img\imgs\CE027001-1515020231-T125.nii.gz,0.703125,0.703125,1.25,512,512,257,360.0,360.0,321.25,-3024.0,1634.0,-981.2766723632812,1144.7279052734375,-3024.0,-869.0,472.0,0.21274225952951828,0.001220791712948921,1.40625,1.40625,15.0
infer(airway),CE027001-1515029657-T125,F:\airway_segment_with_img\imgs\CE027001-1515029657-T125.nii.gz,0.7421879768371582,0.7421879768371582,1.25,512,512,225,380.000244140625,380.000244140625,281.25,-3024.0,3071.0,-1153.235107421875,1055.596435546875,-3024.0,-988.0,385.0,0.2127532958984375,0.0009801228841145833,1.4843759536743164,1.4843759536743164,15.0
infer(airway),CE027001-1515026566-T125,F:\airway_segment_with_img\imgs\CE027001-1515026566-T125.nii.gz,0.8125,0.8125,1.25,512,512,273,416.0,416.0,341.25,-3024.0,5352.0,-1067.8768310546875,1100.05126953125,-3024.0,-910.0,300.0,0.22014199723732172,0.0007168274875422928,1.625,1.625,15.0
infer(airway),CE027001-1516017221-25935,F:\airway_segment_with_img\imgs\CE027001-1516017221-25935.nii.gz,0.7148439884185791,0.7148439884185791,1.25,512,512,257,366.0001220703125,366.0001220703125,321.25,-3024.0,3071.0,-1109.056884765625,1082.239013671875,-3024.0,-991.0,358.0,0.21274225952951828,0.001031036572779928,1.4296879768371582,1.4296879768371582,15.0
infer(airway),CE027001-1516017139-25905,F:\airway_segment_with_img\imgs\CE027001-1516017139-25905.nii.gz,0.7421879768371582,0.7421879768371582,1.25,512,512,257,380.000244140625,380.000244140625,321.25,-3024.0,2023.0,-1027.9276123046875,1123.3802490234375,-3024.0,-888.0,357.0,0.21274225952951828,0.0005117332769451038,1.4843759536743164,1.4843759536743164,15.0
infer(airway),CE027001-1516016358-25624,F:\airway_segment_with_img\imgs\CE027001-1516016358-25624.nii.gz,0.7988280057907104,0.7988280057907104,1.25,512,512,281,408.99993896484375,408.99993896484375,351.25,-3024.0,3071.0,-1094.91748046875,1083.7313232421875,-3024.0,-929.0,251.0,0.21274834520246846,0.0003440693000776542,1.597656011581421,1.597656011581421,15.0
infer(airway),CE027001-15211202115-0-6511,F:\airway_segment_with_img\imgs\CE027001-15211202115-0-6511.nii.gz,0.7170000076293945,0.7170000076293945,1.0,512,512,340,367.10400390625,367.10400390625,340.0,-2048.0,6422.0,-896.5218505859375,744.4403076171875,-2048.0,-986.0,390.0,0.2188131738969749,0.0010425901878378951,1.434000015258789,1.434000015258789,12.0
infer(airway),CE027001-1515042440-T125,F:\airway_segment_with_img\imgs\CE027001-1515042440-T125.nii.gz,0.7421879768371582,0.7421879768371582,1.25,512,512,321,380.000244140625,380.000244140625,401.25,-3024.0,1791.0,-1078.7696533203125,1100.4398193359375,-3024.0,-921.0,417.0,0.21558395369087185,0.0012969253976624683,1.4843759536743164,1.4843759536743164,15.0
infer(airway),CE027001-156539-27125-6148,F:\airway_segment_with_img\imgs\CE027001-156539-27125-6148.nii.gz,0.8203120231628418,0.8203120231628418,1.25,512,512,259,419.999755859375,419.999755859375,323.75,-3024.0,3287.0,-1087.04736328125,1090.88623046875,-3024.0,-931.0,280.0,0.2128091196396853,0.0002508862393655032,1.6406240463256836,1.6406240463256836,15.0
infer(airway),CE027001-1906264614-CT2102180263-5251,F:\airway_segment_with_img\imgs\CE027001-1906264614-CT2102180263-5251.nii.gz,0.7820000052452087,0.7820000052452087,2.0,512,512,163,400.3840026855469,400.3840026855469,326.0,-2048.0,2365.0,-904.4542846679688,743.2151489257812,-2048.0,-982.0,410.0,0.28564308695743956,0.0010987262704215577,1.5640000104904175,1.5640000104904175,24.0
infer(airway),CE027001-1516017322-25997,F:\airway_segment_with_img\imgs\CE027001-1516017322-25997.nii.gz,0.7558590173721313,0.7558590173721313,1.25,512,512,313,386.99981689453125,386.99981689453125,391.25,-3024.0,1551.0,-1048.2725830078125,1115.3564453125,-3024.0,-915.0,359.0,0.2127506338308259,0.0005072694112450009,1.5117180347442627,1.5117180347442627,15.0
infer(airway),CE027001-16137703-19387-1494,F:\airway_segment_with_img\imgs\CE027001-16137703-19387-1494.nii.gz,0.7421879768371582,0.7421879768371582,1.25,512,512,277,380.000244140625,380.000244140625,346.25,-3024.0,3071.0,-1053.1739501953125,1118.0511474609375,-3024.0,-944.0,516.0,0.21275460653500722,0.002623133921483304,1.4843759536743164,1.4843759536743164,15.0
infer(airway),CE027001-1CT007871-3542588-2688,F:\airway_segment_with_img\imgs\CE027001-1CT007871-3542588-2688.nii.gz,0.69921875,0.69921875,2.0,512,512,156,358.0,358.0,312.0,-1024.0,3071.0,-524.9600830078125,488.82867431640625,-1020.0,-826.0,374.0,0.0,0.0011020070290178067,1.3984375,1.3984375,24.0
infer(airway),CE027001-1CT007871-3542588-4757,F:\airway_segment_with_img\imgs\CE027001-1CT007871-3542588-4757.nii.gz,0.69921875,0.69921875,2.0,512,512,183,358.0,358.0,366.0,-1024.0,3071.0,-533.1249389648438,479.2274169921875,-1020.0,-850.0,343.0,0.0,0.0010230892994364754,1.3984375,1.3984375,24.0
infer(airway),CE027001-2012212046-CT2102030162-4507,F:\airway_segment_with_img\imgs\CE027001-2012212046-CT2102030162-4507.nii.gz,0.9649999737739563,0.9649999737739563,2.0,512,512,149,494.0799865722656,494.0799865722656,298.0,-2048.0,1771.0,-862.775146484375,758.5548706054688,-2048.0,-977.0,355.0,0.30220387071403443,0.0008397453523423007,1.9299999475479126,1.9299999475479126,24.0
infer(airway),CE027001-1CT007871-3542588-4573,F:\airway_segment_with_img\imgs\CE027001-1CT007871-3542588-4573.nii.gz,0.69921875,0.69921875,2.0,512,512,183,358.0,358.0,366.0,-1024.0,3071.0,-524.8828735351562,505.67425537109375,-1024.0,-860.0,714.0,0.0,0.0033929543417008197,1.3984375,1.3984375,24.0
infer(airway),CE027001-1CT008091-3545221-5241,F:\airway_segment_with_img\imgs\CE027001-1CT008091-3545221-5241.nii.gz,0.611328125,0.611328125,2.0,512,512,167,313.0,313.0,334.0,-1024.0,3071.0,-566.3323364257812,483.4622497558594,-1017.0,-866.0,405.0,0.0,0.0007708883608923409,1.22265625,1.22265625,24.0
infer(airway),CE027001-1CT008091-3545221-6812,F:\airway_segment_with_img\imgs\CE027001-1CT008091-3545221-6812.nii.gz,0.611328125,0.611328125,2.0,512,512,167,313.0,313.0,334.0,-1024.0,3071.0,-557.4769897460938,496.39971923828125,-1017.0,-847.0,440.0,0.0,0.0013538287120234463,1.22265625,1.22265625,24.0
infer(airway),CE027001-1754693-R03645114-9012,F:\airway_segment_with_img\imgs\CE027001-1754693-R03645114-9012.nii.gz,0.744140625,0.744140625,0.699999988079071,512,512,436,381.0,381.0,305.199994802475,-1024.0,2168.0,-570.3807373046875,472.27001953125,-1024.0,-858.0,427.0,0.0,0.001153455800263879,1.48828125,1.48828125,8.399999856948853
infer(airway),CE027001-2004141007-7833-2579,F:\airway_segment_with_img\imgs\CE027001-2004141007-7833-2579.nii.gz,0.703125,0.703125,1.2000000476837158,512,512,264,360.0,360.0,316.800012588501,-3024.0,1657.0,-1009.4598388671875,1131.962646484375,-3024.0,-876.0,415.0,0.21275466984269073,0.0006352048105638202,1.40625,1.40625,14.40000057220459
infer(airway),CE027001-2110271335-13315-2694,F:\airway_segment_with_img\imgs\CE027001-2110271335-13315-2694.nii.gz,0.7988280057907104,0.7988280057907104,1.25,512,512,253,408.99993896484375,408.99993896484375,316.25,-3024.0,3071.0,-1021.4205322265625,1152.1021728515625,-3024.0,-882.0,772.0,0.21276337239703486,0.006961233633744476,1.597656011581421,1.597656011581421,15.0
infer(airway),CE027001-1750858-14362-2385,F:\airway_segment_with_img\imgs\CE027001-1750858-14362-2385.nii.gz,0.7792969942092896,0.7792969942092896,0.625,512,512,529,399.00006103515625,399.00006103515625,330.625,-3024.0,3071.0,-1106.737060546875,1086.87548828125,-3024.0,-955.0,443.0,0.21275630218166033,0.001940880134877288,1.558593988418579,1.558593988418579,7.5
infer(airway),CE027001-2100750198-38160-8464,F:\airway_segment_with_img\imgs\CE027001-2100750198-38160-8464.nii.gz,0.7519530057907104,0.7519530057907104,1.25,512,512,304,384.99993896484375,384.99993896484375,380.0,-3024.0,2488.0,-1089.3441162109375,1109.1190185546875,-3024.0,-952.0,605.0,0.21356224856258738,0.0037394060618532897,1.503906011581421,1.503906011581421,15.0
infer(airway),CE027001-1757344-16491-2575,F:\airway_segment_with_img\imgs\CE027001-1757344-16491-2575.nii.gz,0.7597659826278687,0.7597659826278687,0.625,512,512,513,389.00018310546875,389.00018310546875,320.625,-3024.0,3071.0,-1128.2261962890625,1074.5413818359375,-3024.0,-969.0,442.0,0.21291626509496644,0.001821862962329962,1.5195319652557373,1.5195319652557373,7.5
infer(airway),CE027001-202204080006-084476-0003,F:\airway_segment_with_img\imgs\CE027001-202204080006-084476-0003.nii.gz,0.7539060115814209,0.7539060115814209,0.75,512,512,470,385.9998779296875,385.9998779296875,352.5,-1024.0,3071.0,-585.4319458007812,503.96441650390625,-1024.0,-893.0,769.0,0.0,0.006216721743580608,1.5078120231628418,1.5078120231628418,9.0
infer(airway),CE027001-2207040546-17053-1364,F:\airway_segment_with_img\imgs\CE027001-2207040546-17053-1364.nii.gz,0.9609379768371582,0.9609379768371582,1.2499960660934448,512,512,257,492.000244140625,492.000244140625,321.2489889860153,-3024.0,3071.0,-1114.247314453125,1087.767822265625,-3024.0,-982.0,311.0,0.21576269706651674,0.000972999761292071,1.9218759536743164,1.9218759536743164,14.999952793121338
infer(airway),CE027001-2203284234-0-9824,F:\airway_segment_with_img\imgs\CE027001-2203284234-0-9824.nii.gz,0.6980000138282776,0.6980000138282776,1.0,512,512,336,357.3760070800781,357.3760070800781,336.0,-2048.0,5911.0,-796.0624389648438,789.8480224609375,-2048.0,-882.0,440.0,0.226491333655539,0.0009073529306580046,1.3960000276565552,1.3960000276565552,12.0
infer(airway),CE027001-2200056523-209-6263,F:\airway_segment_with_img\imgs\CE027001-2200056523-209-6263.nii.gz,0.68359375,0.68359375,1.0,512,512,320,350.0,350.0,320.0,-1024.0,3071.0,-552.1275024414062,497.79638671875,-1024.0,-876.0,450.0,0.0,0.0007860659053676786,1.3671875,1.3671875,12.0
infer(airway),CE027001-2200422505-30593-7994,F:\airway_segment_with_img\imgs\CE027001-2200422505-30593-7994.nii.gz,0.625,0.625,1.0,512,512,351,320.0,320.0,351.0,-3024.0,2518.0,-1066.581787109375,1118.605712890625,-3024.0,-945.0,586.0,0.21274915539246284,0.0039111943828363084,1.25,1.25,12.0
infer(airway),CE027001-2119320-12290597416974356-0021,F:\airway_segment_with_img\imgs\CE027001-2119320-12290597416974356-0021.nii.gz,0.79296875,0.79296875,0.5,512,512,719,406.0,406.0,359.5,-32768.0,32767.0,-499.52301025390625,918.8179931640625,-1024.0,-870.0,527.0,0.0004385043071707551,0.0034979538985805063,1.5859375,1.5859375,6.0
infer(airway),CE027001-2207290007-CT20220729094852-0155,F:\airway_segment_with_img\imgs\CE027001-2207290007-CT20220729094852-0155.nii.gz,0.658203125,0.658203125,1.0,512,512,295,337.0,337.0,295.0,-1024.0,2331.0,-577.4522094726562,494.5366516113281,-1024.0,-889.0,528.0,0.0,0.0042917264490880715,1.31640625,1.31640625,12.0
infer(airway),CE027001-232110210030-S202110211255-5009,F:\airway_segment_with_img\imgs\CE027001-232110210030-S202110211255-5009.nii.gz,0.703125,0.703125,1.0,512,512,301,360.0,360.0,301.0,-3000.0,1998.0,-990.8936767578125,1140.12548828125,-3000.0,-880.0,493.0,0.28645303690395685,0.001851331772645103,1.40625,1.40625,12.0
infer(airway),CE027001-232110210030-S202110211255-8424,F:\airway_segment_with_img\imgs\CE027001-232110210030-S202110211255-8424.nii.gz,0.703125,0.703125,1.0,512,512,301,360.0,360.0,301.0,-3000.0,1506.0,-991.5681762695312,1132.2786865234375,-3000.0,-867.0,367.0,0.21550931394267767,0.0005383664683869385,1.40625,1.40625,12.0
infer(airway),CE027001-282725-21127-7382,F:\airway_segment_with_img\imgs\CE027001-282725-21127-7382.nii.gz,0.703125,0.703125,0.7999998927116394,512,512,375,360.0,360.0,299.9999597668648,-50365952.0,1409245952.0,-1241.6075439453125,1154594.125,-1023.0,0.0,321.0,0.00020802815755208333,0.0011540730794270834,1.40625,1.40625,9.599998712539673
infer(airway),CE027001-275848-R03738908-0538,F:\airway_segment_with_img\imgs\CE027001-275848-R03738908-0538.nii.gz,0.740234375,0.740234375,1.0,512,512,338,379.0,379.0,338.0,-1024.0,2052.0,-535.9781494140625,492.1980285644531,-1024.0,-847.0,478.0,0.0,0.002333172337331824,1.48046875,1.48046875,12.0
infer(airway),CE027001-275848-R03738908-0949,F:\airway_segment_with_img\imgs\CE027001-275848-R03738908-0949.nii.gz,0.740234375,0.740234375,1.0,512,512,353,379.0,379.0,353.0,-1024.0,3071.0,-546.1585083007812,492.9385986328125,-1024.0,-867.0,408.0,0.0,0.0008827402940469884,1.48046875,1.48046875,12.0
infer(airway),CE027001-2742479-1577-1816,F:\airway_segment_with_img\imgs\CE027001-2742479-1577-1816.nii.gz,0.8125000596046448,0.8125000596046448,1.0,512,512,415,416.0000305175781,416.0000305175781,415.0,-1024.0,1689.0,-582.1819458007812,470.1304931640625,-1024.0,-905.0,346.0,0.0,0.0007204261282631512,1.6250001192092896,1.6250001192092896,12.0
infer(airway),CE027001-2782747-2796393-7079,F:\airway_segment_with_img\imgs\CE027001-2782747-2796393-7079.nii.gz,0.666015625,0.666015625,0.699999988079071,512,512,443,341.0,341.0,310.0999947190285,-1024.0,2141.0,-537.2012329101562,484.9180603027344,-1024.0,-848.0,491.0,0.0,0.0032520416074362573,1.33203125,1.33203125,8.399999856948853
infer(airway),CE027001-40918529-5943-3269,F:\airway_segment_with_img\imgs\CE027001-40918529-5943-3269.nii.gz,0.6835938096046448,0.6835938096046448,3.0,512,512,128,350.0000305175781,350.0000305175781,384.0,-1024.0,2122.0,-523.610107421875,498.60003662109375,-1024.0,-877.0,488.0,0.0,0.0017499319836801364,1.3671876192092896,1.3671876192092896,36.0
infer(airway),CE027001-2826281-2897028-0487,F:\airway_segment_with_img\imgs\CE027001-2826281-2897028-0487.nii.gz,0.705078125,0.705078125,0.699999988079071,512,512,499,361.0,361.0,349.29999405145645,-1024.0,2415.0,-611.2191772460938,468.8645935058594,-1024.0,-908.0,376.0,0.0,0.0014813559048380196,1.41015625,1.41015625,8.399999856948853
infer(airway),CE027001-2970219-3264608-2021,F:\airway_segment_with_img\imgs\CE027001-2970219-3264608-2021.nii.gz,0.73046875,0.73046875,1.0,512,512,450,374.0,374.0,450.0,-1024.0,3071.0,-623.1245727539062,481.24365234375,-1024.0,-926.0,338.0,0.0,0.00028458480627226916,1.4609375,1.4609375,12.0
infer(airway),CE027001-2827330-2898754-2788,F:\airway_segment_with_img\imgs\CE027001-2827330-2898754-2788.nii.gz,0.73828125,0.73828125,0.699999988079071,512,512,500,378.0,378.0,349.9999940395355,-1024.0,2180.0,-537.7310791015625,498.10394287109375,-1024.0,-855.0,519.0,0.0,0.0031133871113930935,1.4765625,1.4765625,8.399999856948853
infer(airway),CE027001-2970219-3264608-4215,F:\airway_segment_with_img\imgs\CE027001-2970219-3264608-4215.nii.gz,0.703125,0.703125,1.0,512,512,447,360.0,360.0,447.0,-1024.0,2256.0,-583.9930419921875,488.6732482910156,-1024.0,-912.0,373.0,0.0,0.001060886421711164,1.40625,1.40625,12.0
infer(airway),CE027001-2970219-3264608-9702,F:\airway_segment_with_img\imgs\CE027001-2970219-3264608-9702.nii.gz,0.73046875,0.73046875,1.0,512,512,450,374.0,374.0,450.0,-1024.0,3071.0,-623.3536987304688,482.1761779785156,-1024.0,-925.0,340.0,0.0,0.0004351296686412551,1.4609375,1.4609375,12.0
infer(airway),CE027001-3190299-4875-2256,F:\airway_segment_with_img\imgs\CE027001-3190299-4875-2256.nii.gz,0.78125,0.78125,1.0,512,512,305,400.0,400.0,305.0,-1024.0,3071.0,-655.4408569335938,465.094482421875,-1024.0,-928.0,458.0,0.0,0.0028961681928790983,1.5625,1.5625,12.0
infer(airway),CE027001-2827330-2907778-6797,F:\airway_segment_with_img\imgs\CE027001-2827330-2907778-6797.nii.gz,0.658203125,0.658203125,0.699999988079071,512,512,493,337.0,337.0,345.099994122982,-1024.0,2267.0,-467.2555847167969,504.4972229003906,-1024.0,-720.0,600.0,0.0,0.003881279227787887,1.31640625,1.31640625,8.399999856948853
infer(airway),CE027001-2951641-13538-8121,F:\airway_segment_with_img\imgs\CE027001-2951641-13538-8121.nii.gz,0.75,0.75,0.699999988079071,512,512,482,384.0,384.0,337.39999425411224,-1024.0,1507.0,-569.7479248046875,484.30206298828125,-1024.0,-895.0,388.0,0.0,0.00042496677256224067,1.5,1.5,8.399999856948853
infer(airway),CE027001-4235908-11621-8063,F:\airway_segment_with_img\imgs\CE027001-4235908-11621-8063.nii.gz,0.703125,0.703125,1.25,512,512,265,360.0,360.0,331.25,-3024.0,3071.0,-1085.0482177734375,1097.857177734375,-3024.0,-957.0,430.0,0.21275389773806494,0.0012963490116157507,1.40625,1.40625,15.0
infer(airway),CE027001-4262305-25985-7863,F:\airway_segment_with_img\imgs\CE027001-4262305-25985-7863.nii.gz,0.6738280057907104,0.6738280057907104,1.25,512,512,245,344.99993896484375,344.99993896484375,306.25,-3024.0,3792.0,-970.8134765625,1156.6932373046875,-3024.0,-855.0,352.0,0.2189756456229791,0.0007070111770451557,1.347656011581421,1.347656011581421,15.0
infer(airway),CE027001-4262969-26040-4418,F:\airway_segment_with_img\imgs\CE027001-4262969-26040-4418.nii.gz,0.6816409826278687,0.6816409826278687,1.25,512,512,245,349.00018310546875,349.00018310546875,306.25,-3024.0,5634.0,-1050.0328369140625,1125.75244140625,-3024.0,-907.0,413.0,0.21837961875860964,0.0009993726303436248,1.3632819652557373,1.3632819652557373,15.0
infer(airway),CE027001-4263075-26049-2118,F:\airway_segment_with_img\imgs\CE027001-4263075-26049-2118.nii.gz,0.703125,0.703125,1.25,512,512,245,360.0,360.0,306.25,-3024.0,15404.0,-1007.319091796875,1147.5201416015625,-3024.0,-884.0,652.0,0.2562021476492135,0.003899865431520881,1.40625,1.40625,15.0
infer(airway),CE027001-4317583-34482-2497,F:\airway_segment_with_img\imgs\CE027001-4317583-34482-2497.nii.gz,0.703125,0.703125,1.25,512,512,269,360.0,360.0,336.25,-2147483648.0,2147483648.0,6175946.0,119615136.0,-3024.0,0.0,176.0,0.040874025359416664,0.007145194580965173,1.40625,1.40625,15.0
infer(airway),CE027001-4271299-31135-8557,F:\airway_segment_with_img\imgs\CE027001-4271299-31135-8557.nii.gz,0.8457030057907104,0.8457030057907104,1.25,512,512,357,432.99993896484375,432.99993896484375,446.25,-1982922752.0,1893466112.0,52782.375,7757970.5,-3024.0,0.0,152.0,0.08528263907966084,0.004326080176618978,1.691406011581421,1.691406011581421,15.0
infer(airway),CE027001-48481373-6006684-3108,F:\airway_segment_with_img\imgs\CE027001-48481373-6006684-3108.nii.gz,0.599609375,0.599609375,3.0,512,512,132,307.0,307.0,396.0,-1024.0,2122.0,-534.1275024414062,478.0230407714844,-1024.0,-834.0,411.0,0.0,0.0013025452691701475,1.19921875,1.19921875,36.0
infer(airway),CE027001-4282168-17003-2497,F:\airway_segment_with_img\imgs\CE027001-4282168-17003-2497.nii.gz,0.703125,0.703125,1.25,512,512,249,360.0,360.0,311.25,-3024.0,3071.0,-1096.4326171875,1086.6240234375,-3024.0,-940.0,319.0,0.21274259401940146,0.0003847328306022864,1.40625,1.40625,15.0
infer(airway),CE027001-4279649-31735-2497,F:\airway_segment_with_img\imgs\CE027001-4279649-31735-2497.nii.gz,0.7597659826278687,0.7597659826278687,1.25,512,512,285,389.00018310546875,389.00018310546875,356.25,-3024.0,2098.0,-1031.5299072265625,1122.8975830078125,-3024.0,-902.0,339.0,0.2127532958984375,0.00036773681640625,1.5195319652557373,1.5195319652557373,15.0
infer(airway),CE027001-5322658-R02780817-1403,F:\airway_segment_with_img\imgs\CE027001-5322658-R02780817-1403.nii.gz,0.64453125,0.64453125,1.0,512,512,251,330.0,330.0,251.0,-1024.0,3071.0,-532.2523803710938,480.48321533203125,-1022.0,-793.0,424.0,0.0,0.0009569262805659707,1.2890625,1.2890625,12.0
infer(airway),CE027001-5212051-R02640593-0951,F:\airway_segment_with_img\imgs\CE027001-5212051-R02640593-0951.nii.gz,0.837890625,0.837890625,1.0,512,512,325,429.0,429.0,325.0,-1024.0,3071.0,-589.6621704101562,476.8943176269531,-1024.0,-887.0,349.0,0.0,0.0004073040158560879,1.67578125,1.67578125,12.0
infer(airway),CE027001-52441-50425-5103,F:\airway_segment_with_img\imgs\CE027001-52441-50425-5103.nii.gz,0.603515625,0.603515625,1.25,512,512,234,309.0,309.0,292.5,-1023.0,3033.0,-476.9100646972656,478.56634521484375,-1023.0,-532.0,471.0,0.0,0.0010981597107286615,1.20703125,1.20703125,15.0
infer(airway),CE027001-62210271946-1-6168,F:\airway_segment_with_img\imgs\CE027001-62210271946-1-6168.nii.gz,0.689453125,0.689453125,0.699999988079071,512,512,503,353.0,353.0,352.09999400377274,-32610.0,32767.0,-64.42948913574219,880.7274780273438,-1008.0,0.0,76.0,0.0005370757451988532,0.0017734010859641535,1.37890625,1.37890625,8.399999856948853
infer(airway),CE027001-5636456-R03804979-6594,F:\airway_segment_with_img\imgs\CE027001-5636456-R03804979-6594.nii.gz,0.826171875,0.826171875,0.699999988079071,512,512,408,423.0,423.0,285.599995136261,-32768.0,32767.0,-458.8234558105469,2447.81591796875,-1024.0,-859.0,6140.0,0.004890328600192665,0.014305448126972844,1.65234375,1.65234375,8.399999856948853
infer(airway),CE027001-61610191019-xxx-9146,F:\airway_segment_with_img\imgs\CE027001-61610191019-xxx-9146.nii.gz,0.6640625,0.6640625,0.699999988079071,512,512,475,340.0,340.0,332.49999433755875,-1024.0,2066.0,-548.7833862304688,490.6107177734375,-1023.0,-886.0,574.0,0.0,0.0030781949553828694,1.328125,1.328125,8.399999856948853
infer(airway),CE027001-4637635-705-7279,F:\airway_segment_with_img\imgs\CE027001-4637635-705-7279.nii.gz,0.68359375,0.68359375,0.625,512,512,480,350.0,350.0,300.0,-1526726656.0,1677737600.0,-595.22998046875,2690222.25,-1023.0,-792.0,994.0,9.51289949171076e-06,0.009549449052915753,1.3671875,1.3671875,7.5
infer(airway),CE027001-61910111209-xxx-7692,F:\airway_segment_with_img\imgs\CE027001-61910111209-xxx-7692.nii.gz,0.693359375,0.693359375,0.699999988079071,512,512,515,355.0,355.0,360.4999938607216,-1024.0,3071.0,-544.3297119140625,478.78515625,-1024.0,-879.0,458.0,0.0,0.0020404401024299926,1.38671875,1.38671875,8.399999856948853
infer(airway),CE027001-7285124525-4210-6304,F:\airway_segment_with_img\imgs\CE027001-7285124525-4210-6304.nii.gz,0.6445310115814209,0.6445310115814209,1.25,512,512,265,329.9998779296875,329.9998779296875,331.25,-3024.0,3071.0,-971.8087768554688,1159.500732421875,-3024.0,-882.0,667.0,0.21275389773806494,0.004214015986457108,1.2890620231628418,1.2890620231628418,15.0
infer(airway),CE027001-46146212-5371298-0517,F:\airway_segment_with_img\imgs\CE027001-46146212-5371298-0517.nii.gz,0.6771093606948853,0.6771093606948853,1.0,512,512,422,346.67999267578125,346.67999267578125,422.0,-1579.0,2367.0,-608.2950439453125,508.5466613769531,-1104.0,-937.0,505.0,0.126648554273649,0.003881660974272606,1.3542187213897705,1.3542187213897705,12.0
infer(airway),CE027001-7000006006-666711-0735,F:\airway_segment_with_img\imgs\CE027001-7000006006-666711-0735.nii.gz,0.6484375,0.6484375,0.699999988079071,512,512,515,332.0,332.0,360.4999938607216,-1024.0,1575.0,-607.1483764648438,484.20660400390625,-1015.0,-906.0,499.0,0.0,0.001136320136036056,1.296875,1.296875,8.399999856948853
infer(airway),CE027001-7289473374-25863-1649,F:\airway_segment_with_img\imgs\CE027001-7289473374-25863-1649.nii.gz,0.6445310115814209,0.6445310115814209,1.2500038146972656,512,512,265,329.9998779296875,329.9998779296875,331.2510108947754,-3024.0,2690.0,-945.509033203125,1188.9798583984375,-3024.0,-845.0,776.0,0.21579147573691118,0.006075155997692468,1.2890620231628418,1.2890620231628418,15.000045776367188
infer(airway),CE027001-62110200831-16117-8584,F:\airway_segment_with_img\imgs\CE027001-62110200831-16117-8584.nii.gz,0.703125,0.703125,0.699999988079071,512,512,451,360.0,360.0,315.69999462366104,-3024.0,3071.0,-976.2445678710938,1142.778564453125,-3024.0,-843.0,455.0,0.21292192138851532,0.0017244791798827679,1.40625,1.40625,8.399999856948853
infer(airway),CE027001-7296494878-31854-2134,F:\airway_segment_with_img\imgs\CE027001-7296494878-31854-2134.nii.gz,0.6445310115814209,0.6445310115814209,1.25,512,512,264,329.9998779296875,329.9998779296875,330.0,-3024.0,2706.0,-874.8507080078125,1193.754638671875,-3024.0,-217.0,615.0,0.21275466984269073,0.004015546334296761,1.2890620231628418,1.2890620231628418,15.0
infer(airway),CE027001-62110200831-16117-9267,F:\airway_segment_with_img\imgs\CE027001-62110200831-16117-9267.nii.gz,0.703125,0.703125,0.699999988079071,512,512,451,360.0,360.0,315.69999462366104,-3024.0,3071.0,-977.4351196289062,1142.315185546875,-3024.0,-844.0,458.0,0.21292192138851532,0.0017478241010936589,1.40625,1.40625,8.399999856948853
infer(airway),CE027001-793071-49389-1073,F:\airway_segment_with_img\imgs\CE027001-793071-49389-1073.nii.gz,0.84375,0.84375,1.25,512,512,277,432.0,432.0,346.25,-3024.0,3071.0,-1074.7900390625,1104.481201171875,-3024.0,-923.0,450.0,0.21275460653500722,0.0020804692698943917,1.6875,1.6875,15.0
infer(airway),CE027001-80101893-3771159-5832,F:\airway_segment_with_img\imgs\CE027001-80101893-3771159-5832.nii.gz,0.64453125,0.64453125,0.699999988079071,512,512,455,330.0,330.0,318.4999945759773,-32004.0,32509.0,-205.10536193847656,421.5744323730469,-1018.0,0.0,123.0,1.4588068167527363e-05,0.0001167045453402189,1.2890625,1.2890625,8.399999856948853
infer(airway),CE027001-7907320-13053729818022553-3078,F:\airway_segment_with_img\imgs\CE027001-7907320-13053729818022553-3078.nii.gz,0.755859375,0.755859375,0.5,512,512,675,387.0,387.0,337.5,-1024.0,3069.0,-683.0616455078125,470.4978332519531,-1024.0,-963.0,626.0,0.0,0.002785474690054326,1.51171875,1.51171875,6.0
infer(airway),CE027001-81098761-10283-2785,F:\airway_segment_with_img\imgs\CE027001-81098761-10283-2785.nii.gz,0.7050780057907104,0.7050780057907104,1.2499964237213135,512,512,281,360.99993896484375,360.99993896484375,351.2489950656891,-3024.0,1749.0,-1100.938232421875,1095.8980712890625,-3024.0,-945.0,427.0,0.21579624668111255,0.0018107588712115961,1.410156011581421,1.410156011581421,14.999957084655762
infer(airway),CE027001-81311080-24912-5262,F:\airway_segment_with_img\imgs\CE027001-81311080-24912-5262.nii.gz,0.7597659826278687,0.7597659826278687,1.250003695487976,512,512,273,389.00018310546875,389.00018310546875,341.25100886821747,-3024.0,1715.0,-1089.206787109375,1103.2525634765625,-3024.0,-968.0,334.0,0.2159421427155739,0.0005050489806964646,1.5195319652557373,1.5195319652557373,15.000044345855713
infer(airway),CE027001-81098761-10283-9063,F:\airway_segment_with_img\imgs\CE027001-81098761-10283-9063.nii.gz,0.7050780057907104,0.7050780057907104,1.2499964237213135,512,512,281,360.99993896484375,360.99993896484375,351.2489950656891,-3024.0,3071.0,-1094.849365234375,1108.6658935546875,-3024.0,-947.0,582.0,0.21579624668111255,0.00465523251550321,1.410156011581421,1.410156011581421,14.999957084655762
infer(airway),CE027001-80330198-27363-0001,F:\airway_segment_with_img\imgs\CE027001-80330198-27363-0001.nii.gz,0.73828125,0.73828125,1.0,512,512,315,378.0,378.0,315.0,-1023.0,1408.0,-556.3556518554688,480.5982666015625,-1014.0,-889.0,423.0,0.0,0.0009033203125,1.4765625,1.4765625,12.0
infer(airway),CE027001-81311080-24912-6975,F:\airway_segment_with_img\imgs\CE027001-81311080-24912-6975.nii.gz,0.7597659826278687,0.7597659826278687,1.250003695487976,512,512,273,389.00018310546875,389.00018310546875,341.25100886821747,-3024.0,3071.0,-1083.1199951171875,1114.9703369140625,-3024.0,-951.0,537.0,0.2159421427155739,0.0026681073641574185,1.5195319652557373,1.5195319652557373,15.000044345855713
infer(airway),CE027001-80330198-27363-0018,F:\airway_segment_with_img\imgs\CE027001-80330198-27363-0018.nii.gz,0.73828125,0.73828125,1.0,512,512,315,378.0,378.0,315.0,-1023.0,1408.0,-556.3556518554688,480.5982666015625,-1014.0,-889.0,423.0,0.0,0.0009033203125,1.4765625,1.4765625,12.0
infer(airway),CE027001-80150366-2709-4593,F:\airway_segment_with_img\imgs\CE027001-80150366-2709-4593.nii.gz,0.8261719942092896,0.8261719942092896,1.25,512,512,393,423.00006103515625,423.00006103515625,491.25,-3024.0,1755.0,-1075.5875244140625,1104.694580078125,-3024.0,-971.0,283.0,0.2159469696204934,0.0004608308886919267,1.652343988418579,1.652343988418579,15.0
infer(airway),CE027001-8147723-37886-9869,F:\airway_segment_with_img\imgs\CE027001-8147723-37886-9869.nii.gz,0.7070310115814209,0.7070310115814209,0.625,512,512,570,361.9998779296875,361.9998779296875,356.25,-2147419136.0,2138636288.0,-3287.345703125,9592008.0,-1024.0,0.0,212.0,6.876491684213433e-05,0.00046730027430676684,1.4140620231628418,1.4140620231628418,7.5
infer(airway),CE027001-81657973-13727-3394,F:\airway_segment_with_img\imgs\CE027001-81657973-13727-3394.nii.gz,0.7421879768371582,0.7421879768371582,1.25,512,512,237,380.000244140625,380.000244140625,296.25,-3024.0,2236.0,-1032.7275390625,1148.2481689453125,-3024.0,-921.0,440.0,0.2253309805181962,0.0019098595727848101,1.4843759536743164,1.4843759536743164,15.0
infer(airway),CE027001-81657973-13727-3395,F:\airway_segment_with_img\imgs\CE027001-81657973-13727-3395.nii.gz,0.7421879768371582,0.7421879768371582,1.25,512,512,237,380.000244140625,380.000244140625,296.25,-3024.0,1650.0,-1034.018310546875,1142.9193115234375,-3024.0,-898.0,315.0,0.22216796875,0.000637649986814346,1.4843759536743164,1.4843759536743164,15.0
infer(airway),CE027001-81325305-4021745-2956,F:\airway_segment_with_img\imgs\CE027001-81325305-4021745-2956.nii.gz,0.755859375,0.755859375,0.699999988079071,512,512,569,387.0,387.0,398.2999932169914,-1024.0,1903.0,-616.1782836914062,474.1813049316406,-1024.0,-916.0,354.0,0.0,0.0008502614641995173,1.51171875,1.51171875,8.399999856948853
infer(airway),CE027001-82011625-153-0011,F:\airway_segment_with_img\imgs\CE027001-82011625-153-0011.nii.gz,0.6699219942092896,0.6699219942092896,1.25,512,512,269,343.00006103515625,343.00006103515625,336.25,-3024.0,1864.0,-1091.109619140625,1107.8544921875,-3024.0,-976.0,492.0,0.2159466081001675,0.0014253631944880511,1.339843988418579,1.339843988418579,15.0
infer(airway),CE027001-82011625-153-0065,F:\airway_segment_with_img\imgs\CE027001-82011625-153-0065.nii.gz,0.6699219942092896,0.6699219942092896,1.25,512,512,269,343.00006103515625,343.00006103515625,336.25,-3024.0,29744.0,-1091.0928955078125,1108.0728759765625,-3024.0,-976.0,492.0,0.21594609758326402,0.001425873711391521,1.339843988418579,1.339843988418579,15.0
infer(airway),CE027001-82011625-153-1111,F:\airway_segment_with_img\imgs\CE027001-82011625-153-1111.nii.gz,0.6699219942092896,0.6699219942092896,1.25,512,512,269,343.00006103515625,343.00006103515625,336.25,-2147483648.0,2147483648.0,13446597.0,153592400.0,-3024.0,-970.0,822083584.0,0.21857066498400296,0.022995212882996163,1.339843988418579,1.339843988418579,15.0
infer(airway),CE027001-82113205-37208-2682,F:\airway_segment_with_img\imgs\CE027001-82113205-37208-2682.nii.gz,0.7050780057907104,0.7050780057907104,1.25,512,512,253,360.99993896484375,360.99993896484375,316.25,-3024.0,3071.0,-1053.75732421875,1119.1907958984375,-3024.0,-913.0,392.0,0.21578593911804209,0.001627141582848882,1.410156011581421,1.410156011581421,15.0
infer(airway),CE027001-82011625-153-9912,F:\airway_segment_with_img\imgs\CE027001-82011625-153-9912.nii.gz,0.6699219942092896,0.6699219942092896,1.25,512,512,269,343.00006103515625,343.00006103515625,336.25,-3024.0,1864.0,-1091.109619140625,1107.8544921875,-3024.0,-976.0,492.0,0.2159466081001675,0.0014253631944880511,1.339843988418579,1.339843988418579,15.0
infer(airway),CE027001-82113205-37208-8996,F:\airway_segment_with_img\imgs\CE027001-82113205-37208-8996.nii.gz,0.7050780057907104,0.7050780057907104,1.25,512,512,253,360.99993896484375,360.99993896484375,316.25,-3024.0,3071.0,-1048.0142822265625,1132.08154296875,-3024.0,-924.0,598.0,0.21578593911804209,0.004421580388176309,1.410156011581421,1.410156011581421,15.0
infer(airway),CE027001-82259719-290-7515,F:\airway_segment_with_img\imgs\CE027001-82259719-290-7515.nii.gz,0.68359375,0.68359375,1.0,512,512,326,350.0,350.0,326.0,-1024.0,1648.0,-601.2349243164062,462.8368225097656,-1015.0,-903.0,287.0,0.0,0.0002540985338766178,1.3671875,1.3671875,12.0
infer(airway),CE027001-82259017-1684-9747,F:\airway_segment_with_img\imgs\CE027001-82259017-1684-9747.nii.gz,0.8847659826278687,0.8847659826278687,1.0,512,512,306,453.00018310546875,453.00018310546875,306.0,-3024.0,3071.0,-1024.519775390625,1119.4505615234375,-3024.0,-897.0,281.0,0.2127258508860255,0.00038947298478397537,1.7695319652557373,1.7695319652557373,12.0
infer(airway),CE027001-82280262-3771413-0479,F:\airway_segment_with_img\imgs\CE027001-82280262-3771413-0479.nii.gz,0.740234375,0.740234375,0.699999988079071,512,512,476,379.0,379.0,333.1999943256378,-32768.0,32767.0,594.4139404296875,6727.25,-24833.0,-905.0,25596.0,0.028101970874119732,0.10977742592813247,1.48046875,1.48046875,8.399999856948853
infer(airway),CE027001-82285388-3780508-0065,F:\airway_segment_with_img\imgs\CE027001-82285388-3780508-0065.nii.gz,0.80078125,0.80078125,0.699999988079071,512,512,493,410.0,410.0,345.099994122982,-1024.0,3071.0,-653.0349731445312,468.1296081542969,-1024.0,-929.0,391.0,0.0,0.0007790723757734141,1.6015625,1.6015625,8.399999856948853
infer(airway),CE027001-82278008-3771297-7025,F:\airway_segment_with_img\imgs\CE027001-82278008-3771297-7025.nii.gz,0.724609375,0.724609375,0.699999988079071,512,512,549,371.0,371.0,384.29999345541,-1024.0,2031.0,-585.284912109375,486.0660095214844,-1024.0,-898.0,491.0,0.0,0.0012857405865778688,1.44921875,1.44921875,8.399999856948853
infer(airway),CE027001-82295809-3798837-5221,F:\airway_segment_with_img\imgs\CE027001-82295809-3798837-5221.nii.gz,0.689453125,0.689453125,0.699999988079071,512,512,471,353.0,353.0,329.69999438524246,-2324.0,1884.0,-543.044189453125,502.3715515136719,-1021.0,-874.0,502.0,5.021469291957765e-07,0.001714329616274381,1.37890625,1.37890625,8.399999856948853
infer(airway),CE027001-82328258-5571-0011,F:\airway_segment_with_img\imgs\CE027001-82328258-5571-0011.nii.gz,0.68359375,0.68359375,1.0,512,512,340,350.0,350.0,340.0,-1023.0,1776.0,-543.0321044921875,474.53253173828125,-1012.0,-888.0,338.0,0.0,0.0003049513188639655,1.3671875,1.3671875,12.0
infer(airway),CE027001-82328258-5571-0012,F:\airway_segment_with_img\imgs\CE027001-82328258-5571-0012.nii.gz,0.68359375,0.68359375,1.0,512,512,340,350.0,350.0,340.0,-1023.0,1776.0,-543.0321044921875,474.53253173828125,-1012.0,-888.0,338.0,0.0,0.0003049513188639655,1.3671875,1.3671875,12.0
infer(airway),CE027001-82290113-1002-4146,F:\airway_segment_with_img\imgs\CE027001-82290113-1002-4146.nii.gz,0.765625,0.765625,1.25,512,512,425,392.0,392.0,531.25,-3024.0,3071.0,-1027.159423828125,1128.906982421875,-3024.0,-908.0,287.0,0.21655040548161686,0.0007484345202730756,1.53125,1.53125,15.0
infer(airway),CE027001-82328258-5571-0065,F:\airway_segment_with_img\imgs\CE027001-82328258-5571-0065.nii.gz,0.68359375,0.68359375,1.0,512,512,340,350.0,350.0,340.0,-1023.0,1776.0,-543.0321044921875,474.53253173828125,-1012.0,-888.0,338.0,0.0,0.0003049513188639655,1.3671875,1.3671875,12.0
infer(airway),CE027001-82296299-3799888-1603,F:\airway_segment_with_img\imgs\CE027001-82296299-3799888-1603.nii.gz,0.712890625,0.712890625,0.699999988079071,512,512,498,365.0,365.0,348.5999940633774,-1024.0,3070.0,-614.4547729492188,487.3806457519531,-1023.0,-920.0,603.0,0.0,0.003824578007235606,1.42578125,1.42578125,8.399999856948853
infer(airway),CE027001-82332192-6287-7859,F:\airway_segment_with_img\imgs\CE027001-82332192-6287-7859.nii.gz,0.68359375,0.68359375,1.0,512,512,300,350.0,350.0,300.0,-1023.0,1799.0,-580.0598754882812,467.8529052734375,-1013.0,-883.0,316.0,0.0,0.00015716552734375,1.3671875,1.3671875,12.0
infer(airway),CE027001-82328258-5571-6496,F:\airway_segment_with_img\imgs\CE027001-82328258-5571-6496.nii.gz,0.68359375,0.68359375,1.0,512,512,340,350.0,350.0,340.0,-1023.0,1776.0,-543.0321044921875,474.53253173828125,-1012.0,-888.0,338.0,0.0,0.0003049513188639655,1.3671875,1.3671875,12.0
infer(airway),CE027001-82350087-12145-0001,F:\airway_segment_with_img\imgs\CE027001-82350087-12145-0001.nii.gz,0.68359375,0.68359375,1.0,512,512,335,350.0,350.0,335.0,-1023.0,1540.0,-593.4703979492188,481.08453369140625,-1012.0,-907.0,404.0,0.0,0.00069894331795157,1.3671875,1.3671875,12.0
infer(airway),CE027001-82350087-12145-0065,F:\airway_segment_with_img\imgs\CE027001-82350087-12145-0065.nii.gz,0.68359375,0.68359375,1.0,512,512,335,350.0,350.0,335.0,-1023.0,1540.0,-593.4703979492188,481.08453369140625,-1012.0,-907.0,404.0,0.0,0.00069894331795157,1.3671875,1.3671875,12.0
infer(airway),CE027001-82350087-12145-0011,F:\airway_segment_with_img\imgs\CE027001-82350087-12145-0011.nii.gz,0.68359375,0.68359375,1.0,512,512,335,350.0,350.0,335.0,-1023.0,1540.0,-593.4703979492188,481.08453369140625,-1012.0,-907.0,404.0,0.0,0.00069894331795157,1.3671875,1.3671875,12.0
infer(airway),CE027001-82350087-12145-4085,F:\airway_segment_with_img\imgs\CE027001-82350087-12145-4085.nii.gz,0.68359375,0.68359375,1.0,512,512,335,350.0,350.0,335.0,-1023.0,1540.0,-593.4703979492188,481.08453369140625,-1012.0,-907.0,404.0,0.0,0.00069894331795157,1.3671875,1.3671875,12.0
infer(airway),CE027001-82513928-3985366-5763,F:\airway_segment_with_img\imgs\CE027001-82513928-3985366-5763.nii.gz,0.7109375,0.7109375,0.699999988079071,512,512,467,364.0,364.0,326.8999944329262,-32227.0,28960.0,-444.5010681152344,491.12603759765625,-1021.0,-134.0,290.0,5.064478406836641e-06,0.0006006471390508256,1.421875,1.421875,8.399999856948853
infer(airway),CE027001-82359750-9068-2402,F:\airway_segment_with_img\imgs\CE027001-82359750-9068-2402.nii.gz,0.78125,0.78125,1.0,512,512,332,400.0,400.0,332.0,-1023.0,3010.0,-561.8652954101562,489.42999267578125,-1014.0,-896.0,477.0,0.0,0.0011739154174224822,1.5625,1.5625,12.0
infer(airway),CE027001-82350087-29956-0065,F:\airway_segment_with_img\imgs\CE027001-82350087-29956-0065.nii.gz,0.7265625,0.7265625,1.0,512,512,360,372.0,372.0,360.0,-1023.0,31768.0,-636.753173828125,469.3312072753906,-1014.0,-919.0,360.0,0.0,0.0006128946940104166,1.453125,1.453125,12.0
infer(airway),CE027001-82508277-3975814-9106,F:\airway_segment_with_img\imgs\CE027001-82508277-3975814-9106.nii.gz,0.646484375,0.646484375,0.699999988079071,512,512,413,331.0,331.0,289.09999507665634,-1024.0,3071.0,-591.2293090820312,481.85235595703125,-1020.0,-894.0,529.0,0.0,0.0020767461330255467,1.29296875,1.29296875,8.399999856948853
infer(airway),CE027001-82351817-3884145-2593,F:\airway_segment_with_img\imgs\CE027001-82351817-3884145-2593.nii.gz,0.703125,0.703125,0.699999988079071,512,512,451,360.0,360.0,315.69999462366104,-1024.0,3071.0,-619.581298828125,463.25555419921875,-1021.0,-924.0,289.0,0.0,0.00028775152883859015,1.40625,1.40625,8.399999856948853
infer(airway),CE027001-82516691-3988053-8401,F:\airway_segment_with_img\imgs\CE027001-82516691-3988053-8401.nii.gz,0.69921875,0.69921875,0.699999988079071,512,512,456,358.0,358.0,319.1999945640564,-1024.0,2890.0,-591.2816162109375,476.5491943359375,-1020.0,-900.0,474.0,0.0,0.0019339505444725806,1.3984375,1.3984375,8.399999856948853
infer(airway),CE027001-82513977-3991841-4187,F:\airway_segment_with_img\imgs\CE027001-82513977-3991841-4187.nii.gz,0.666015625,0.666015625,0.699999988079071,512,512,454,341.0,341.0,317.79999458789825,-1024.0,3071.0,-539.3523559570312,506.15826416015625,-1021.0,-872.0,664.0,0.0,0.00431447142683573,1.33203125,1.33203125,8.399999856948853
infer(airway),CE027001-82520235-3994529-6423,F:\airway_segment_with_img\imgs\CE027001-82520235-3994529-6423.nii.gz,0.744140625,0.744140625,0.699999988079071,512,512,426,381.0,381.0,298.19999492168427,-1024.0,3071.0,-549.869140625,477.9292907714844,-1024.0,-881.0,370.0,0.0,0.0012616796888124215,1.48828125,1.48828125,8.399999856948853
infer(airway),CE027001-82523237-4000055-5367,F:\airway_segment_with_img\imgs\CE027001-82523237-4000055-5367.nii.gz,0.697265625,0.697265625,0.699999988079071,512,512,513,357.0,357.0,359.09999388456345,-1024.0,2796.0,-590.0733642578125,472.0623474121094,-1021.0,-905.0,331.0,0.0,0.0006381324059007527,1.39453125,1.39453125,8.399999856948853
infer(airway),CE027001-82605038-9225-4319,F:\airway_segment_with_img\imgs\CE027001-82605038-9225-4319.nii.gz,0.744140625,0.744140625,1.0,512,512,331,381.0,381.0,331.0,-1024.0,1512.0,-548.81884765625,489.192138671875,-1024.0,-876.0,419.0,0.0,0.0008874068349595698,1.48828125,1.48828125,12.0
infer(airway),CE027001-82725539-1973-4112,F:\airway_segment_with_img\imgs\CE027001-82725539-1973-4112.nii.gz,0.6816409826278687,0.6816409826278687,1.25,512,512,265,349.00018310546875,349.00018310546875,331.25,-3024.0,3071.0,-1022.8875732421875,1131.447021484375,-3024.0,-895.0,343.0,0.21579147573691118,0.0006368383795889268,1.3632819652557373,1.3632819652557373,15.0
infer(airway),CE027001-82538199-6836-6975,F:\airway_segment_with_img\imgs\CE027001-82538199-6836-6975.nii.gz,0.744140625,0.744140625,1.0,512,512,335,381.0,381.0,335.0,-1023.0,1550.0,-665.9483032226562,458.75323486328125,-1013.0,-935.0,372.0,0.0,0.0013512904147063686,1.48828125,1.48828125,12.0
infer(airway),CE027001-C153058-5385-4295,F:\airway_segment_with_img\imgs\CE027001-C153058-5385-4295.nii.gz,0.720703125,0.720703125,1.0,512,512,270,369.0,369.0,270.0,-1024.0,3071.0,-534.489501953125,479.3899230957031,-1024.0,-844.0,422.0,0.0,0.0017176310221354166,1.44140625,1.44140625,12.0
infer(airway),CE027001-CT1864518-35459-3457,F:\airway_segment_with_img\imgs\CE027001-CT1864518-35459-3457.nii.gz,0.8574219942092896,0.8574219942092896,1.25,512,512,281,439.00006103515625,439.00006103515625,351.25,-3024.0,3071.0,-1101.805908203125,1103.972412109375,-3024.0,-982.0,443.0,0.21579624668111255,0.001690711334396181,1.714843988418579,1.714843988418579,15.0
infer(airway),CE027001-82731395-5379-4638,F:\airway_segment_with_img\imgs\CE027001-82731395-5379-4638.nii.gz,0.68359375,0.68359375,1.0,512,512,356,350.0,350.0,356.0,-1024.0,3071.0,-471.3180236816406,477.6806335449219,-1008.0,-645.0,426.0,0.0,0.0006456480200966759,1.3671875,1.3671875,12.0
infer(airway),CE027001-CT1865264-35598-4759,F:\airway_segment_with_img\imgs\CE027001-CT1865264-35598-4759.nii.gz,0.7304689884185791,0.7304689884185791,1.2499960660934448,512,512,257,374.0001220703125,374.0001220703125,321.2489889860153,-3024.0,3071.0,-1008.9622802734375,1143.8892822265625,-3024.0,-878.0,423.0,0.21576269706651674,0.0018990654054678751,1.4609379768371582,1.4609379768371582,14.999952793121338
infer(airway),CE027001-CT1864518-35459-4741,F:\airway_segment_with_img\imgs\CE027001-CT1864518-35459-4741.nii.gz,0.8574219942092896,0.8574219942092896,1.25,512,512,281,439.00006103515625,439.00006103515625,351.25,-3024.0,3071.0,-1102.3848876953125,1103.2978515625,-3024.0,-983.0,449.0,0.21579624668111255,0.0016746380240275898,1.714843988418579,1.714843988418579,15.0
infer(airway),CE027001-CT1864518-35459-6629,F:\airway_segment_with_img\imgs\CE027001-CT1864518-35459-6629.nii.gz,0.8574219942092896,0.8574219942092896,1.25,512,512,281,439.00006103515625,439.00006103515625,351.25,-3024.0,3071.0,-1104.868896484375,1101.7808837890625,-3024.0,-983.0,453.0,0.21579624668111255,0.0018780658583800716,1.714843988418579,1.714843988418579,15.0
infer(airway),CE027001-CT1864518-35459-9063,F:\airway_segment_with_img\imgs\CE027001-CT1864518-35459-9063.nii.gz,0.8574219942092896,0.8574219942092896,1.25,512,512,281,439.00006103515625,439.00006103515625,351.25,-3024.0,3071.0,-1096.1063232421875,1113.932373046875,-3024.0,-962.0,602.0,0.21579624668111255,0.0038681425983912625,1.714843988418579,1.714843988418579,15.0
infer(airway),CE027001-CT1865264-35598-5662,F:\airway_segment_with_img\imgs\CE027001-CT1865264-35598-5662.nii.gz,0.7304689884185791,0.7304689884185791,1.2499960660934448,512,512,257,374.0001220703125,374.0001220703125,321.2489889860153,-3024.0,3071.0,-1004.3444213867188,1146.6080322265625,-3024.0,-876.0,418.0,0.21576269706651674,0.0014978544043126902,1.4609379768371582,1.4609379768371582,14.999952793121338
infer(airway),CE027001-CT1865510-35928-8935,F:\airway_segment_with_img\imgs\CE027001-CT1865510-35928-8935.nii.gz,0.7519530057907104,0.7519530057907104,1.25,512,512,277,384.99993896484375,384.99993896484375,346.25,-3024.0,3071.0,-1072.6695556640625,1115.4769287109375,-3024.0,-956.0,441.0,0.21579098086253617,0.0017681186300596472,1.503906011581421,1.503906011581421,15.0
infer(airway),CE027001-CT1871049-9669-9784,F:\airway_segment_with_img\imgs\CE027001-CT1871049-9669-9784.nii.gz,0.7382810115814209,0.7382810115814209,1.25,512,512,245,377.9998779296875,377.9998779296875,306.25,-860619776.0,1543503872.0,1187.704833984375,1503377.375,-3024.0,0.0,101.0,0.027741967638824163,3.596713836712275e-05,1.4765620231628418,1.4765620231628418,15.0
infer(airway),CE027001-CT1865989-9060-1681,F:\airway_segment_with_img\imgs\CE027001-CT1865989-9060-1681.nii.gz,0.78125,0.78125,1.25,512,512,277,400.0,400.0,346.25,-3024.0,3071.0,-1080.9713134765625,1113.6390380859375,-3024.0,-951.0,537.0,0.21579098086253617,0.002880963324022261,1.5625,1.5625,15.0
infer(airway),CE027001-CT1865989-9060-9069,F:\airway_segment_with_img\imgs\CE027001-CT1865989-9060-9069.nii.gz,0.78125,0.78125,1.25,512,512,277,400.0,400.0,346.25,-3024.0,3071.0,-1083.2742919921875,1105.8382568359375,-3024.0,-959.0,437.0,0.21579098086253617,0.0010562852795716567,1.5625,1.5625,15.0
infer(airway),CE027001-838593-3751041-0599,F:\airway_segment_with_img\imgs\CE027001-838593-3751041-0599.nii.gz,0.6875,0.6875,0.699999988079071,512,512,575,352.0,352.0,402.49999314546585,-1024.0,2242.0,-640.728515625,478.989501953125,-1024.0,-930.0,446.0,0.0,0.0020223593991308543,1.375,1.375,8.399999856948853
infer(airway),CE027001-CT1867560-36320-1467,F:\airway_segment_with_img\imgs\CE027001-CT1867560-36320-1467.nii.gz,0.7441409826278687,0.7441409826278687,1.250003695487976,512,512,273,381.00018310546875,381.00018310546875,341.25100886821747,-3024.0,3071.0,-1122.6175537109375,1095.333740234375,-3024.0,-967.0,593.0,0.2159421427155739,0.0037259938247198336,1.4882819652557373,1.4882819652557373,15.000044345855713
infer(airway),CE027001-CT1867560-36320-2469,F:\airway_segment_with_img\imgs\CE027001-CT1867560-36320-2469.nii.gz,0.7441409826278687,0.7441409826278687,1.250003695487976,512,512,273,381.00018310546875,381.00018310546875,341.25100886821747,-3024.0,3071.0,-1134.98388671875,1080.9140625,-3024.0,-985.0,399.0,0.2159421427155739,0.0015880872829270305,1.4882819652557373,1.4882819652557373,15.000044345855713
infer(airway),CE027001-CT1867560-36320-6498,F:\airway_segment_with_img\imgs\CE027001-CT1867560-36320-6498.nii.gz,0.7441409826278687,0.7441409826278687,1.250003695487976,512,512,273,381.00018310546875,381.00018310546875,341.25100886821747,-200605440.0,1562771456.0,395182.1875,20572952.0,-3024.0,-984.0,440.0,0.22023254386732705,0.0031555500556861775,1.4882819652557373,1.4882819652557373,15.000044345855713
infer(airway),CE027001-CT1870978-36897-0331,F:\airway_segment_with_img\imgs\CE027001-CT1870978-36897-0331.nii.gz,0.8300780057907104,0.8300780057907104,1.2500038146972656,512,512,265,424.99993896484375,424.99993896484375,331.2510108947754,-3024.0,3071.0,-1109.9600830078125,1097.698486328125,-3024.0,-983.0,497.0,0.21579147573691118,0.0027362889553381817,1.660156011581421,1.660156011581421,15.000045776367188
infer(airway),CE027001-CT1873507-37254-8023,F:\airway_segment_with_img\imgs\CE027001-CT1873507-37254-8023.nii.gz,0.7441409826278687,0.7441409826278687,1.25,512,512,277,381.00018310546875,381.00018310546875,346.25,-3024.0,3071.0,-1089.7528076171875,1104.0560302734375,-3024.0,-925.0,457.0,0.21579098086253617,0.001599459475434361,1.4882819652557373,1.4882819652557373,15.0
infer(airway),CE027001-CT1871526-36967-9059,F:\airway_segment_with_img\imgs\CE027001-CT1871526-36967-9059.nii.gz,0.796875,0.796875,1.25,512,512,289,408.0,408.0,361.25,-3024.0,3071.0,-1158.946533203125,1068.376220703125,-3024.0,-985.0,457.0,0.21578792932649504,0.002182401845837461,1.59375,1.59375,15.0
infer(airway),CE027001-CT1875234-10002-6365,F:\airway_segment_with_img\imgs\CE027001-CT1875234-10002-6365.nii.gz,0.7617189884185791,0.7617189884185791,1.25,512,512,273,390.0001220703125,390.0001220703125,341.25,-3024.0,3071.0,-1125.00244140625,1083.27490234375,-3024.0,-968.0,367.0,0.2159421427155739,0.0011207660647327919,1.5234379768371582,1.5234379768371582,15.0
infer(airway),CE027001-CT1875792-47668-5553,F:\airway_segment_with_img\imgs\CE027001-CT1875792-47668-5553.nii.gz,0.7148439884185791,0.7148439884185791,1.25,512,512,232,366.0001220703125,366.0001220703125,290.0,-3024.0,3071.0,-958.7063598632812,1153.2711181640625,-3024.0,-813.0,399.0,0.21273470170023018,0.0011677741236341987,1.4296879768371582,1.4296879768371582,15.0
infer(airway),CE027001-CT1875459-37586-8352,F:\airway_segment_with_img\imgs\CE027001-CT1875459-37586-8352.nii.gz,0.6777340173721313,0.6777340173721313,1.25,512,512,293,346.99981689453125,346.99981689453125,366.25,-1946158080.0,1342177024.0,-415453.6875,11004746.0,-3024.0,-900.0,523.0,0.21974915724817345,0.003205985860962578,1.3554680347442627,1.3554680347442627,15.0
infer(airway),CE027001-CT1875792-47668-7534,F:\airway_segment_with_img\imgs\CE027001-CT1875792-47668-7534.nii.gz,0.7148439884185791,0.7148439884185791,1.25,512,512,232,366.0001220703125,366.0001220703125,290.0,-3024.0,3071.0,-975.4741821289062,1150.773681640625,-3024.0,-872.0,492.0,0.21273470170023018,0.00297779852914491,1.4296879768371582,1.4296879768371582,15.0
infer(airway),CE027001-CT1875792-47668-7535,F:\airway_segment_with_img\imgs\CE027001-CT1875792-47668-7535.nii.gz,0.7148439884185791,0.7148439884185791,1.25,512,512,229,366.0001220703125,366.0001220703125,286.25,-3024.0,3071.0,-977.2193603515625,1141.873046875,-3024.0,-855.0,353.0,0.21273710497995335,0.00068422976900403,1.4296879768371582,1.4296879768371582,15.0
infer(airway),CE027001-CT1881703-38815-5319,F:\airway_segment_with_img\imgs\CE027001-CT1881703-38815-5319.nii.gz,0.7636719942092896,0.7636719942092896,1.25,512,512,277,391.00006103515625,391.00006103515625,346.25,-3024.0,3071.0,-1063.67431640625,1118.0484619140625,-3024.0,-954.0,402.0,0.21579098086253617,0.00134927323700229,1.527343988418579,1.527343988418579,15.0
infer(airway),CE027001-CT1878313-38184-7296,F:\airway_segment_with_img\imgs\CE027001-CT1878313-38184-7296.nii.gz,0.8378909826278687,0.8378909826278687,1.25,512,512,289,429.00018310546875,429.00018310546875,361.25,-32683.0,3071.0,-1104.859130859375,1105.8402099609375,-3024.0,-986.0,501.0,0.21578843091276162,0.002178890741971485,1.6757819652557373,1.6757819652557373,15.0
infer(airway),CE027001-CT1884855-11221-8464,F:\airway_segment_with_img\imgs\CE027001-CT1884855-11221-8464.nii.gz,0.6445310115814209,0.6445310115814209,1.25,512,512,245,329.9998779296875,329.9998779296875,306.25,-3024.0,3071.0,-955.2063598632812,1162.867919921875,-3024.0,-818.0,391.0,0.21577970847092906,0.0009438804740057783,1.2890620231628418,1.2890620231628418,15.0
infer(airway),CE027001-CT1881743-10923-7734,F:\airway_segment_with_img\imgs\CE027001-CT1881743-10923-7734.nii.gz,0.7226560115814209,0.7226560115814209,1.25,512,512,285,369.9998779296875,369.9998779296875,356.25,-3024.0,3071.0,-955.4349975585938,1163.095703125,-3024.0,-815.0,442.0,0.2157745361328125,0.0015899658203125,1.4453120231628418,1.4453120231628418,15.0
infer(airway),CE027001-CT2022054821-1885582-7073,F:\airway_segment_with_img\imgs\CE027001-CT2022054821-1885582-7073.nii.gz,0.61328125,0.61328125,1.0,512,512,283,314.0,314.0,283.0,-32715.0,32767.0,-462.3829650878906,1003.0158081054688,-1020.0,-332.0,313.0,0.0009163630477753481,0.0021687429537623386,1.2265625,1.2265625,12.0
infer(airway),CE571001-1863898-29614-4,F:\airway_segment_with_img\imgs\CE571001-1863898-29614-4.nii.gz,0.7324219942092896,0.7324219942092896,2.5,512,512,145,375.00006103515625,375.00006103515625,362.5,-3024.0,2911.0,-1129.6529541015625,1091.7982177734375,-3024.0,-951.0,658.0,0.3806268100080819,0.002451403387661638,1.464843988418579,1.464843988418579,30.0
infer(airway),CE027001-CT2022056854-1910037-3602,F:\airway_segment_with_img\imgs\CE027001-CT2022056854-1910037-3602.nii.gz,0.61328125,0.61328125,1.0,512,512,290,314.0,314.0,290.0,-1024.0,3071.0,-599.4148559570312,481.9508361816406,-1020.0,-925.0,448.0,0.0,0.0008095313336849169,1.2265625,1.2265625,12.0
infer(airway),CE027001-CT22120572-46275-1137,F:\airway_segment_with_img\imgs\CE027001-CT22120572-46275-1137.nii.gz,0.6738280057907104,0.6738280057907104,1.25,512,512,245,344.99993896484375,344.99993896484375,306.25,-3024.0,3071.0,-1012.1041259765625,1149.274169921875,-3024.0,-893.0,499.0,0.21577970847092906,0.0019370873092007536,1.347656011581421,1.347656011581421,15.0
infer(airway),CE571001-1963643-49490-4,F:\airway_segment_with_img\imgs\CE571001-1963643-49490-4.nii.gz,0.703125,0.703125,2.5,512,512,145,360.0,360.0,362.5,-3024.0,3071.0,-1097.3570556640625,1103.7401123046875,-3024.0,-963.0,605.0,0.212921142578125,0.0034111286031788795,1.40625,1.40625,30.0
infer(airway),CE571001-1963647-49504-4,F:\airway_segment_with_img\imgs\CE571001-1963647-49504-4.nii.gz,0.703125,0.703125,2.5,512,512,123,360.0,360.0,307.5,-3024.0,3071.0,-1003.5131225585938,1142.0106201171875,-3024.0,-882.0,576.0,0.21275285510697853,0.0027627091209998056,1.40625,1.40625,30.0
infer(airway),CE027001-CT221031369-breast-2741,F:\airway_segment_with_img\imgs\CE027001-CT221031369-breast-2741.nii.gz,0.7265625,0.7265625,1.0,512,512,369,372.0,372.0,369.0,-1024.0,3071.0,-489.1786193847656,488.31109619140625,-1024.0,-702.0,460.0,0.0,0.0007193133090691731,1.453125,1.453125,12.0
infer(airway),CE027001-CT221024356-181742-2452,F:\airway_segment_with_img\imgs\CE027001-CT221024356-181742-2452.nii.gz,0.7820000052452087,0.7820000052452087,1.0,512,512,411,400.3840026855469,400.3840026855469,411.0,-2294.0,2958.0,-979.5083618164062,713.2725830078125,-2048.0,-992.0,468.0,0.40725929326666693,0.0029355335383579057,1.5640000104904175,1.5640000104904175,12.0
infer(airway),CE571001-1965456-30423-4,F:\airway_segment_with_img\imgs\CE571001-1965456-30423-4.nii.gz,0.6835939884185791,0.6835939884185791,2.5,512,512,123,350.0001220703125,350.0001220703125,307.5,-6934.0,22443.0,-1108.6187744140625,1109.0087890625,-3024.0,-963.0,658.0,0.38074718628093485,0.0047888715545880214,1.3671879768371582,1.3671879768371582,30.0
infer(airway),CE571001-1965489-554-4,F:\airway_segment_with_img\imgs\CE571001-1965489-554-4.nii.gz,0.8730469942092896,0.8730469942092896,2.5,512,512,103,447.00006103515625,447.00006103515625,257.5,-3024.0,3071.0,-1114.0731201171875,1083.8260498046875,-3024.0,-974.0,486.0,0.21275402085728168,0.001808536728902522,1.746093988418579,1.746093988418579,30.0
infer(airway),CE027001-CT2274163-3696782-4109,F:\airway_segment_with_img\imgs\CE027001-CT2274163-3696782-4109.nii.gz,0.6290000081062317,0.6290000081062317,0.800000011920929,512,512,376,322.0480041503906,322.0480041503906,300.8000044822693,-2048.0,6351.0,-728.071533203125,800.0300903320312,-2048.0,-685.0,315.0,0.2212848934446562,0.0006579337835555107,1.2580000162124634,1.2580000162124634,9.600000143051147
infer(airway),CE571001-1963712-29894-4,F:\airway_segment_with_img\imgs\CE571001-1963712-29894-4.nii.gz,0.6835939884185791,0.6835939884185791,2.5,512,512,137,350.0001220703125,350.0001220703125,342.5,-3024.0,2769.0,-1044.5181884765625,1135.77978515625,-3024.0,-899.0,685.0,0.3324535587267092,0.003470816075316458,1.3671879768371582,1.3671879768371582,30.0
infer(airway),CE027001-CT2274163-3696782-6284,F:\airway_segment_with_img\imgs\CE027001-CT2274163-3696782-6284.nii.gz,0.6290000081062317,0.6290000081062317,0.800000011920929,512,512,376,322.0480041503906,322.0480041503906,300.8000044822693,-2048.0,5430.0,-709.2994384765625,811.3276977539062,-2048.0,-576.0,349.0,0.22200674369446305,0.0006843120077227324,1.2580000162124634,1.2580000162124634,9.600000143051147
infer(airway),CE571001-1965491-555-4,F:\airway_segment_with_img\imgs\CE571001-1965491-555-4.nii.gz,0.8378909826278687,0.8378909826278687,2.5,512,512,131,429.00018310546875,429.00018310546875,327.5,-3024.0,2743.0,-1115.70458984375,1082.6610107421875,-3024.0,-975.0,496.75,0.21275892036275845,0.001862853321005165,1.6757819652557373,1.6757819652557373,30.0
infer(airway),CE571001-1966001-30627-4,F:\airway_segment_with_img\imgs\CE571001-1966001-30627-4.nii.gz,0.8007810115814209,0.8007810115814209,2.5,512,512,143,409.9998779296875,409.9998779296875,357.5,-3024.0,2947.0,-985.6123046875,1171.6446533203125,-3024.0,-788.0,786.0,0.33606085011548525,0.004043124635386388,1.6015620231628418,1.6015620231628418,30.0
infer(airway),CN010001-42145124-2805755-4,F:\airway_segment_with_img\imgs\CN010001-42145124-2805755-4.nii.gz,0.720703125,0.720703125,1.0,512,512,302,369.0,369.0,302.0,-1024.0,3071.0,-606.9086303710938,477.0215148925781,-1024.0,-912.0,439.0,0.0,0.0010832725339886863,1.44140625,1.44140625,12.0
infer(airway),CN010002-00013618-24130,F:\airway_segment_with_img\imgs\CN010002-00013618-24130.nii.gz,0.8046879768371582,0.8046879768371582,1.25,512,512,241,412.000244140625,412.000244140625,301.25,-3024.0,3071.0,-1118.4222412109375,1101.429931640625,-3024.0,-981.0,264.0,0.22216796875,0.0005728693918568465,1.6093759536743164,1.6093759536743164,15.0
infer(airway),CN010002-00908187-353,F:\airway_segment_with_img\imgs\CN010002-00908187-353.nii.gz,0.744140625,0.744140625,1.25,512,512,293,381.0,381.0,366.25,-1024.0,1703.0,-596.6279907226562,476.9549865722656,-1024.0,-909.0,376.0,0.0,0.00039605146841159496,1.48828125,1.48828125,15.0
infer(airway),CN010001-43833640-2857-203,F:\airway_segment_with_img\imgs\CN010001-43833640-2857-203.nii.gz,0.716796875,0.716796875,1.0,512,512,446,367.0,367.0,446.0,-1024.0,2995.0,-649.82666015625,469.6444091796875,-1024.0,-960.0,387.0,0.0,0.0017364484104255536,1.43359375,1.43359375,12.0
infer(airway),CN010001-19241250-3062414-4,F:\airway_segment_with_img\imgs\CN010001-19241250-3062414-4.nii.gz,0.7109375,0.7109375,1.0,512,512,440,364.0,364.0,440.0,-1024.0,3071.0,-532.7177124023438,482.7132873535156,-1023.0,-872.0,528.0,0.0,0.002735987054723261,1.421875,1.421875,12.0
infer(airway),CN010002-00101821-26264,F:\airway_segment_with_img\imgs\CN010002-00101821-26264.nii.gz,0.8261719942092896,0.8261719942092896,1.25,512,512,285,423.00006103515625,423.00006103515625,356.25,-3024.0,3071.0,-1060.036865234375,1116.692626953125,-3024.0,-917.0,375.0,0.2157745361328125,0.0008702596028645833,1.652343988418579,1.652343988418579,15.0
infer(airway),CN010002-00101821-44991,F:\airway_segment_with_img\imgs\CN010002-00101821-44991.nii.gz,0.8242189884185791,0.8242189884185791,1.25,512,512,281,422.0001220703125,422.0001220703125,351.25,-3024.0,3071.0,-1083.5023193359375,1105.5323486328125,-3024.0,-952.0,354.0,0.21579624668111255,0.0006253522315279992,1.6484379768371582,1.6484379768371582,15.0
infer(airway),CN010002-00744792-23781,F:\airway_segment_with_img\imgs\CN010002-00744792-23781.nii.gz,0.7421879768371582,0.7421879768371582,1.25,512,512,281,380.000244140625,380.000244140625,351.25,-3024.0,2271.0,-974.4635620117188,1148.2158203125,-3024.0,-878.0,471.0,0.21274834520246846,0.0016967388257844026,1.4843759536743164,1.4843759536743164,15.0
infer(airway),CN010002-00707624-1676,F:\airway_segment_with_img\imgs\CN010002-00707624-1676.nii.gz,0.7558590173721313,0.7558590173721313,1.25,512,512,273,386.99981689453125,386.99981689453125,341.25,-3024.0,1478.0,-1046.8765869140625,1113.5931396484375,-3024.0,-929.0,318.0,0.21291939438389557,0.0002897492160170952,1.5117180347442627,1.5117180347442627,15.0
infer(airway),CN010002-00992822-24048,F:\airway_segment_with_img\imgs\CN010002-00992822-24048.nii.gz,0.7421879768371582,0.7421879768371582,1.25,512,512,289,380.000244140625,380.000244140625,361.25,-3024.0,2178.0,-1026.0850830078125,1133.66162109375,-3024.0,-908.0,628.0,0.2127598530352239,0.004481171705518703,1.4843759536743164,1.4843759536743164,15.0
infer(airway),CN010002-00615135-26377,F:\airway_segment_with_img\imgs\CN010002-00615135-26377.nii.gz,0.8613280057907104,0.8613280057907104,1.25,512,512,493,440.99993896484375,440.99993896484375,616.25,-3024.0,3071.0,-1126.4495849609375,1137.9964599609375,-3024.0,-960.0,304.0,0.23770559413196046,0.0005109990534446667,1.722656011581421,1.722656011581421,15.0
infer(airway),CN010002-01699598-234,F:\airway_segment_with_img\imgs\CN010002-01699598-234.nii.gz,0.68359375,0.68359375,1.25,512,512,281,350.0,350.0,351.25,-32252.0,32764.0,-113.70774841308594,336.8068542480469,-1024.0,0.0,130.0,1.808247416466504e-05,0.00026320045728567997,1.3671875,1.3671875,15.0
infer(airway),CN010002-00997308-24057,F:\airway_segment_with_img\imgs\CN010002-00997308-24057.nii.gz,0.7558590173721313,0.7558590173721313,1.25,512,512,241,386.99981689453125,386.99981689453125,301.25,-3024.0,2149.0,-1032.6900634765625,1143.8809814453125,-3024.0,-893.0,330.0,0.22216796875,0.0011351019515041495,1.5117180347442627,1.5117180347442627,15.0
infer(airway),CN010002-00070993-1531,F:\airway_segment_with_img\imgs\CN010002-00070993-1531.nii.gz,0.6738280057907104,0.6738280057907104,1.25,512,512,537,344.99993896484375,344.99993896484375,671.25,-2147483648.0,2147483648.0,200462736.0,744213888.0,-2013265920.0,103.0,1996488704.0,0.2271902637571588,0.4816247582205029,1.347656011581421,1.347656011581421,15.0
infer(airway),CN010002-01051906-1406,F:\airway_segment_with_img\imgs\CN010002-01051906-1406.nii.gz,0.68359375,0.68359375,1.25,512,512,228,350.0,350.0,285.0,-1023.0,1720.0,-521.115966796875,472.1337890625,-1019.0,-824.0,355.0,0.0,0.0003920102193701234,1.3671875,1.3671875,15.0
infer(airway),CN010002-01133612-23783,F:\airway_segment_with_img\imgs\CN010002-01133612-23783.nii.gz,0.7421879768371582,0.7421879768371582,1.25,512,512,237,380.000244140625,380.000244140625,296.25,-3024.0,3071.0,-1031.1240234375,1148.7493896484375,-3024.0,-879.0,433.0,0.22216796875,0.0018743201147151899,1.4843759536743164,1.4843759536743164,15.0
infer(airway),CN010002-01109457-246,F:\airway_segment_with_img\imgs\CN010002-01109457-246.nii.gz,0.744140625,0.744140625,1.25,512,512,281,381.0,381.0,351.25,-1024.0,3071.0,-633.8286743164062,470.7516174316406,-1024.0,-937.0,414.0,0.0,0.0014601597887967017,1.48828125,1.48828125,15.0
infer(airway),CN010002-01693382-130,F:\airway_segment_with_img\imgs\CN010002-01693382-130.nii.gz,0.849609375,0.849609375,1.25,512,512,281,435.0,435.0,351.25,-1024.0,3071.0,-626.2430419921875,473.81170654296875,-1024.0,-932.0,305.0,0.0,0.00016223997653296685,1.69921875,1.69921875,15.0
infer(airway),CN010002-01267759-1450,F:\airway_segment_with_img\imgs\CN010002-01267759-1450.nii.gz,0.6328125,0.6328125,1.25,512,512,233,324.0,324.0,291.25,-1023.0,1720.0,-547.0226440429688,484.6145935058594,-1019.0,-855.0,567.0,0.0,0.0019946109975643414,1.265625,1.265625,15.0
infer(airway),CN010002-01281355-14375,F:\airway_segment_with_img\imgs\CN010002-01281355-14375.nii.gz,0.8710939884185791,0.8710939884185791,1.25,512,512,257,446.0001220703125,446.0001220703125,321.25,-3024.0,2847.0,-1032.9188232421875,1119.63720703125,-3024.0,-899.0,315.0,0.21274225952951828,0.000757001888972047,1.7421879768371582,1.7421879768371582,15.0
infer(airway),CN010002-02167125-24284,F:\airway_segment_with_img\imgs\CN010002-02167125-24284.nii.gz,0.7421879768371582,0.7421879768371582,1.25,512,512,233,380.000244140625,380.000244140625,291.25,-3024.0,1802.0,-1083.0560302734375,1096.9381103515625,-3024.0,-957.0,339.0,0.21274581804173864,0.0017479491795449344,1.4843759536743164,1.4843759536743164,15.0
infer(airway),CN010002-01148708-24283,F:\airway_segment_with_img\imgs\CN010002-01148708-24283.nii.gz,0.7421879768371582,0.7421879768371582,1.25,512,512,305,380.000244140625,380.000244140625,381.25,-2147483648.0,2147483648.0,38183936.0,329293024.0,-1392508928.0,-882.0,1275068416.0,0.21828122998847335,0.09094488425332992,1.4843759536743164,1.4843759536743164,15.0
infer(airway),CN010002-02561944-24188,F:\airway_segment_with_img\imgs\CN010002-02561944-24188.nii.gz,0.7734379768371582,0.7734379768371582,1.25,512,512,241,396.000244140625,396.000244140625,301.25,-3024.0,2141.0,-1061.775634765625,1127.6019287109375,-3024.0,-897.0,298.0,0.22216796875,0.0007820604253112034,1.5468759536743164,1.5468759536743164,15.0
infer(airway),CN010002-03174683-23860,F:\airway_segment_with_img\imgs\CN010002-03174683-23860.nii.gz,0.6621090173721313,0.6621090173721313,1.25,512,512,257,338.99981689453125,338.99981689453125,321.25,-3024.0,2092.0,-1013.1112060546875,1136.9937744140625,-3024.0,-894.0,502.0,0.21274225952951828,0.002767598906081804,1.3242180347442627,1.3242180347442627,15.0
infer(airway),CN010002-02382625-1413,F:\airway_segment_with_img\imgs\CN010002-02382625-1413.nii.gz,0.623046875,0.623046875,1.25,512,512,273,319.0,319.0,341.25,-1023.0,1768.0,-591.9453735351562,483.2677307128906,-1018.0,-891.0,509.0,0.0,0.0015086074632556744,1.24609375,1.24609375,15.0
infer(airway),CN010002-03272263-208,F:\airway_segment_with_img\imgs\CN010002-03272263-208.nii.gz,0.68359375,0.68359375,1.25,512,512,281,350.0,350.0,351.25,-1024.0,2024.0,-684.018310546875,457.2586975097656,-1024.0,-956.0,408.0,0.0,0.0012542204996991277,1.3671875,1.3671875,15.0
infer(airway),CN010002-02834901-23843,F:\airway_segment_with_img\imgs\CN010002-02834901-23843.nii.gz,0.6914060115814209,0.6914060115814209,1.25,512,512,269,353.9998779296875,353.9998779296875,336.25,-3024.0,2211.0,-1017.0578002929688,1131.337646484375,-3024.0,-894.0,436.0,0.21292536906543244,0.002693487182707363,1.3828120231628418,1.3828120231628418,15.0
infer(airway),CN010002-03707830-347,F:\airway_segment_with_img\imgs\CN010002-03707830-347.nii.gz,0.68359375,0.68359375,1.25,512,512,273,350.0,350.0,341.25,-1024.0,1591.0,-494.2060546875,486.4111633300781,-1024.0,-764.0,422.0,0.0,0.0003858292511894306,1.3671875,1.3671875,15.0
infer(airway),CN010002-03774062-889,F:\airway_segment_with_img\imgs\CN010002-03774062-889.nii.gz,0.69140625,0.69140625,1.5,512,512,220,354.0,354.0,330.0,-2027618432.0,1644166912.0,-1059354.75,11312349.0,-64815104.0,-874.0,690.0,0.023787649992784154,0.007614099610847201,1.3828125,1.3828125,18.0
infer(airway),CN010002-03896109-26437,F:\airway_segment_with_img\imgs\CN010002-03896109-26437.nii.gz,0.7050780057907104,0.7050780057907104,1.25,512,512,293,360.99993896484375,360.99993896484375,366.25,-2134647680.0,2083586048.0,24464.9609375,12016662.0,-3024.0,0.0,253.0,0.11736832938889766,0.00036863252059848455,1.410156011581421,1.410156011581421,15.0
infer(airway),CN010002-03846234-43528,F:\airway_segment_with_img\imgs\CN010002-03846234-43528.nii.gz,0.78125,0.78125,1.25,512,512,241,400.0,400.0,301.25,-3024.0,3071.0,-1167.0792236328125,1070.131591796875,-3024.0,-971.0,272.0,0.22216796875,0.0003221440612033195,1.5625,1.5625,15.0
infer(airway),CN010002-03729870-24113,F:\airway_segment_with_img\imgs\CN010002-03729870-24113.nii.gz,0.7109379768371582,0.7109379768371582,1.25,512,512,289,364.000244140625,364.000244140625,361.25,-3024.0,1837.0,-1084.514892578125,1097.7027587890625,-3024.0,-979.0,360.0,0.2127598530352239,0.002393569664062598,1.4218759536743164,1.4218759536743164,15.0
infer(airway),CN010002-03841043-1432,F:\airway_segment_with_img\imgs\CN010002-03841043-1432.nii.gz,0.615234375,0.615234375,1.25,512,512,273,315.0,315.0,341.25,-1023.0,1562.0,-593.4718627929688,484.0228576660156,-1018.0,-897.0,400.0,0.0,0.0002479971588479652,1.23046875,1.23046875,15.0
infer(airway),CN010002-03855308-23986,F:\airway_segment_with_img\imgs\CN010002-03855308-23986.nii.gz,0.7421879768371582,0.7421879768371582,1.25,512,512,281,380.000244140625,380.000244140625,351.25,-3024.0,2085.0,-924.9175415039062,1165.69921875,-3024.0,-765.0,423.0,0.21274834520246846,0.0015350011402004544,1.4843759536743164,1.4843759536743164,15.0
infer(airway),CN010002-03393865-16860,F:\airway_segment_with_img\imgs\CN010002-03393865-16860.nii.gz,0.6875,0.6875,1.5,512,512,434,352.0,352.0,651.0,-32768.0,28928.0,-488.041748046875,485.8935241699219,-1015.0,-627.0,336.0,5.511093831883581e-06,0.0007114321128431532,1.375,1.375,18.0
infer(airway),CN010002-04159602-24049,F:\airway_segment_with_img\imgs\CN010002-04159602-24049.nii.gz,0.7421879768371582,0.7421879768371582,1.25,512,512,237,380.000244140625,380.000244140625,296.25,-3024.0,2731.0,-955.3262939453125,1172.207763671875,-3024.0,-764.0,330.0,0.22216796875,0.0008493415414029536,1.4843759536743164,1.4843759536743164,15.0
infer(airway),CN010002-04046334-24146,F:\airway_segment_with_img\imgs\CN010002-04046334-24146.nii.gz,0.8007810115814209,0.8007810115814209,1.25,512,512,261,409.9998779296875,409.9998779296875,326.25,-3024.0,1720.0,-1056.30078125,1113.6705322265625,-3024.0,-922.0,452.0,0.21275793591924888,0.002125998672018154,1.6015620231628418,1.6015620231628418,15.0
infer(airway),CN010002-04174429-1772,F:\airway_segment_with_img\imgs\CN010002-04174429-1772.nii.gz,0.8066409826278687,0.8066409826278687,1.25,512,512,253,413.00018310546875,413.00018310546875,316.25,-3024.0,2265.0,-991.1741333007812,1137.2108154296875,-3024.0,-869.0,336.0,0.21276337239703486,0.00035936554807090935,1.6132819652557373,1.6132819652557373,15.0
infer(airway),CN010002-04873513-26333,F:\airway_segment_with_img\imgs\CN010002-04873513-26333.nii.gz,0.7480469942092896,0.7480469942092896,1.25,512,512,489,383.00006103515625,383.00006103515625,611.25,-2080374784.0,1929379840.0,-4282.97705078125,4782006.5,-3024.0,0.0,173.0,0.1030692702813709,0.0003224939532383768,1.496093988418579,1.496093988418579,15.0
infer(airway),CN010002-04873513-5254,F:\airway_segment_with_img\imgs\CN010002-04873513-5254.nii.gz,0.68359375,0.68359375,1.25,512,512,233,350.0,350.0,291.25,-1024.0,1528.0,-488.1482849121094,475.177734375,-1024.0,-476.0,338.0,0.0,6.597949864716651e-05,1.3671875,1.3671875,15.0
infer(airway),CN010002-04875357-23838,F:\airway_segment_with_img\imgs\CN010002-04875357-23838.nii.gz,0.7421879768371582,0.7421879768371582,1.25,512,512,277,380.000244140625,380.000244140625,346.25,-2021161088.0,2135228416.0,-15990.353515625,7126266.0,-17665.0,-906.0,411.0,0.18753929860211624,0.004605261146535761,1.4843759536743164,1.4843759536743164,15.0
infer(airway),CN010002-07992073-317,F:\airway_segment_with_img\imgs\CN010002-07992073-317.nii.gz,0.68359375,0.68359375,1.25,512,512,201,350.0,350.0,251.25,-1024.0,1628.0,-578.620849609375,474.7107849121094,-1024.0,-877.0,394.0,0.0,0.0005195957811282197,1.3671875,1.3671875,15.0
infer(airway),CN010002-08629146-23929,F:\airway_segment_with_img\imgs\CN010002-08629146-23929.nii.gz,0.7421879768371582,0.7421879768371582,1.25,512,512,277,380.000244140625,380.000244140625,346.25,-3024.0,1783.0,-1023.0881958007812,1124.516845703125,-3024.0,-901.0,370.0,0.21275460653500722,0.0013869795132629278,1.4843759536743164,1.4843759536743164,15.0
infer(airway),CN010002-08891466-135,F:\airway_segment_with_img\imgs\CN010002-08891466-135.nii.gz,0.75,0.75,1.25,512,512,281,384.0,384.0,351.25,-1024.0,1506.0,-649.474365234375,467.81756591796875,-1024.0,-926.0,425.0,0.0,0.0005660818995438194,1.5,1.5,15.0
infer(airway),CN010002-08751105-104,F:\airway_segment_with_img\imgs\CN010002-08751105-104.nii.gz,0.75390625,0.75390625,1.25,512,512,333,386.0,386.0,416.25,-1024.0,3071.0,-713.6073608398438,436.2977294921875,-1024.0,-952.0,346.0,0.0,0.00030293041068492517,1.5078125,1.5078125,15.0
infer(airway),CN010002-08898927-254,F:\airway_segment_with_img\imgs\CN010002-08898927-254.nii.gz,0.74609375,0.74609375,1.25,512,512,269,382.0,382.0,336.25,-1024.0,1918.0,-630.1791381835938,469.822021484375,-1024.0,-930.0,417.0200000000186,0.0,0.0008158060117449519,1.4921875,1.4921875,15.0
infer(airway),CN010002-08892871-24037,F:\airway_segment_with_img\imgs\CN010002-08892871-24037.nii.gz,0.7421879768371582,0.7421879768371582,1.25,512,512,273,380.000244140625,380.000244140625,341.25,-3024.0,1624.0,-944.8685302734375,1159.75634765625,-3024.0,-829.0,399.0,0.21291939438389557,0.0012601072675743463,1.4843759536743164,1.4843759536743164,15.0
infer(airway),CN010002-08860164-24208,F:\airway_segment_with_img\imgs\CN010002-08860164-24208.nii.gz,0.8359379768371582,0.8359379768371582,1.25,512,512,305,428.000244140625,428.000244140625,381.25,-3024.0,2208.0,-1153.25927734375,1060.10205078125,-3024.0,-984.0,330.0,0.21356201171875,0.0012867411629098361,1.6718759536743164,1.6718759536743164,15.0
infer(airway),CN010002-08895332-24164,F:\airway_segment_with_img\imgs\CN010002-08895332-24164.nii.gz,0.8398439884185791,0.8398439884185791,1.25,512,512,285,430.0001220703125,430.0001220703125,356.25,-3024.0,1727.0,-1174.29296875,1047.2459716796875,-3024.0,-994.0,317.0,0.2127532958984375,0.0011383056640625,1.6796879768371582,1.6796879768371582,15.0
infer(airway),CN010002-13307146-315,F:\airway_segment_with_img\imgs\CN010002-13307146-315.nii.gz,0.68359375,0.68359375,1.25,512,512,281,350.0,350.0,351.25,-32768.0,32767.0,979.220703125,11680.69140625,-30980.0,-87.0,31228.0,0.13930235805508925,0.28453928367283177,1.3671875,1.3671875,15.0
infer(airway),CN010002-13255184-23980,F:\airway_segment_with_img\imgs\CN010002-13255184-23980.nii.gz,0.7890620231628418,0.7890620231628418,1.25,512,512,281,403.999755859375,403.999755859375,351.25,-3024.0,1647.0,-992.2108764648438,1139.2171630859375,-3024.0,-884.0,357.0,0.21274834520246846,0.0010301987364368886,1.5781240463256836,1.5781240463256836,15.0
infer(airway),CN010002-13494341-198,F:\airway_segment_with_img\imgs\CN010002-13494341-198.nii.gz,0.68359375,0.68359375,1.25,512,512,281,350.0,350.0,351.25,-1024.0,1847.0,-597.895263671875,472.3052673339844,-1024.0,-899.0,404.0,0.0,0.0008674564689549033,1.3671875,1.3671875,15.0
infer(airway),CN010002-13348071-24344,F:\airway_segment_with_img\imgs\CN010002-13348071-24344.nii.gz,0.7539060115814209,0.7539060115814209,1.25,512,512,265,385.9998779296875,385.9998779296875,331.25,-3024.0,2056.0,-1080.72509765625,1097.4571533203125,-3024.0,-959.0,350.0,0.21275389773806494,0.0017719624849796328,1.5078120231628418,1.5078120231628418,15.0
infer(airway),CN010002-13702322-269,F:\airway_segment_with_img\imgs\CN010002-13702322-269.nii.gz,0.716796875,0.716796875,1.25,512,512,241,367.0,367.0,301.25,-1024.0,3071.0,-552.366943359375,480.281494140625,-1024.0,-867.0,437.0,0.0,0.0014410375064834026,1.43359375,1.43359375,15.0
infer(airway),CN010013-201501050018-1,F:\airway_segment_with_img\imgs\CN010013-201501050018-1.nii.gz,0.689453125,0.689453125,1.5,512,512,217,353.0,353.0,325.5,-1024.0,1365.0,-567.4337768554688,484.10302734375,-1024.0,-866.0,420.0,0.0,0.00041548542206946407,1.37890625,1.37890625,18.0
infer(airway),CN010013-201503170093-1,F:\airway_segment_with_img\imgs\CN010013-201503170093-1.nii.gz,0.677734375,0.677734375,1.5,512,512,201,347.0,347.0,301.5,-1024.0,1381.0,-597.9115600585938,482.7532043457031,-1021.0,-907.0,432.0,0.0,0.0004524685155189527,1.35546875,1.35546875,18.0
infer(airway),CN010002-13733602-362,F:\airway_segment_with_img\imgs\CN010002-13733602-362.nii.gz,0.720703125,0.720703125,1.25,512,512,265,369.0,369.0,331.25,-1024.0,1635.0,-596.6341552734375,482.2841796875,-1024.0,-907.0,385.0,0.0,0.0006056010540078245,1.44140625,1.44140625,15.0
infer(airway),CN010013-201506040007-1,F:\airway_segment_with_img\imgs\CN010013-201506040007-1.nii.gz,0.69140625,0.69140625,1.5,512,512,202,354.0,354.0,303.0,-1024.0,1929.0,-627.7416381835938,472.7437438964844,-1024.0,-928.0,461.0,0.0,0.0027018813742016473,1.3828125,1.3828125,18.0
infer(airway),CN010013-1033553-48878,F:\airway_segment_with_img\imgs\CN010013-1033553-48878.nii.gz,0.6738280057907104,0.6738280057907104,1.25,512,512,253,344.99993896484375,344.99993896484375,316.25,-3024.0,1730.0,-965.6813354492188,1161.06396484375,-3024.0,-861.0,569.0,0.21578593911804209,0.0024212317882152706,1.347656011581421,1.347656011581421,15.0
infer(airway),CN010002-13717255-1419,F:\airway_segment_with_img\imgs\CN010002-13717255-1419.nii.gz,0.625,0.625,1.25,512,512,257,320.0,320.0,321.25,-1023.0,1952.0,-559.7650146484375,478.4589538574219,-1018.0,-878.0,503.0,0.0,0.0016406754273654164,1.25,1.25,15.0
infer(airway),CN010013-1293459-35824,F:\airway_segment_with_img\imgs\CN010013-1293459-35824.nii.gz,0.7207030057907104,0.7207030057907104,1.25,512,512,253,368.99993896484375,368.99993896484375,316.25,-3024.0,3071.0,-1038.34130859375,1136.914794921875,-3024.0,-928.0,609.0,0.21578593911804209,0.004447725385254221,1.441406011581421,1.441406011581421,15.0
infer(airway),CN010013-1327955-21579,F:\airway_segment_with_img\imgs\CN010013-1327955-21579.nii.gz,0.6992189884185791,0.6992189884185791,1.25,512,512,257,358.0001220703125,358.0001220703125,321.25,-3024.0,2910.0,-1041.6610107421875,1133.9462890625,-3024.0,-928.0,557.0,0.21576269706651674,0.002567750407393183,1.3984379768371582,1.3984379768371582,15.0
infer(airway),CN010002-13615004-26300,F:\airway_segment_with_img\imgs\CN010002-13615004-26300.nii.gz,0.7714840173721313,0.7714840173721313,1.25,512,512,605,394.99981689453125,394.99981689453125,756.25,-3024.0,3071.0,-1112.9747314453125,1099.4771728515625,-3024.0,-981.0,441.0,0.2181396484375,0.0020267707257231407,1.5429680347442627,1.5429680347442627,15.0
infer(airway),CN010013-201507090126-1,F:\airway_segment_with_img\imgs\CN010013-201507090126-1.nii.gz,0.673828125,0.673828125,1.5,512,512,189,345.0,345.0,283.5,-1024.0,1614.0,-514.54638671875,490.8173522949219,-1024.0,-827.0,416.0,0.0,0.0010293625672302426,1.34765625,1.34765625,18.0
infer(airway),CN010013-201507280049-1,F:\airway_segment_with_img\imgs\CN010013-201507280049-1.nii.gz,0.638671875,0.638671875,1.5,512,512,199,327.0,327.0,298.5,-1024.0,3071.0,-633.4529418945312,474.1189880371094,-1019.0,-926.0,515.0,0.0,0.0011329647186815997,1.27734375,1.27734375,18.0
infer(airway),CN010013-201506150042-1,F:\airway_segment_with_img\imgs\CN010013-201506150042-1.nii.gz,0.734375,0.734375,1.5,512,512,210,376.0,376.0,315.0,-1024.0,1395.0,-511.48748779296875,483.94830322265625,-1024.0,-801.0,410.0,0.0,0.00030517578125,1.46875,1.46875,18.0
infer(airway),CN010013-201507270295-1,F:\airway_segment_with_img\imgs\CN010013-201507270295-1.nii.gz,0.71484375,0.71484375,1.5,512,512,194,366.0,366.0,291.0,-1024.0,1733.0,-513.2211303710938,494.9578857421875,-1024.0,-797.0,442.0,0.0,0.001256647501684562,1.4296875,1.4296875,18.0
infer(airway),CN010013-201509090003-1,F:\airway_segment_with_img\imgs\CN010013-201509090003-1.nii.gz,0.693359375,0.693359375,1.5,512,512,179,355.0,355.0,268.5,-1024.0,1983.0,-569.1906127929688,462.91436767578125,-1024.0,-864.0,277.0,0.0,0.00048129102609610066,1.38671875,1.38671875,18.0
infer(airway),CN010013-201510080140-1,F:\airway_segment_with_img\imgs\CN010013-201510080140-1.nii.gz,0.833984375,0.833984375,1.5,512,512,186,427.0,427.0,279.0,-1024.0,3071.0,-671.1234741210938,448.6113586425781,-1024.0,-923.0,427.0,0.0,0.0010551941393143391,1.66796875,1.66796875,18.0
infer(airway),CN010013-1060250-48708,F:\airway_segment_with_img\imgs\CN010013-1060250-48708.nii.gz,0.6835939884185791,0.6835939884185791,1.25,512,512,569,350.0001220703125,350.0001220703125,711.25,-3024.0,3071.0,-1066.573486328125,1112.87158203125,-3024.0,-947.0,381.0,0.21578791230893002,0.0015863837489943685,1.3671879768371582,1.3671879768371582,15.0
infer(airway),CN010013-201510140193-1,F:\airway_segment_with_img\imgs\CN010013-201510140193-1.nii.gz,0.79296875,0.79296875,1.5,512,512,202,406.0,406.0,303.0,-1024.0,3071.0,-603.1829833984375,477.59716796875,-1024.0,-869.0,594.0,0.0,0.002533109391778408,1.5859375,1.5859375,18.0
infer(airway),CN010013-201510120094-1,F:\airway_segment_with_img\imgs\CN010013-201510120094-1.nii.gz,0.744140625,0.744140625,1.5,512,512,228,381.0,381.0,342.0,-1024.0,1647.0,-653.1466674804688,467.4127197265625,-1024.0,-958.0,392.0,0.0,0.00033830331351531774,1.48828125,1.48828125,18.0
infer(airway),CN010013-1271088-48811,F:\airway_segment_with_img\imgs\CN010013-1271088-48811.nii.gz,0.765625,0.765625,1.25,512,512,605,392.0,392.0,756.25,-2147483648.0,2147483648.0,3777695.75,86450000.0,-3024.0,-927.0,580.0,0.20808952899018596,0.007055361408832644,1.53125,1.53125,15.0
infer(airway),CN010013-1429641-39099,F:\airway_segment_with_img\imgs\CN010013-1429641-39099.nii.gz,0.8886719942092896,0.8886719942092896,1.0,512,512,596,455.00006103515625,455.00006103515625,596.0,-3024.0,1352.0,-1101.8782958984375,1081.4140625,-3024.0,-975.0,292.0,0.21274524774813494,0.00044445702924719396,1.777343988418579,1.777343988418579,12.0
infer(airway),CN010013-201511100107-1,F:\airway_segment_with_img\imgs\CN010013-201511100107-1.nii.gz,0.75390625,0.75390625,1.5,512,512,210,386.0,386.0,315.0,-32514.0,32255.0,-146.13882446289062,383.1446228027344,-1024.0,0.0,427.0,2.9500325520833334e-05,0.0006978352864583333,1.5078125,1.5078125,18.0
infer(airway),CN010013-201512250006-1,F:\airway_segment_with_img\imgs\CN010013-201512250006-1.nii.gz,0.822265625,0.822265625,1.5,512,512,191,421.0,421.0,286.5,-1024.0,3071.0,-694.5867919921875,436.43402099609375,-1024.0,-935.0,385.0,0.0,0.0011257945601482228,1.64453125,1.64453125,18.0
infer(airway),CN010013-201512250019-1,F:\airway_segment_with_img\imgs\CN010013-201512250019-1.nii.gz,0.859375,0.859375,1.5,512,512,196,440.0,440.0,294.0,-1024.0,2478.0,-634.8277587890625,471.19183349609375,-1024.0,-890.0,602.0,0.0,0.002495239512125265,1.71875,1.71875,18.0
infer(airway),CN010013-201703280793-1,F:\airway_segment_with_img\imgs\CN010013-201703280793-1.nii.gz,0.716796875,0.716796875,1.5,512,512,191,367.0,367.0,286.5,-1024.0,3071.0,-506.5996398925781,482.026123046875,-1024.0,-777.0,424.0,0.0,0.00046786941821658147,1.43359375,1.43359375,18.0
infer(airway),CN010013-201703080018-1,F:\airway_segment_with_img\imgs\CN010013-201703080018-1.nii.gz,0.72265625,0.72265625,1.5,512,512,209,370.0,370.0,313.5,-1024.0,2399.0,-628.4573364257812,475.06573486328125,-1024.0,-897.0,580.0,0.0,0.002786809340947444,1.4453125,1.4453125,18.0
infer(airway),CN010013-20170408000001-1,F:\airway_segment_with_img\imgs\CN010013-20170408000001-1.nii.gz,0.8203125,0.8203125,1.5,512,512,200,420.0,420.0,300.0,-1024.0,3064.0,-566.6025390625,487.44207763671875,-1024.0,-830.0,633.0,0.0,0.0016932673055214521,1.640625,1.640625,18.0
infer(airway),CN010013-201703280734-1,F:\airway_segment_with_img\imgs\CN010013-201703280734-1.nii.gz,0.69921875,0.69921875,1.5,512,512,220,358.0,358.0,330.0,-1024.0,2406.0,-500.88873291015625,506.6418151855469,-1024.0,-765.0,703.0,0.0,0.0032871066672901963,1.3984375,1.3984375,18.0
infer(airway),CN010013-201510290005-1,F:\airway_segment_with_img\imgs\CN010013-201510290005-1.nii.gz,0.744140625,0.744140625,0.699999988079071,512,512,432,381.0,381.0,302.3999948501587,-32768.0,32767.0,-255.75265502929688,1113.040283203125,-1024.0,0.0,591.0,0.0012029539313943797,0.003427663712466831,1.48828125,1.48828125,8.399999856948853
infer(airway),CN010013-201510140230-1,F:\airway_segment_with_img\imgs\CN010013-201510140230-1.nii.gz,0.744140625,0.744140625,0.699999988079071,512,512,460,381.0,381.0,321.9999945163727,-1024.0,2439.0,-489.310546875,487.2937927246094,-1024.0,-685.0,629.0,0.0,0.0016941315969454032,1.48828125,1.48828125,8.399999856948853
infer(airway),CN010013-201510150066-1,F:\airway_segment_with_img\imgs\CN010013-201510150066-1.nii.gz,0.744140625,0.744140625,0.699999988079071,512,512,453,381.0,381.0,317.0999945998192,-32516.0,32764.0,-426.14117431640625,607.6474609375,-1024.0,-285.0,514.0,0.0001783559722472044,0.0015769093183669262,1.48828125,1.48828125,8.399999856948853
infer(airway),CN010013-201510160171-1,F:\airway_segment_with_img\imgs\CN010013-201510160171-1.nii.gz,0.734375,0.734375,0.699999988079071,512,512,449,376.0,376.0,314.2999946475029,-1024.0,1581.0,-552.856201171875,474.68218994140625,-1024.0,-866.0,391.0,0.0,0.0004616631603324576,1.46875,1.46875,8.399999856948853
infer(airway),CN010013-201510140296-1,F:\airway_segment_with_img\imgs\CN010013-201510140296-1.nii.gz,0.6875,0.6875,0.699999988079071,512,512,432,352.0,352.0,302.3999948501587,-1024.0,2369.0,-529.6019287109375,486.7253723144531,-1024.0,-794.0,582.0,0.0,0.002829206714798246,1.375,1.375,8.399999856948853
infer(airway),CN010013-80250026-48666,F:\airway_segment_with_img\imgs\CN010013-80250026-48666.nii.gz,0.6738280057907104,0.6738280057907104,1.2500042915344238,512,512,237,344.99993896484375,344.99993896484375,296.25101709365845,-3024.0,3071.0,-909.7698974609375,1200.649658203125,-3024.0,-201.0,418.0,0.224365234375,0.00047179918248945146,1.347656011581421,1.347656011581421,15.000051498413086
infer(airway),CN010013-81366697-48667,F:\airway_segment_with_img\imgs\CN010013-81366697-48667.nii.gz,0.7792969942092896,0.7792969942092896,1.25,512,512,237,399.00006103515625,399.00006103515625,296.25,-3024.0,3071.0,-1110.7279052734375,1110.7236328125,-3024.0,-975.0,300.0,0.224365234375,0.0006397102452531646,1.558593988418579,1.558593988418579,15.0
infer(airway),CN010013-82131608-48774,F:\airway_segment_with_img\imgs\CN010013-82131608-48774.nii.gz,0.625,0.625,1.25,512,512,181,320.0,320.0,226.25,-3024.0,1740.0,-953.9332275390625,1168.26513671875,-3024.0,-788.0,466.0,0.2165520234415426,0.0010475451984645445,1.25,1.25,15.0
infer(airway),CN010013-82088775-43991,F:\airway_segment_with_img\imgs\CN010013-82088775-43991.nii.gz,0.8652340173721313,0.8652340173721313,1.0,512,512,321,442.99981689453125,442.99981689453125,321.0,-3024.0,1751.0,-1195.2738037109375,1031.3052978515625,-3024.0,-996.0,354.0,0.2127514645343537,0.0005902083665485228,1.7304680347442627,1.7304680347442627,12.0
infer(airway),CN010013-82118618-37763,F:\airway_segment_with_img\imgs\CN010013-82118618-37763.nii.gz,0.7695310115814209,0.7695310115814209,1.0,512,512,306,393.9998779296875,393.9998779296875,306.0,-3024.0,1411.0,-1075.3453369140625,1098.735107421875,-3024.0,-915.0,364.0,0.2127258508860255,0.00046256305935629623,1.5390620231628418,1.5390620231628418,12.0
infer(airway),CN010013-81989525-48786,F:\airway_segment_with_img\imgs\CN010013-81989525-48786.nii.gz,0.7890629768371582,0.7890629768371582,1.25,512,512,325,404.000244140625,404.000244140625,406.25,-3024.0,3071.0,-1071.5096435546875,1120.845703125,-3024.0,-936.0,572.0,0.2157792704968049,0.003308903504278206,1.5781259536743164,1.5781259536743164,15.0
infer(airway),CN010013-82186782-48758,F:\airway_segment_with_img\imgs\CN010013-82186782-48758.nii.gz,0.6933590173721313,0.6933590173721313,1.25,512,512,269,354.99981689453125,354.99981689453125,336.25,-3024.0,3071.0,-1032.4732666015625,1144.91064453125,-3024.0,-919.0,661.0,0.2159466081001675,0.004580868174835703,1.3867180347442627,1.3867180347442627,15.0
infer(airway),CN010013-81231392-48904,F:\airway_segment_with_img\imgs\CN010013-81231392-48904.nii.gz,0.8046879768371582,0.8046879768371582,1.25,512,512,437,412.000244140625,412.000244140625,546.25,-3024.0,1604.0,-1186.7457275390625,1045.9881591796875,-3024.0,-994.0,346.0,0.21577271254404795,0.0009690550447567743,1.6093759536743164,1.6093759536743164,15.0
infer(airway),CN010013-80053003-48812,F:\airway_segment_with_img\imgs\CN010013-80053003-48812.nii.gz,0.8652340173721313,0.8652340173721313,1.25,512,512,589,442.99981689453125,442.99981689453125,736.25,-3024.0,3071.0,-1160.0396728515625,1060.5194091796875,-3024.0,-990.0,300.0,0.21577561070237086,0.0012897039894439269,1.7304680347442627,1.7304680347442627,15.0
infer(airway),CN010013-82208066-42589,F:\airway_segment_with_img\imgs\CN010013-82208066-42589.nii.gz,0.7890620231628418,0.7890620231628418,1.0,512,512,306,403.999755859375,403.999755859375,306.0,-1610648576.0,2130706432.0,-119.5029525756836,2645920.25,-3024.0,0.0,224.0,0.12063542364131685,0.0010753952230780632,1.5781240463256836,1.5781240463256836,12.0
infer(airway),CN010013-82196069-48645,F:\airway_segment_with_img\imgs\CN010013-82196069-48645.nii.gz,0.7519530057907104,0.7519530057907104,1.25,512,512,277,384.99993896484375,384.99993896484375,346.25,-3024.0,1771.0,-1096.336181640625,1100.5306396484375,-3024.0,-931.0,486.0,0.21579098086253617,0.0017253169110610853,1.503906011581421,1.503906011581421,15.0
infer(airway),CN010013-82212876-48838,F:\airway_segment_with_img\imgs\CN010013-82212876-48838.nii.gz,0.7832030057907104,0.7832030057907104,1.25,512,512,273,400.99993896484375,400.99993896484375,341.25,-3024.0,1737.0,-995.1238403320312,1151.2203369140625,-3024.0,-882.0,474.0,0.2159421427155739,0.0011464209432343055,1.566406011581421,1.566406011581421,15.0
infer(airway),CN010013-81725161-48663,F:\airway_segment_with_img\imgs\CN010013-81725161-48663.nii.gz,0.8085939884185791,0.8085939884185791,1.25,512,512,613,414.0001220703125,414.0001220703125,766.25,-785396.0,822083584.0,-392.4490051269531,1425453.875,-3024.0,-937.0,307.0,0.22018771296651007,0.002299534246022945,1.6171879768371582,1.6171879768371582,15.0
infer(airway),CN010013-82232768-41537,F:\airway_segment_with_img\imgs\CN010013-82232768-41537.nii.gz,0.5996090173721313,0.5996090173721313,1.0,512,512,321,306.99981689453125,306.99981689453125,321.0,-3024.0,1614.0,-989.148193359375,1139.97314453125,-3024.0,-871.0,501.0,0.2127514645343537,0.0022100876063397066,1.1992180347442627,1.1992180347442627,12.0
infer(airway),CN010013-82232768-42114,F:\airway_segment_with_img\imgs\CN010013-82232768-42114.nii.gz,0.7421879768371582,0.7421879768371582,1.0,512,512,296,380.000244140625,380.000244140625,296.0,-3024.0,1677.0,-1114.6461181640625,1075.715087890625,-3024.0,-954.0,360.0,0.21276071744858027,0.001470642931314039,1.4843759536743164,1.4843759536743164,12.0
infer(airway),CN010013-82207861-46291,F:\airway_segment_with_img\imgs\CN010013-82207861-46291.nii.gz,0.7851560115814209,0.7851560115814209,1.2500019073486328,512,512,521,401.9998779296875,401.9998779296875,651.2509937286377,-3024.0,1758.0,-1110.716796875,1090.9930419921875,-3024.0,-983.0,297.0,0.21578950559216076,0.0009927361019471774,1.5703120231628418,1.5703120231628418,15.000022888183594
infer(airway),CN010013-82232768-46962,F:\airway_segment_with_img\imgs\CN010013-82232768-46962.nii.gz,0.6933590173721313,0.6933590173721313,1.25,512,512,245,354.99981689453125,354.99981689453125,306.25,-3024.0,3071.0,-1085.1793212890625,1111.9520263671875,-3024.0,-949.0,541.0,0.21577970847092906,0.004420875121581773,1.3867180347442627,1.3867180347442627,15.0
infer(airway),CN010013-82232768-47379,F:\airway_segment_with_img\imgs\CN010013-82232768-47379.nii.gz,0.7324219942092896,0.7324219942092896,1.2500042915344238,512,512,237,375.00006103515625,375.00006103515625,296.25101709365845,-3024.0,3071.0,-1105.6055908203125,1125.515869140625,-3024.0,-930.0,635.0,0.224365234375,0.0046690606869725735,1.464843988418579,1.464843988418579,15.000051498413086
infer(airway),CN010013-82232768-43441,F:\airway_segment_with_img\imgs\CN010013-82232768-43441.nii.gz,0.7421879768371582,0.7421879768371582,1.0,512,512,311,380.000244140625,380.000244140625,311.0,-3024.0,1675.0,-1119.0621337890625,1073.617431640625,-3024.0,-971.0,340.0,0.21276224453207232,0.001456907082318519,1.4843759536743164,1.4843759536743164,12.0
infer(airway),CN010013-82267985-48927,F:\airway_segment_with_img\imgs\CN010013-82267985-48927.nii.gz,0.7382810115814209,0.7382810115814209,1.25,512,512,257,377.9998779296875,377.9998779296875,321.25,-3024.0,3062.0,-960.3433837890625,1165.926025390625,-3024.0,-813.0,547.0,0.21576269706651674,0.003343929677552522,1.4765620231628418,1.4765620231628418,15.0
infer(airway),CN010013-82275370-46157,F:\airway_segment_with_img\imgs\CN010013-82275370-46157.nii.gz,0.7304689884185791,0.7304689884185791,1.25,512,512,257,374.0001220703125,374.0001220703125,321.25,-3024.0,2306.0,-902.7366943359375,1192.567138671875,-3024.0,-522.0,623.0,0.21576269706651674,0.0041271742986756,1.4609379768371582,1.4609379768371582,15.0
infer(airway),CN010013-82261961-48940,F:\airway_segment_with_img\imgs\CN010013-82261961-48940.nii.gz,0.734375,0.734375,1.25,512,512,285,376.0,376.0,356.25,-3024.0,2787.0,-954.896484375,1174.1226806640625,-3024.0,-848.0,584.0,0.2157745361328125,0.003078715006510417,1.46875,1.46875,15.0
infer(airway),CN010013-82275650-47397,F:\airway_segment_with_img\imgs\CN010013-82275650-47397.nii.gz,0.7988280057907104,0.7988280057907104,1.25,512,512,273,408.99993896484375,408.99993896484375,341.25,-3024.0,3071.0,-1110.599609375,1096.15478515625,-3024.0,-970.0,400.0,0.2159421427155739,0.0012384766837397368,1.597656011581421,1.597656011581421,15.0
infer(airway),CN010013-82278992-47615,F:\airway_segment_with_img\imgs\CN010013-82278992-47615.nii.gz,0.6875,0.6875,1.25,512,512,241,352.0,352.0,301.25,-3024.0,1752.0,-1060.6142578125,1139.4249267578125,-3024.0,-900.0,465.29000000003725,0.224365234375,0.0020458173949688798,1.375,1.375,15.0
infer(airway),CN010013-82282163-48652,F:\airway_segment_with_img\imgs\CN010013-82282163-48652.nii.gz,0.7597659826278687,0.7597659826278687,1.25,512,512,265,389.00018310546875,389.00018310546875,331.25,-3024.0,1549.0,-957.3959350585938,1169.4034423828125,-3024.0,-846.0,517.0,0.21579147573691118,0.0014696657858076737,1.5195319652557373,1.5195319652557373,15.0
infer(airway),CN010013-CT107579-xxx,F:\airway_segment_with_img\imgs\CN010013-CT107579-xxx.nii.gz,0.728515625,0.728515625,1.5,512,512,198,373.0,373.0,297.0,-1024.0,2232.0,-664.5271606445312,472.13104248046875,-1024.0,-926.0,584.0,0.0,0.0031978712916915456,1.45703125,1.45703125,18.0
infer(airway),CN010013-CT107198-xxx,F:\airway_segment_with_img\imgs\CN010013-CT107198-xxx.nii.gz,0.740234375,0.740234375,1.5,512,512,252,379.0,379.0,378.0,-32751.0,32348.0,-441.40924072265625,571.8659057617188,-1024.0,-432.0,535.0,4.940940322705165e-05,0.0028430994106899304,1.48046875,1.48046875,18.0
infer(airway),CN010013-82269582-48917,F:\airway_segment_with_img\imgs\CN010013-82269582-48917.nii.gz,0.8242189884185791,0.8242189884185791,1.25,512,512,557,422.0001220703125,422.0001220703125,696.25,-3024.0,1788.0,-1094.6298828125,1103.4013671875,-3024.0,-984.0,402.0,0.215773136052991,0.0019344555574419776,1.6484379768371582,1.6484379768371582,15.0
infer(airway),CN010013-CT112911-xxx,F:\airway_segment_with_img\imgs\CN010013-CT112911-xxx.nii.gz,0.72265625,0.72265625,1.5,512,512,185,370.0,370.0,277.5,-1024.0,3071.0,-525.777099609375,488.670654296875,-1024.0,-786.0,589.0,0.0,0.001998591655299902,1.4453125,1.4453125,18.0
infer(airway),CN010013-CT110960-xxx,F:\airway_segment_with_img\imgs\CN010013-CT110960-xxx.nii.gz,0.759765625,0.759765625,1.5,512,512,201,389.0,389.0,301.5,-1024.0,1701.0,-637.1083984375,467.5869140625,-1024.0,-939.0,442.0,0.0,0.001222638593463444,1.51953125,1.51953125,18.0
infer(airway),CN010013-82282166-48646,F:\airway_segment_with_img\imgs\CN010013-82282166-48646.nii.gz,0.625,0.625,1.25,512,512,289,320.0,320.0,361.25,-3024.0,1703.0,-1007.0302124023438,1147.515625,-3024.0,-887.0,550.0,0.21578792932649504,0.002112179768517938,1.25,1.25,15.0
infer(airway),CN010013-CT112319-xxx,F:\airway_segment_with_img\imgs\CN010013-CT112319-xxx.nii.gz,0.7421875,0.7421875,1.5,512,512,213,380.0,380.0,319.5,-1024.0,2801.0,-682.0700073242188,464.45660400390625,-1024.0,-933.0,588.0,0.0,0.0028417880749205056,1.484375,1.484375,18.0
infer(airway),CN010013-CT114024-xxx,F:\airway_segment_with_img\imgs\CN010013-CT114024-xxx.nii.gz,0.70703125,0.70703125,1.5,512,512,189,362.0,362.0,283.5,-1024.0,3069.0,-560.6954956054688,490.64013671875,-1024.0,-855.0,576.0,0.0,0.0022751940272750805,1.4140625,1.4140625,18.0
infer(airway),CN010013-CT114132-xxx,F:\airway_segment_with_img\imgs\CN010013-CT114132-xxx.nii.gz,0.689453125,0.689453125,1.5,512,512,201,353.0,353.0,301.5,-32768.0,32767.0,-247.61448669433594,2217.128662109375,-1024.0,0.0,991.0,0.004967417655085762,0.009780083903957792,1.37890625,1.37890625,18.0
infer(airway),CN010013-CT113631-xxx,F:\airway_segment_with_img\imgs\CN010013-CT113631-xxx.nii.gz,0.69140625,0.69140625,1.5,512,512,207,354.0,354.0,310.5,-1024.0,3071.0,-602.5338134765625,498.3096618652344,-1024.0,-896.0,747.0,0.0,0.005266270174211066,1.3828125,1.3828125,18.0
infer(airway),CN010013-82277526-46782,F:\airway_segment_with_img\imgs\CN010013-82277526-46782.nii.gz,0.9453129768371582,0.9453129768371582,1.25,512,512,525,484.000244140625,484.000244140625,656.25,-3024.0,1630.0,-1096.7706298828125,1098.7030029296875,-3024.0,-987.0,355.0,0.21579043946226112,0.0009515816409920114,1.8906259536743164,1.8906259536743164,15.0
infer(airway),CN010013-CT116606-xxx,F:\airway_segment_with_img\imgs\CN010013-CT116606-xxx.nii.gz,0.73828125,0.73828125,1.5,512,512,176,378.0,378.0,264.0,-1024.0,3071.0,-499.0149841308594,489.6263427734375,-1024.0,-756.0,465.0,0.0,0.0007849603878505402,1.4765625,1.4765625,18.0
infer(airway),CN010013-CT118303-xxx,F:\airway_segment_with_img\imgs\CN010013-CT118303-xxx.nii.gz,0.767578125,0.767578125,1.5,512,512,198,393.0,393.0,297.0,-1024.0,3071.0,-566.4271240234375,480.41436767578125,-1024.0,-875.0,483.0,0.0,0.0012673268120268813,1.53515625,1.53515625,18.0
infer(airway),CN010013-82283003-48949,F:\airway_segment_with_img\imgs\CN010013-82283003-48949.nii.gz,0.8046879768371582,0.8046879768371582,1.2499982118606567,512,512,561,412.000244140625,412.000244140625,701.2489968538284,-3024.0,1745.0,-1071.5478515625,1111.778564453125,-3024.0,-963.0,344.0,0.21577439133311696,0.001138710886689964,1.6093759536743164,1.6093759536743164,14.99997854232788
infer(airway),CN010013-CT126689-xxx,F:\airway_segment_with_img\imgs\CN010013-CT126689-xxx.nii.gz,0.64453125,0.64453125,1.5,512,512,202,330.0,330.0,303.0,-1024.0,3071.0,-699.2932739257812,447.2290954589844,-1024.0,-939.0,450.0,0.0,0.0023260960236097215,1.2890625,1.2890625,18.0
infer(airway),CN010013-CT125949-xxx,F:\airway_segment_with_img\imgs\CN010013-CT125949-xxx.nii.gz,0.669921875,0.669921875,1.5,512,512,196,343.0,343.0,294.0,-1024.0,3071.0,-614.9795532226562,484.2535400390625,-1024.0,-892.0,620.0,0.0,0.004329602365796749,1.33984375,1.33984375,18.0
infer(airway),CN010013-CT121920-xxx,F:\airway_segment_with_img\imgs\CN010013-CT121920-xxx.nii.gz,0.759765625,0.759765625,1.5,512,512,201,389.0,389.0,301.5,-1024.0,3071.0,-553.0276489257812,506.9870300292969,-1024.0,-835.0,804.0,0.0,0.005583348748691402,1.51953125,1.51953125,18.0
infer(airway),CN010013-T20150130-1,F:\airway_segment_with_img\imgs\CN010013-T20150130-1.nii.gz,0.693359375,0.693359375,1.5,512,512,220,355.0,355.0,330.0,-1024.0,1816.0,-575.6678466796875,476.2291259765625,-1024.0,-875.0,369.0,0.0,0.0007225902219513557,1.38671875,1.38671875,18.0
infer(airway),CN024001-11848948-21935,F:\airway_segment_with_img\imgs\CN024001-11848948-21935.nii.gz,0.6347659826278687,0.6347659826278687,1.25,512,512,235,325.00018310546875,325.00018310546875,293.75,-2147483520.0,2145053696.0,-5036.3388671875,17570780.0,-3024.0,-155.0,564.0,0.18532714781093798,0.0037484507259132227,1.2695319652557373,1.2695319652557373,15.0
infer(airway),CN024001-07912670-20758,F:\airway_segment_with_img\imgs\CN024001-07912670-20758.nii.gz,0.7910159826278687,0.7910159826278687,1.25,512,512,247,405.00018310546875,405.00018310546875,308.75,-3024.0,3071.0,-979.9715576171875,1149.919189453125,-3024.0,-870.0,518.0,0.2127399650070409,0.0029860726391856924,1.5820319652557373,1.5820319652557373,15.0
infer(airway),CN024001-10256709-22344,F:\airway_segment_with_img\imgs\CN024001-10256709-22344.nii.gz,0.7050780057907104,0.7050780057907104,1.25,512,512,271,360.99993896484375,360.99993896484375,338.75,-3024.0,2944.0,-1024.0057373046875,1140.5145263671875,-3024.0,-935.0,645.0,0.21291785288254259,0.0045293260942493065,1.410156011581421,1.410156011581421,15.0
infer(airway),CN024001-12012459-4900,F:\airway_segment_with_img\imgs\CN024001-12012459-4900.nii.gz,0.7675780057907104,0.7675780057907104,1.25,512,512,276,392.99993896484375,392.99993896484375,345.0,-3024.0,2423.0,-993.22412109375,1144.203125,-3024.0,-871.0,566.0,0.21275479390197566,0.0034457488878536073,1.535156011581421,1.535156011581421,15.0
infer(airway),CN024001-12378062-20619,F:\airway_segment_with_img\imgs\CN024001-12378062-20619.nii.gz,0.7207030057907104,0.7207030057907104,1.25,512,512,301,368.99993896484375,368.99993896484375,376.25,-2147483648.0,2147483648.0,3629053.5,118414472.0,-16310945.60999996,-905.0,16777212.0,0.23094603459131294,0.023034176638950764,1.441406011581421,1.441406011581421,15.0
infer(airway),CN024001-13202875-5337,F:\airway_segment_with_img\imgs\CN024001-13202875-5337.nii.gz,0.703125,0.703125,1.25,512,512,263,360.0,360.0,328.75,-3024.0,3071.0,-1087.4617919921875,1109.032470703125,-3024.0,-963.0,658.0,0.21275392484103917,0.004957293160559948,1.40625,1.40625,15.0
infer(airway),CN024001-13545922-22686,F:\airway_segment_with_img\imgs\CN024001-13545922-22686.nii.gz,0.6542969942092896,0.6542969942092896,1.25,512,512,229,335.00006103515625,335.00006103515625,286.25,-3024.0,3071.0,-1016.3795776367188,1147.100830078125,-3024.0,-918.0,779.0,0.21273710497995335,0.006314020668386622,1.308593988418579,1.308593988418579,15.0
infer(airway),CN371001-T2086373-29319-4,F:\airway_segment_with_img\imgs\CN371001-T2086373-29319-4.nii.gz,0.7988280057907104,0.7988280057907104,1.25,512,512,217,408.99993896484375,408.99993896484375,271.25,-1644222976.0,1124044032.0,-219933.171875,2182266.75,-773889.0,-215297.0,116480.0,0.711496609078178,0.10727578698801618,1.597656011581421,1.597656011581421,15.0
infer(airway),CN371001-T2029382-6236-303,F:\airway_segment_with_img\imgs\CN371001-T2029382-6236-303.nii.gz,0.8496090173721313,0.8496090173721313,1.25,512,512,241,434.99981689453125,434.99981689453125,301.25,-3024.0,3071.0,-1087.66650390625,1131.374267578125,-3024.0,-936.0,526.0,0.224365234375,0.002786850038900415,1.6992180347442627,1.6992180347442627,15.0
infer(airway),CN024001-13821821-20349,F:\airway_segment_with_img\imgs\CN024001-13821821-20349.nii.gz,0.6855469942092896,0.6855469942092896,1.25,512,512,259,351.00006103515625,351.00006103515625,323.75,-3024.0,3071.0,-1046.7386474609375,1125.7596435546875,-3024.0,-934.0,642.0,0.21275303329475728,0.00424553600267612,1.371093988418579,1.371093988418579,15.0
infer(airway),CN371001-T2133008-2539-203,F:\airway_segment_with_img\imgs\CN371001-T2133008-2539-203.nii.gz,0.841796875,0.841796875,1.0,512,512,255,431.0,431.0,255.0,-1024.0,1384.0,-617.8642578125,474.0886535644531,-1024.0,-946.0,350.0,0.0,0.00021260579427083334,1.68359375,1.68359375,12.0
infer(airway),CN371001-T2133420-T2133420-5,F:\airway_segment_with_img\imgs\CN371001-T2133420-T2133420-5.nii.gz,0.6309999823570251,0.6309999823570251,1.0,512,512,250,323.0719909667969,323.0719909667969,250.0,-3104.0,18946.0,-901.0724487304688,752.283203125,-2048.0,-969.0,575.0,0.21994873963966685,0.002121413537166279,1.2619999647140503,1.2619999647140503,12.0
infer(airway),CN371001-T2132474-T2132474-4,F:\airway_segment_with_img\imgs\CN371001-T2132474-T2132474-4.nii.gz,0.794921875,0.794921875,0.699999988079071,512,512,391,407.0,407.0,273.6999953389168,-1024.0,1870.0,-703.9985961914062,449.4963073730469,-1024.0,-964.0,427.0,0.0,0.0016650415347198196,1.58984375,1.58984375,8.399999856948853
infer(airway),CN371001-T2132736-T2132736-13,F:\airway_segment_with_img\imgs\CN371001-T2132736-T2132736-13.nii.gz,0.8984375,0.8984375,0.699999988079071,512,512,441,460.0,460.0,308.69999474287033,-1024.0,2425.0,-743.5872192382812,442.5545349121094,-1024.0,-995.0,350.0,0.0,0.0011022481949870535,1.796875,1.796875,8.399999856948853
infer(airway),CN411001-50101461-1-6,F:\airway_segment_with_img\imgs\CN411001-50101461-1-6.nii.gz,0.69921875,0.69921875,1.0,512,512,266,358.0,358.0,266.0,-1024.0,2043.0,-575.9867553710938,465.30487060546875,-1023.0,-887.0,287.0,0.0,0.00023289723660401698,1.3984375,1.3984375,12.0
infer(airway),CN371001-T2133194-T2133194-4,F:\airway_segment_with_img\imgs\CN371001-T2133194-T2133194-4.nii.gz,0.7578125,0.7578125,0.699999988079071,512,512,394,388.0,388.0,275.799995303154,-1024.0,1884.0,-727.7958374023438,446.818115234375,-1024.0,-979.0,458.0,0.0,0.0021613647863179012,1.515625,1.515625,8.399999856948853
infer(airway),CN371001-T2132744-T2132744-4,F:\airway_segment_with_img\imgs\CN371001-T2132744-T2132744-4.nii.gz,0.859375,0.859375,0.699999988079071,512,512,455,440.0,440.0,318.4999945759773,-1024.0,3071.0,-674.2837524414062,470.65655517578125,-1024.0,-967.0,431.0,0.0,0.0014618250377529144,1.71875,1.71875,8.399999856948853
infer(airway),CN411001-566794-14892-5,F:\airway_segment_with_img\imgs\CN411001-566794-14892-5.nii.gz,0.703125,0.703125,0.625,512,512,425,360.0,360.0,265.625,-3024.0,3071.0,-982.9049682617188,1147.35009765625,-3024.0,-846.0,455.0,0.21355666740052456,0.001953268331619323,1.40625,1.40625,7.5
infer(airway),CN411002-3092445-R01610166-4,F:\airway_segment_with_img\imgs\CN411002-3092445-R01610166-4.nii.gz,0.58203125,0.58203125,0.699999988079071,512,512,448,298.0,298.0,313.5999946594238,-32182.0,30991.0,-510.6985778808594,502.921875,-1024.0,-812.0,552.0,4.521436128686101e-06,0.0036950180807206966,1.1640625,1.1640625,8.399999856948853
infer(airway),CN411002-3523679-R01586520-4,F:\airway_segment_with_img\imgs\CN411002-3523679-R01586520-4.nii.gz,0.734375,0.734375,0.699999988079071,512,512,449,376.0,376.0,314.2999946475029,-1024.0,2389.0,-589.1272583007812,486.5099182128906,-1024.0,-900.0,466.0,0.0,0.0022792425516087785,1.46875,1.46875,8.399999856948853
infer(airway),CN411002-3091649-R01682878-4,F:\airway_segment_with_img\imgs\CN411002-3091649-R01682878-4.nii.gz,0.712890625,0.712890625,0.699999988079071,512,512,516,365.0,365.0,361.19999384880066,-1024.0,2012.0,-523.9153442382812,486.412109375,-1024.0,-822.0,482.0,0.0,0.001356819362048571,1.42578125,1.42578125,8.399999856948853
infer(airway),CN411002-1049005-R01620279-4,F:\airway_segment_with_img\imgs\CN411002-1049005-R01620279-4.nii.gz,0.71875,0.71875,0.699999988079071,512,512,517,368.0,368.0,361.89999383687973,-1024.0,3071.0,-666.8445434570312,465.7291259765625,-1024.0,-938.0,434.0,0.0,0.002392294083587799,1.4375,1.4375,8.399999856948853
infer(airway),CN411002-4078816-R01587720-4,F:\airway_segment_with_img\imgs\CN411002-4078816-R01587720-4.nii.gz,0.6640625,0.6640625,0.699999988079071,512,512,444,340.0,340.0,310.79999470710754,-1024.0,2807.0,-359.0400695800781,457.6080322265625,-1024.0,-181.0,474.0,0.0,0.0018649141171312054,1.328125,1.328125,8.399999856948853
infer(airway),CN411002-4272151-R01681503-4,F:\airway_segment_with_img\imgs\CN411002-4272151-R01681503-4.nii.gz,0.80078125,0.80078125,1.0,512,512,335,410.0,410.0,335.0,-1024.0,3070.0,-518.4803466796875,476.2848205566406,-1024.0,-799.0,397.0,0.0,0.0007249971190508399,1.6015625,1.6015625,12.0
infer(airway),CN411001-520491-38527-4,F:\airway_segment_with_img\imgs\CN411001-520491-38527-4.nii.gz,0.7851560115814209,0.7851560115814209,0.625,512,512,529,401.9998779296875,401.9998779296875,330.625,-3024.0,3071.0,-990.1159057617188,1144.1121826171875,-3024.0,-871.0,414.0,0.21275630218166033,0.0013321151302837875,1.5703120231628418,1.5703120231628418,7.5
infer(airway),CN411002-4193680-R01577758-4,F:\airway_segment_with_img\imgs\CN411002-4193680-R01577758-4.nii.gz,0.71875,0.71875,0.699999988079071,512,512,494,368.0,368.0,345.7999941110611,-1024.0,3064.0,-541.7841186523438,489.5303955078125,-1024.0,-860.0,488.0,0.0,0.0037273596530634267,1.4375,1.4375,8.399999856948853
infer(airway),CN411001-571022-17764-5,F:\airway_segment_with_img\imgs\CN411001-571022-17764-5.nii.gz,0.703125,0.703125,0.625,512,512,529,360.0,360.0,330.625,-3024.0,3071.0,-1006.1672973632812,1138.242919921875,-3024.0,-864.0,583.0,0.21275630218166033,0.002765186314397343,1.40625,1.40625,7.5
infer(airway),CN411002-4389295-R01577629-4,F:\airway_segment_with_img\imgs\CN411002-4389295-R01577629-4.nii.gz,0.71875,0.71875,0.699999988079071,512,512,459,368.0,368.0,321.2999945282936,-1024.0,2486.0,-557.387939453125,480.9099426269531,-1024.0,-865.0,421.0,0.0,0.0011873094766256685,1.4375,1.4375,8.399999856948853
infer(airway),CN411002-4389617-R01578154-4,F:\airway_segment_with_img\imgs\CN411002-4389617-R01578154-4.nii.gz,0.71875,0.71875,0.699999988079071,512,512,491,368.0,368.0,343.6999941468239,-1024.0,3071.0,-534.569091796875,489.3849792480469,-1024.0,-850.0,442.0,0.0,0.0017533617884290243,1.4375,1.4375,8.399999856948853
infer(airway),CN411002-4492357-R01704559-4,F:\airway_segment_with_img\imgs\CN411002-4492357-R01704559-4.nii.gz,0.6796875,0.6796875,0.699999988079071,512,512,488,348.0,348.0,341.59999418258667,-29100.0,32764.0,-222.4299774169922,426.8316955566406,-1024.0,0.0,297.0,1.000576331967213e-05,0.0005197994044569672,1.359375,1.359375,8.399999856948853
infer(airway),CN411002-4493587-R01707231-4,F:\airway_segment_with_img\imgs\CN411002-4493587-R01707231-4.nii.gz,0.916015625,0.916015625,1.0,512,512,294,469.0,469.0,294.0,-1024.0,2185.0,-624.9663696289062,476.17401123046875,-1024.0,-923.0,419.0,0.0,0.0019714972904563035,1.83203125,1.83203125,12.0
infer(airway),CN411002-P00116914-R00494119-4,F:\airway_segment_with_img\imgs\CN411002-P00116914-R00494119-4.nii.gz,0.705078125,0.705078125,1.0,512,512,306,361.0,361.0,306.0,-1024.0,2430.0,-600.1824340820312,461.46942138671875,-1024.0,-890.0,364.0,0.0,0.0005346308951234098,1.41015625,1.41015625,12.0
infer(airway),CN411002-4470161-R01673935-4,F:\airway_segment_with_img\imgs\CN411002-4470161-R01673935-4.nii.gz,0.705078125,0.705078125,1.0,512,512,356,361.0,361.0,356.0,-1024.0,2452.0,-573.436279296875,490.874755859375,-1024.0,-881.0,493.0,0.0,0.0024546711778090473,1.41015625,1.41015625,12.0
infer(airway),CN411002-4441436-R01656841-4,F:\airway_segment_with_img\imgs\CN411002-4441436-R01656841-4.nii.gz,0.6640625,0.6640625,0.699999988079071,512,512,341,340.0,340.0,238.69999593496323,-1024.0,3071.0,-482.7756652832031,490.37762451171875,-1024.0,-710.0,497.0,0.0,0.002909685477095288,1.328125,1.328125,8.399999856948853
infer(airway),CN411002-4399219-R01590732-4,F:\airway_segment_with_img\imgs\CN411002-4399219-R01590732-4.nii.gz,0.71875,0.71875,0.699999988079071,512,512,494,368.0,368.0,345.7999941110611,-1024.0,3071.0,-616.0951538085938,476.431396484375,-1024.0,-900.0,473.0,0.0,0.0033775118644578236,1.4375,1.4375,8.399999856948853
infer(airway),CN411002-4430944-R01627398-4,F:\airway_segment_with_img\imgs\CN411002-4430944-R01627398-4.nii.gz,0.63671875,0.63671875,0.699999988079071,512,512,460,326.0,326.0,321.9999945163727,-1024.0,3071.0,-555.1753540039062,497.8519592285156,-1024.0,-866.0,576.0,0.0,0.0043893639494461826,1.2734375,1.2734375,8.399999856948853
infer(airway),CN411002-P00117054-R00495233-4,F:\airway_segment_with_img\imgs\CN411002-P00117054-R00495233-4.nii.gz,0.705078125,0.705078125,1.0,512,512,334,361.0,361.0,334.0,-1024.0,1971.0,-524.9539184570312,495.5366516113281,-1024.0,-837.0,531.0,0.0,0.0030212391301725904,1.41015625,1.41015625,12.0
infer(airway),CN411002-P00118514-R00538493-4,F:\airway_segment_with_img\imgs\CN411002-P00118514-R00538493-4.nii.gz,0.705078125,0.705078125,1.0,512,512,313,361.0,361.0,313.0,-1024.0,3071.0,-627.3967895507812,469.21209716796875,-1024.0,-914.0,423.0,0.0,0.0011471147836529232,1.41015625,1.41015625,12.0
infer(airway),CN411002-4417043-R01687016-4,F:\airway_segment_with_img\imgs\CN411002-4417043-R01687016-4.nii.gz,0.6953125,0.6953125,0.699999988079071,512,512,476,356.0,356.0,333.1999943256378,-1024.0,3070.0,-502.53515625,484.6297302246094,-1024.0,-752.0,491.0,0.0,0.001632297373985431,1.390625,1.390625,8.399999856948853
infer(airway),CN411002-4399770-R01591653-4,F:\airway_segment_with_img\imgs\CN411002-4399770-R01591653-4.nii.gz,0.71875,0.71875,0.699999988079071,512,512,497,368.0,368.0,347.8999940752983,-1024.0,2516.0,-654.9601440429688,473.56134033203125,-1024.0,-917.0,522.0,0.0,0.002998443787917472,1.4375,1.4375,8.399999856948853
infer(airway),CN411002-4492695-R01705446-4,F:\airway_segment_with_img\imgs\CN411002-4492695-R01705446-4.nii.gz,0.701171875,0.701171875,0.699999988079071,512,512,508,359.0,359.0,355.5999939441681,-1024.0,3071.0,-533.9425659179688,504.12744140625,-1024.0,-861.0,598.0,0.0,0.0037029583417186557,1.40234375,1.40234375,8.399999856948853
infer(airway),CN411002-P00118799-R00543730-4,F:\airway_segment_with_img\imgs\CN411002-P00118799-R00543730-4.nii.gz,0.705078125,0.705078125,1.0,512,512,284,361.0,361.0,284.0,-1024.0,3071.0,-573.8836059570312,490.5701599121094,-1024.0,-879.0,485.0,0.0,0.002660804356103721,1.41015625,1.41015625,12.0
infer(airway),CN411002-P00118701-R00542650-4,F:\airway_segment_with_img\imgs\CN411002-P00118701-R00542650-4.nii.gz,0.748046875,0.748046875,1.0,512,512,328,383.0,383.0,328.0,-1024.0,3066.0,-517.2755737304688,493.21881103515625,-1024.0,-823.0,486.0,0.0,0.0014272776054942687,1.49609375,1.49609375,12.0
infer(airway),CN411002-P00119099-R00546610-4,F:\airway_segment_with_img\imgs\CN411002-P00119099-R00546610-4.nii.gz,0.705078125,0.705078125,1.0,512,512,255,361.0,361.0,255.0,-1024.0,3071.0,-521.2870483398438,479.2010498046875,-1024.0,-817.0,416.0,0.0,0.0015233357747395833,1.41015625,1.41015625,12.0
infer(airway),CN411002-P00119029-R00545960-4,F:\airway_segment_with_img\imgs\CN411002-P00119029-R00545960-4.nii.gz,0.72265625,0.72265625,1.0,512,512,303,370.0,370.0,303.0,-1024.0,3070.0,-510.09429931640625,490.0834655761719,-1024.0,-808.0,453.0,0.0,0.0018073857567527689,1.4453125,1.4453125,12.0
infer(airway),CN411002-P00118803-R00543734-4,F:\airway_segment_with_img\imgs\CN411002-P00118803-R00543734-4.nii.gz,0.681640625,0.681640625,1.0,512,512,341,349.0,349.0,341.0,-1024.0,3071.0,-648.8155517578125,467.8763427734375,-1024.0,-928.0,443.0,0.0,0.001955731501473217,1.36328125,1.36328125,12.0
infer(airway),CN411002-P00120648-R00576463-4,F:\airway_segment_with_img\imgs\CN411002-P00120648-R00576463-4.nii.gz,0.705078125,0.705078125,1.0,512,512,326,361.0,361.0,326.0,-32762.0,32767.0,-291.6087951660156,997.6130981445312,-1024.0,0.0,457.0,0.0008146248046460282,0.00316641994789219,1.41015625,1.41015625,12.0
infer(airway),CN411002-P00119155-R00546846-4,F:\airway_segment_with_img\imgs\CN411002-P00119155-R00546846-4.nii.gz,0.830078125,0.830078125,1.0,512,512,320,425.0,425.0,320.0,-1024.0,3050.0,-586.4840698242188,486.07916259765625,-1024.0,-885.0,492.0,0.0,0.001980185131037687,1.66015625,1.66015625,12.0
infer(airway),CN411002-P00119308-R00550288-4,F:\airway_segment_with_img\imgs\CN411002-P00119308-R00550288-4.nii.gz,0.705078125,0.705078125,1.0,512,512,308,361.0,361.0,308.0,-1024.0,3071.0,-584.4593505859375,474.9310607910156,-1024.0,-886.0,414.0,0.0,0.0016747263081831555,1.41015625,1.41015625,12.0
infer(airway),CN411002-P00120178-R00572637-4,F:\airway_segment_with_img\imgs\CN411002-P00120178-R00572637-4.nii.gz,0.64453125,0.64453125,1.0,512,512,295,330.0,330.0,295.0,-1024.0,1985.0,-500.5580749511719,496.8184814453125,-1024.0,-802.0,532.0,0.0,0.002908892850568742,1.2890625,1.2890625,12.0
infer(airway),CN411002-P00119486-R00556440-4,F:\airway_segment_with_img\imgs\CN411002-P00119486-R00556440-4.nii.gz,0.681640625,0.681640625,1.0,512,512,327,349.0,349.0,327.0,-1024.0,2178.0,-606.85302734375,478.7206726074219,-1024.0,-904.0,441.0,0.0,0.0018023450048507308,1.36328125,1.36328125,12.0
infer(airway),CN411002-P00119663-R00558790-4,F:\airway_segment_with_img\imgs\CN411002-P00119663-R00558790-4.nii.gz,0.779296875,0.779296875,1.0,512,512,337,399.0,399.0,337.0,-1024.0,1976.0,-545.2437133789062,490.08038330078125,-1024.0,-850.0,482.0,0.0,0.0022336346150711502,1.55859375,1.55859375,12.0
infer(airway),CN411002-P00120561-R00575706-4,F:\airway_segment_with_img\imgs\CN411002-P00120561-R00575706-4.nii.gz,0.662109375,0.662109375,1.0,512,512,309,339.0,339.0,309.0,-32256.0,27455.0,-651.7205200195312,483.6100158691406,-1024.0,-912.0,555.0,1.3160085864498694e-05,0.004156562504587049,1.32421875,1.32421875,12.0
infer(airway),CN411002-P00120860-R00577273-4,F:\airway_segment_with_img\imgs\CN411002-P00120860-R00577273-4.nii.gz,0.587890625,0.587890625,1.0,512,512,292,301.0,301.0,292.0,-1024.0,3071.0,-488.2633056640625,513.4281005859375,-1024.0,-763.0,913.0,0.0,0.00824824733023559,1.17578125,1.17578125,12.0
infer(airway),CN411002-P00121360-R00580439-4,F:\airway_segment_with_img\imgs\CN411002-P00121360-R00580439-4.nii.gz,0.765625,0.765625,1.0,512,512,282,392.0,392.0,282.0,-1024.0,3065.0,-564.036376953125,492.3559875488281,-1024.0,-856.0,579.0,0.0,0.0033238853772567358,1.53125,1.53125,12.0
infer(airway),CN411002-P00121280-R00579730-4,F:\airway_segment_with_img\imgs\CN411002-P00121280-R00579730-4.nii.gz,0.6953125,0.6953125,1.0,512,512,331,356.0,356.0,331.0,-1024.0,3071.0,-603.7359008789062,475.7350158691406,-1024.0,-882.0,544.0,0.0,0.003091218323379164,1.390625,1.390625,12.0
infer(airway),CN411002-P00121359-R00580438-4,F:\airway_segment_with_img\imgs\CN411002-P00121359-R00580438-4.nii.gz,0.7265625,0.7265625,1.0,512,512,320,372.0,372.0,320.0,-1024.0,3071.0,-514.3557739257812,500.8233337402344,-1024.0,-799.0,612.0,0.0,0.003557323730979208,1.453125,1.453125,12.0
infer(airway),CN411002-P00121913-R00586173-4,F:\airway_segment_with_img\imgs\CN411002-P00121913-R00586173-4.nii.gz,0.705078125,0.705078125,1.0,512,512,292,361.0,361.0,292.0,-32722.0,32310.0,-24.30889320373535,230.61813354492188,-975.0,0.0,0.0,2.2417869079644576e-05,0.00013807369364962909,1.41015625,1.41015625,12.0
infer(airway),CN411002-P00121456-R00581176-4,F:\airway_segment_with_img\imgs\CN411002-P00121456-R00581176-4.nii.gz,0.705078125,0.705078125,1.0,512,512,324,361.0,361.0,324.0,-1024.0,3071.0,-588.7521362304688,473.6761474609375,-1024.0,-869.0,497.0,0.0,0.003016871495652394,1.41015625,1.41015625,12.0
infer(airway),CN411002-P00121477-R00581201-4,F:\airway_segment_with_img\imgs\CN411002-P00121477-R00581201-4.nii.gz,0.716796875,0.716796875,1.0,512,512,307,367.0,367.0,307.0,-1024.0,3064.0,-527.6591796875,502.5982971191406,-1024.0,-819.0,677.0,0.0,0.004405252679220983,1.43359375,1.43359375,12.0
infer(airway),CN411002-P00121518-R00581249-4,F:\airway_segment_with_img\imgs\CN411002-P00121518-R00581249-4.nii.gz,0.705078125,0.705078125,1.0,512,512,299,361.0,361.0,299.0,-1024.0,3071.0,-537.2155151367188,485.5212707519531,-1024.0,-828.0,592.0,0.0,0.003991269321627107,1.41015625,1.41015625,12.0
infer(airway),CN411002-P00121522-R00581260-4,F:\airway_segment_with_img\imgs\CN411002-P00121522-R00581260-4.nii.gz,0.705078125,0.705078125,1.0,512,512,274,361.0,361.0,274.0,-1024.0,3071.0,-511.533203125,472.72760009765625,-1024.0,-764.0,472.0,0.0,0.0011297067774387432,1.41015625,1.41015625,12.0
infer(airway),CN411002-P00121575-R00581884-4,F:\airway_segment_with_img\imgs\CN411002-P00121575-R00581884-4.nii.gz,0.716796875,0.716796875,1.0,512,512,315,367.0,367.0,315.0,-1024.0,2622.0,-533.2619018554688,491.3685302734375,-1024.0,-823.0,519.0,0.0,0.0018564860026041667,1.43359375,1.43359375,12.0
infer(airway),CN411002-P00121638-R00582013-4,F:\airway_segment_with_img\imgs\CN411002-P00121638-R00582013-4.nii.gz,0.705078125,0.705078125,1.0,512,512,276,361.0,361.0,276.0,-1024.0,3071.0,-711.8793334960938,441.07806396484375,-1024.0,-927.0,498.0,0.0,0.003940774848590071,1.41015625,1.41015625,12.0
infer(airway),CN411002-P00121576-R00581885-4,F:\airway_segment_with_img\imgs\CN411002-P00121576-R00581885-4.nii.gz,0.705078125,0.705078125,1.0,512,512,281,361.0,361.0,281.0,-1024.0,3071.0,-630.4131469726562,480.3792419433594,-1024.0,-904.0,622.0,0.0,0.005174601356788312,1.41015625,1.41015625,12.0
infer(airway),CN411002-P00121894-R00586130-4,F:\airway_segment_with_img\imgs\CN411002-P00121894-R00586130-4.nii.gz,0.85546875,0.85546875,1.0,512,512,366,438.0,438.0,366.0,-1024.0,2306.0,-639.1616821289062,470.3908996582031,-1024.0,-904.0,508.0,0.0,0.0022092725409836064,1.7109375,1.7109375,12.0
infer(airway),CN411002-P00121960-R00586411-4,F:\airway_segment_with_img\imgs\CN411002-P00121960-R00586411-4.nii.gz,0.705078125,0.705078125,1.0,512,512,260,361.0,361.0,260.0,-1024.0,2337.0,-471.743896484375,492.9595031738281,-1024.0,-687.0,590.0,0.0,0.0025075024802860904,1.41015625,1.41015625,12.0
infer(airway),CN411002-P00121959-R00586409-4,F:\airway_segment_with_img\imgs\CN411002-P00121959-R00586409-4.nii.gz,0.748046875,0.748046875,1.0,512,512,299,383.0,383.0,299.0,-1024.0,2525.0,-535.2001342773438,489.3841552734375,-1024.0,-817.0,561.0,0.0,0.0023536292176632423,1.49609375,1.49609375,12.0
infer(airway),CN411002-P00121950-R00586394-4,F:\airway_segment_with_img\imgs\CN411002-P00121950-R00586394-4.nii.gz,0.705078125,0.705078125,1.0,512,512,280,361.0,361.0,280.0,-1024.0,3070.0,-540.0430908203125,476.2885437011719,-1024.0,-807.0,532.0,0.0,0.0027039111439550395,1.41015625,1.41015625,12.0
infer(airway),CN411002-P00121924-R00586189-4,F:\airway_segment_with_img\imgs\CN411002-P00121924-R00586189-4.nii.gz,0.779296875,0.779296875,1.0,512,512,333,399.0,399.0,333.0,-1024.0,2354.0,-543.8192138671875,490.13134765625,-1024.0,-831.0,543.0,0.0,0.0025504623595103515,1.55859375,1.55859375,12.0
infer(airway),CN411002-P00189552-R01578653-4,F:\airway_segment_with_img\imgs\CN411002-P00189552-R01578653-4.nii.gz,0.71875,0.71875,0.699999988079071,512,512,488,368.0,368.0,341.59999418258667,-31171.0,32000.0,-47.903778076171875,229.351318359375,-1007.0,0.0,125.0,6.003457991803279e-06,0.0001065613793545082,1.4375,1.4375,8.399999856948853
infer(airway),CN411002-P00189954-R01582907-4,F:\airway_segment_with_img\imgs\CN411002-P00189954-R01582907-4.nii.gz,0.6796875,0.6796875,0.699999988079071,512,512,516,348.0,348.0,361.19999384880066,-32513.0,32256.0,-30.08043098449707,213.6127166748047,-996.0,0.0,46.0,1.1562373222347955e-05,0.00010657491839729421,1.359375,1.359375,8.399999856948853
infer(airway),CN411002-P00189393-R01577193-4,F:\airway_segment_with_img\imgs\CN411002-P00189393-R01577193-4.nii.gz,0.865234375,0.865234375,0.699999988079071,512,512,502,443.0,443.0,351.39999401569366,-1024.0,2644.0,-640.0274658203125,467.9147644042969,-1024.0,-927.0,374.0,0.0,0.0009920336388676574,1.73046875,1.73046875,8.399999856948853
infer(airway),CN411002-P00189451-R01577470-4,F:\airway_segment_with_img\imgs\CN411002-P00189451-R01577470-4.nii.gz,0.728515625,0.728515625,0.699999988079071,512,512,487,373.0,373.0,340.8999941945076,-1024.0,2043.0,-508.7810363769531,490.58978271484375,-1024.0,-790.0,479.0,0.0,0.0015430489604722792,1.45703125,1.45703125,8.399999856948853
infer(airway),CN411002-P00189449-R01577464-4,F:\airway_segment_with_img\imgs\CN411002-P00189449-R01577464-4.nii.gz,0.716796875,0.716796875,0.699999988079071,512,512,514,367.0,367.0,359.7999938726425,-1024.0,3043.0,-529.8699951171875,493.97003173828125,-1024.0,-831.0,508.0,0.0,0.0015508445365407335,1.43359375,1.43359375,8.399999856948853
infer(airway),CN411002-P00189475-R01577528-4,F:\airway_segment_with_img\imgs\CN411002-P00189475-R01577528-4.nii.gz,0.7265625,0.7265625,0.699999988079071,512,512,516,372.0,372.0,361.19999384880066,-1024.0,3059.0,-462.9912109375,485.8520812988281,-1024.0,-583.0,493.0,0.0,0.0017916651375847006,1.453125,1.453125,8.399999856948853
infer(airway),CN411002-P00189568-R01578687-4,F:\airway_segment_with_img\imgs\CN411002-P00189568-R01578687-4.nii.gz,0.6796875,0.6796875,0.699999988079071,512,512,551,348.0,348.0,385.69999343156815,-32768.0,32767.0,2540.982421875,14815.4365234375,-31743.0,0.0,31742.0,0.21329199873246846,0.42368302816719894,1.359375,1.359375,8.399999856948853
infer(airway),CN411002-P00189517-R01578021-4,F:\airway_segment_with_img\imgs\CN411002-P00189517-R01578021-4.nii.gz,0.6796875,0.6796875,0.699999988079071,512,512,516,348.0,348.0,361.19999384880066,-1024.0,3071.0,-579.6593627929688,478.5545654296875,-1024.0,-879.0,471.0,0.0,0.0021616610806998353,1.359375,1.359375,8.399999856948853
infer(airway),CN411002-P00189666-R01579377-4,F:\airway_segment_with_img\imgs\CN411002-P00189666-R01579377-4.nii.gz,0.6796875,0.6796875,0.699999988079071,512,512,487,348.0,348.0,340.8999941945076,-1024.0,3071.0,-607.2421875,477.2793273925781,-1024.0,-903.0,473.0,0.0,0.0025747561601642713,1.359375,1.359375,8.399999856948853
infer(airway),CN411002-P00189790-R01581111-4,F:\airway_segment_with_img\imgs\CN411002-P00189790-R01581111-4.nii.gz,0.71875,0.71875,0.699999988079071,512,512,422,368.0,368.0,295.399994969368,-1024.0,2500.0,-430.8880615234375,493.6848449707031,-1024.0,-369.0,568.0,0.0,0.002045110894113371,1.4375,1.4375,8.399999856948853
infer(airway),CN411002-P00189671-R01579383-4,F:\airway_segment_with_img\imgs\CN411002-P00189671-R01579383-4.nii.gz,0.6796875,0.6796875,0.699999988079071,512,512,516,348.0,348.0,361.19999384880066,-1024.0,3071.0,-593.0968017578125,485.8045349121094,-1024.0,-891.0,527.0,0.0,0.0031122892443285304,1.359375,1.359375,8.399999856948853
infer(airway),CN411002-P00190515-R01588955-4,F:\airway_segment_with_img\imgs\CN411002-P00190515-R01588955-4.nii.gz,0.6796875,0.6796875,0.699999988079071,512,512,437,348.0,348.0,305.89999479055405,-1024.0,3071.0,-591.0115966796875,478.58477783203125,-1024.0,-886.0,452.0,0.0,0.002081392522985945,1.359375,1.359375,8.399999856948853
infer(airway),CN411002-P00189681-R01579585-4,F:\airway_segment_with_img\imgs\CN411002-P00189681-R01579585-4.nii.gz,0.662109375,0.662109375,0.699999988079071,512,512,501,339.0,339.0,350.6999940276146,-1024.0,2041.0,-611.228271484375,486.78173828125,-1024.0,-899.0,530.0,0.0,0.002607150466955323,1.32421875,1.32421875,8.399999856948853
infer(airway),CN411002-P00189680-R01579480-4,F:\airway_segment_with_img\imgs\CN411002-P00189680-R01579480-4.nii.gz,0.6796875,0.6796875,0.699999988079071,512,512,565,348.0,348.0,395.49999326467514,-1024.0,2113.0,-471.9421081542969,501.6985168457031,-1024.0,-730.0,567.0,0.0,0.0030104024723278436,1.359375,1.359375,8.399999856948853
infer(airway),CN411002-P00191345-R01601003-4,F:\airway_segment_with_img\imgs\CN411002-P00191345-R01601003-4.nii.gz,0.658203125,0.658203125,0.699999988079071,512,512,444,337.0,337.0,310.79999470710754,-32516.0,32256.0,-385.5860290527344,485.62322998046875,-1024.0,-112.0,358.0,1.1658881406365243e-05,0.0010878243260026004,1.31640625,1.31640625,8.399999856948853
infer(airway),CN411002-P00190579-R01589498-4,F:\airway_segment_with_img\imgs\CN411002-P00190579-R01589498-4.nii.gz,0.71875,0.71875,0.699999988079071,512,512,502,368.0,368.0,351.39999401569366,-1024.0,2587.0,-512.5189819335938,487.8314208984375,-1024.0,-807.0,496.0,0.0,0.0016841501311009065,1.4375,1.4375,8.399999856948853
infer(airway),CN411002-P00191215-R01598883-4,F:\airway_segment_with_img\imgs\CN411002-P00191215-R01598883-4.nii.gz,0.634765625,0.634765625,0.699999988079071,512,512,446,325.0,325.0,312.1999946832657,-1024.0,3071.0,-584.9497680664062,478.4391784667969,-1024.0,-885.0,452.0,0.0,0.0017848933530006342,1.26953125,1.26953125,8.399999856948853
infer(airway),CN411002-P00191758-R01605231-4,F:\airway_segment_with_img\imgs\CN411002-P00191758-R01605231-4.nii.gz,0.6484375,0.6484375,0.699999988079071,512,512,404,332.0,332.0,282.7999951839447,-1024.0,3071.0,-506.7208251953125,487.4769592285156,-1024.0,-777.0,468.0,0.0,0.0017465456929382504,1.296875,1.296875,8.399999856948853
infer(airway),CN411002-P00191773-R01605313-4,F:\airway_segment_with_img\imgs\CN411002-P00191773-R01605313-4.nii.gz,0.650390625,0.650390625,0.699999988079071,512,512,403,333.0,333.0,282.09999519586563,-1024.0,3071.0,-518.9535522460938,490.6772155761719,-1024.0,-817.0,482.0,0.0,0.0016901756096973637,1.30078125,1.30078125,8.399999856948853
infer(airway),CN411002-P00191781-R01605391-4,F:\airway_segment_with_img\imgs\CN411002-P00191781-R01605391-4.nii.gz,0.6796875,0.6796875,0.699999988079071,512,512,400,348.0,348.0,279.9999952316284,-1024.0,3071.0,-409.1761779785156,480.1600036621094,-1024.0,-240.0,528.0,0.0,0.002396325196644235,1.359375,1.359375,8.399999856948853
infer(airway),CN411002-P00192362-R01611236-4,F:\airway_segment_with_img\imgs\CN411002-P00192362-R01611236-4.nii.gz,0.55078125,0.55078125,0.699999988079071,512,512,454,282.0,282.0,317.79999458789825,-32768.0,32767.0,-19.027639389038086,1802.779052734375,-1016.0,0.0,235.0,0.003089903642799274,0.006168211954584618,1.1015625,1.1015625,8.399999856948853
infer(airway),CN411002-P00195588-R01653128-4,F:\airway_segment_with_img\imgs\CN411002-P00195588-R01653128-4.nii.gz,0.6796875,0.6796875,0.699999988079071,512,512,505,348.0,348.0,353.4999939799309,-32768.0,32767.0,-7.50671911239624,960.0375366210938,-980.0,0.0,0.0,0.0008006632042116302,0.0019561082707193114,1.359375,1.359375,8.399999856948853
infer(airway),CN411002-P00191851-R01606546-4,F:\airway_segment_with_img\imgs\CN411002-P00191851-R01606546-4.nii.gz,0.6796875,0.6796875,0.699999988079071,512,512,461,348.0,348.0,322.69999450445175,-1024.0,2127.0,-503.9706115722656,498.11480712890625,-1024.0,-798.0,550.0,0.0,0.0023572500835385203,1.359375,1.359375,8.399999856948853
infer(airway),CN411002-P00192070-R01609239-4,F:\airway_segment_with_img\imgs\CN411002-P00192070-R01609239-4.nii.gz,0.6015625,0.6015625,0.699999988079071,512,512,492,308.0,308.0,344.39999413490295,-1024.0,3071.0,-580.8593139648438,496.2774353027344,-1024.0,-888.0,566.0,0.0,0.0035983749859517223,1.203125,1.203125,8.399999856948853
infer(airway),CN411002-P00192366-R01611620-4,F:\airway_segment_with_img\imgs\CN411002-P00192366-R01611620-4.nii.gz,0.654296875,0.654296875,0.699999988079071,512,512,387,335.0,335.0,270.8999953866005,-1024.0,3071.0,-558.15185546875,490.28680419921875,-1024.0,-879.0,479.0,0.0,0.0025648360078443164,1.30859375,1.30859375,8.399999856948853
infer(airway),CN411002-P00194155-R01635385-4,F:\airway_segment_with_img\imgs\CN411002-P00194155-R01635385-4.nii.gz,0.71875,0.71875,0.699999988079071,512,512,494,368.0,368.0,345.7999941110611,-25600.0,6912.0,-347.237548828125,468.46844482421875,-1024.0,0.0,290.0,5.019336995776228e-07,0.0009039825929392987,1.4375,1.4375,8.399999856948853
infer(airway),CN411002-P00196988-R01661938-4,F:\airway_segment_with_img\imgs\CN411002-P00196988-R01661938-4.nii.gz,0.705078125,0.705078125,1.0,512,512,321,361.0,361.0,321.0,-31748.0,32508.0,-465.52777099609375,500.839111328125,-1024.0,-647.5,391.0,3.5770204033243804e-06,0.0010935462375877391,1.41015625,1.41015625,12.0
infer(airway),CN411002-P00192385-R01611663-4,F:\airway_segment_with_img\imgs\CN411002-P00192385-R01611663-4.nii.gz,0.640625,0.640625,0.699999988079071,512,512,456,328.0,328.0,319.1999945640564,-1024.0,3071.0,-522.4622192382812,481.6051330566406,-1024.0,-805.0,464.0,0.0,0.001955031759854841,1.28125,1.28125,8.399999856948853
infer(airway),CN411002-P00192736-R01615090-4,F:\airway_segment_with_img\imgs\CN411002-P00192736-R01615090-4.nii.gz,0.640625,0.640625,0.699999988079071,512,512,438,328.0,328.0,306.5999947786331,-1024.0,3071.0,-536.8441162109375,478.27392578125,-1024.0,-831.0,421.0,0.0,0.0011815279545776,1.28125,1.28125,8.399999856948853
infer(airway),CN411002-P00195191-R01647685-4,F:\airway_segment_with_img\imgs\CN411002-P00195191-R01647685-4.nii.gz,0.6796875,0.6796875,0.699999988079071,512,512,418,348.0,348.0,292.5999950170517,-1024.0,2006.0,-527.9642333984375,480.6036376953125,-1024.0,-810.0,495.0600000000559,0.0,0.002798280375145247,1.359375,1.359375,8.399999856948853
infer(airway),CN411002-P00195173-R01647237-4,F:\airway_segment_with_img\imgs\CN411002-P00195173-R01647237-4.nii.gz,0.634765625,0.634765625,0.699999988079071,512,512,443,325.0,325.0,310.0999947190285,-1024.0,3071.0,-616.8145141601562,479.3742980957031,-1024.0,-910.0,490.0,0.0,0.003079811939427994,1.26953125,1.26953125,8.399999856948853
infer(airway),CN411002-P00199956-R01682634-4,F:\airway_segment_with_img\imgs\CN411002-P00199956-R01682634-4.nii.gz,0.6796875,0.6796875,0.699999988079071,512,512,426,348.0,348.0,298.19999492168427,-30796.0,32319.0,-56.14982223510742,244.51329040527344,-1009.0,0.0,139.0,8.02340024681985e-06,8.073546498362474e-05,1.359375,1.359375,8.399999856948853
infer(airway),CN411002-P00196696-R01660650-4,F:\airway_segment_with_img\imgs\CN411002-P00196696-R01660650-4.nii.gz,0.748046875,0.748046875,0.699999988079071,512,512,442,383.0,383.0,309.3999947309494,-1024.0,3071.0,-517.80615234375,474.3280334472656,-1024.0,-789.0,409.0,0.0,0.0008925179166839781,1.49609375,1.49609375,8.399999856948853
infer(airway),CN411002-P00198089-R01670611-4,F:\airway_segment_with_img\imgs\CN411002-P00198089-R01670611-4.nii.gz,0.6796875,0.6796875,0.699999988079071,512,512,515,348.0,348.0,360.4999938607216,-1024.0,3071.0,-666.9075927734375,460.7732238769531,-1024.0,-933.0,444.0,0.0,0.002382947944852208,1.359375,1.359375,8.399999856948853
infer(airway),CN411002-P00199383-R01679292-4,F:\airway_segment_with_img\imgs\CN411002-P00199383-R01679292-4.nii.gz,0.705078125,0.705078125,1.0,512,512,286,361.0,361.0,286.0,-1024.0,1979.0,-515.562744140625,490.96185302734375,-1024.0,-813.0,480.0,0.0,0.0019138571672582426,1.41015625,1.41015625,12.0
infer(airway),CN411002-P00201651-R01701349-4,F:\airway_segment_with_img\imgs\CN411002-P00201651-R01701349-4.nii.gz,0.6796875,0.6796875,0.699999988079071,512,512,500,348.0,348.0,349.9999940395355,-31744.0,31999.0,-94.2360610961914,307.8174133300781,-1018.0,0.0,247.0,1.661681621801263e-05,0.00022457878888586765,1.359375,1.359375,8.399999856948853
infer(airway),CN411002-P00198222-R01671689-4,F:\airway_segment_with_img\imgs\CN411002-P00198222-R01671689-4.nii.gz,0.6796875,0.6796875,0.699999988079071,512,512,479,348.0,348.0,335.29999428987503,-1024.0,3071.0,-506.84039306640625,479.6643981933594,-1024.0,-778.0,439.0,0.0,0.0012497949202434164,1.359375,1.359375,8.399999856948853
infer(airway),CN411002-P00198429-R01673017-4,F:\airway_segment_with_img\imgs\CN411002-P00198429-R01673017-4.nii.gz,0.6796875,0.6796875,0.699999988079071,512,512,487,348.0,348.0,340.8999941945076,-1024.0,2208.0,-567.6328735351562,487.4253234863281,-1024.0,-873.0,489.0,0.0,0.001843336916067762,1.359375,1.359375,8.399999856948853
infer(airway),CN411003-103585-160407908-4,F:\airway_segment_with_img\imgs\CN411003-103585-160407908-4.nii.gz,0.708984375,0.708984375,1.0,512,512,316,363.0,363.0,316.0,-1024.0,3071.0,-598.05322265625,493.8978576660156,-1024.0,-916.0,580.0,0.0,0.004130664262731947,1.41796875,1.41796875,12.0
infer(airway),CN411003-188372-9604-204,F:\airway_segment_with_img\imgs\CN411003-188372-9604-204.nii.gz,0.68359375,0.68359375,0.9999696016311646,512,512,330,350.0,350.0,329.9899685382843,-1024.0,2380.0,-600.439697265625,472.8965148925781,-1024.0,-908.0,353.0,0.0,0.0006632486979166667,1.3671875,1.3671875,11.999635219573975
infer(airway),CN411002-P00200131-R01683857-4,F:\airway_segment_with_img\imgs\CN411002-P00200131-R01683857-4.nii.gz,0.71875,0.71875,0.699999988079071,512,512,488,368.0,368.0,341.59999418258667,-1024.0,2064.0,-627.5169067382812,478.1587219238281,-1024.0,-920.0,449.0,0.0,0.0021862592853483607,1.4375,1.4375,8.399999856948853
infer(airway),CN411002-P00201148-R01697024-4,F:\airway_segment_with_img\imgs\CN411002-P00201148-R01697024-4.nii.gz,0.6796875,0.6796875,0.699999988079071,512,512,427,348.0,348.0,298.89999490976334,-32768.0,32767.0,-633.0339965820312,859.6057739257812,-1024.0,-920.0,526.0,0.0005558201524077869,0.003742155481557377,1.359375,1.359375,8.399999856948853
infer(airway),CN411003-280652-51442-3,F:\airway_segment_with_img\imgs\CN411003-280652-51442-3.nii.gz,0.822265625,0.822265625,1.0,512,512,292,421.0,421.0,292.0,-32768.0,32767.0,-340.5654602050781,1898.033203125,-1024.0,-37.0,747.0,0.002986162060813565,0.008309386973180077,1.64453125,1.64453125,12.0
infer(airway),CN411002-P00200425-R01685416-4,F:\airway_segment_with_img\imgs\CN411002-P00200425-R01685416-4.nii.gz,0.708984375,0.708984375,0.699999988079071,512,512,490,363.0,363.0,342.9999941587448,-1024.0,1901.0,-499.28857421875,488.59930419921875,-1024.0,-782.0,498.0,0.0,0.0013845011772814287,1.41796875,1.41796875,8.399999856948853
infer(airway),CN411002-P00200927-R01695001-4,F:\airway_segment_with_img\imgs\CN411002-P00200927-R01695001-4.nii.gz,0.6796875,0.6796875,0.699999988079071,512,512,487,348.0,348.0,340.8999941945076,-1024.0,3071.0,-449.0647277832031,477.6010437011719,-1024.0,-319.0,474.0,0.0,0.001969167094455852,1.359375,1.359375,8.399999856948853
infer(airway),CN411002-P00201667-R01701755-4,F:\airway_segment_with_img\imgs\CN411002-P00201667-R01701755-4.nii.gz,0.708984375,0.708984375,0.699999988079071,512,512,481,363.0,363.0,336.6999942660332,-1024.0,2153.0,-538.6416015625,495.8877258300781,-1024.0,-834.0,553.0,0.0,0.003040845081860707,1.41796875,1.41796875,8.399999856948853
infer(airway),CN411002-P00202053-R01705708-4,F:\airway_segment_with_img\imgs\CN411002-P00202053-R01705708-4.nii.gz,0.6796875,0.6796875,0.699999988079071,512,512,457,348.0,348.0,319.89999455213547,-1024.0,3071.0,-594.06591796875,483.5561218261719,-1024.0,-886.0,553.0,0.0,0.003144745435386224,1.359375,1.359375,8.399999856948853
infer(airway),CN411003-236129-162458852-6,F:\airway_segment_with_img\imgs\CN411003-236129-162458852-6.nii.gz,0.708984375,0.708984375,1.0,512,512,320,363.0,363.0,320.0,-1024.0,3071.0,-595.1054077148438,484.006591796875,-1024.0,-912.0,469.0,0.0,0.002237534096234494,1.41796875,1.41796875,12.0
infer(airway),CN411003-189214-169310911-6,F:\airway_segment_with_img\imgs\CN411003-189214-169310911-6.nii.gz,0.693359375,0.693359375,1.0,512,512,307,355.0,355.0,307.0,-1024.0,3071.0,-621.6195068359375,469.07470703125,-1024.0,-886.0,531.0,0.0,0.0018162051348933508,1.38671875,1.38671875,12.0
infer(airway),CN411003-313173-148900440240802-301,F:\airway_segment_with_img\imgs\CN411003-313173-148900440240802-301.nii.gz,0.341796875,0.341796875,0.9999696016311646,1024,1024,330,350.0,350.0,329.9899685382843,-32768.0,32767.0,-35.72639083862305,600.0927734375,-1024.0,0.0,95.0,0.00031025620524981657,0.000654705963104151,1.3671875,1.3671875,11.999635219573975
infer(airway),CN411003-411454-168678090272095-301,F:\airway_segment_with_img\imgs\CN411003-411454-168678090272095-301.nii.gz,0.4404296875,0.4404296875,1.0,1024,1024,340,451.0,451.0,340.0,-30436.0,23036.0,-58.462711334228516,239.27203369140625,-1024.0,0.0,58.0,1.0041627567079328e-06,8.786424121194412e-05,1.76171875,1.76171875,12.0
infer(airway),CN411003-421104-152268592-6,F:\airway_segment_with_img\imgs\CN411003-421104-152268592-6.nii.gz,0.708984375,0.708984375,1.0,512,512,336,363.0,363.0,336.0,-1024.0,2142.0,-569.983154296875,477.955078125,-1024.0,-888.0,392.0,0.0,0.0011132443895854685,1.41796875,1.41796875,12.0
infer(airway),CN411003-435025-158826356-4,F:\airway_segment_with_img\imgs\CN411003-435025-158826356-4.nii.gz,0.677734375,0.677734375,1.0,512,512,325,347.0,347.0,325.0,-1024.0,2521.0,-488.6414489746094,491.135498046875,-1024.0,-728.0,608.0,0.0,0.0045277872692007,1.35546875,1.35546875,12.0
infer(airway),CN411003-426529-152731831-6,F:\airway_segment_with_img\imgs\CN411003-426529-152731831-6.nii.gz,0.708984375,0.708984375,1.0,512,512,394,363.0,363.0,394.0,-1024.0,2297.0,-528.1996459960938,495.9529113769531,-1024.0,-848.0,515.0,0.0,0.001970049012080584,1.41796875,1.41796875,12.0
infer(airway),CN411003-438689-159907294-6,F:\airway_segment_with_img\imgs\CN411003-438689-159907294-6.nii.gz,0.63671875,0.63671875,1.0,512,512,367,326.0,326.0,367.0,-1024.0,2261.0,-585.7685546875,502.53009033203125,-1024.0,-916.0,574.0,0.0,0.0032433434551997907,1.2734375,1.2734375,12.0
infer(airway),CN411003-373365-176250306284398-201,F:\airway_segment_with_img\imgs\CN411003-373365-176250306284398-201.nii.gz,0.3623046875,0.3623046875,2.0,1024,1024,150,371.0,371.0,300.0,-1024.0,3071.0,-639.34619140625,486.2452392578125,-1024.0,-939.0,463.0,0.0,0.0017790341180772369,1.44921875,1.44921875,24.0
infer(airway),CN411003-447688-169198311-6,F:\airway_segment_with_img\imgs\CN411003-447688-169198311-6.nii.gz,0.568359375,0.568359375,1.0,512,512,294,291.0,291.0,294.0,-1024.0,3071.0,-512.4541015625,508.7796936035156,-1024.0,-803.0,653.0,0.0,0.00554458311384233,1.13671875,1.13671875,12.0
infer(airway),CN411003-449782-168660347-4,F:\airway_segment_with_img\imgs\CN411003-449782-168660347-4.nii.gz,0.701171875,0.701171875,1.0,512,512,305,359.0,359.0,305.0,-1024.0,2778.0,-524.7195434570312,490.67431640625,-1024.0,-829.0,506.0,0.0,0.0017334984951331968,1.40234375,1.40234375,12.0
infer(airway),CN411003-450497-169475928-4,F:\airway_segment_with_img\imgs\CN411003-450497-169475928-4.nii.gz,0.626953125,0.626953125,1.0,512,512,331,321.0,321.0,331.0,-1024.0,2641.0,-548.0442504882812,489.5169982910156,-1024.0,-878.0,480.0,0.0,0.0019720715320901525,1.25390625,1.25390625,12.0
infer(airway),CN411003-430531-167717179270452-201,F:\airway_segment_with_img\imgs\CN411003-430531-167717179270452-201.nii.gz,0.341796875,0.341796875,1.0,1024,1024,300,350.0,350.0,300.0,-18177.0,3071.0,-321.06402587890625,465.79412841796875,-1024.0,0.0,255.0,1.5068047301614088e-06,0.0009447665658112034,1.3671875,1.3671875,12.0
infer(airway),CN411003-443981-585-301,F:\airway_segment_with_img\imgs\CN411003-443981-585-301.nii.gz,0.36328125,0.36328125,1.0,1024,1024,320,372.0,372.0,320.0,-32768.0,32767.0,-100.87232971191406,824.3515625,-1024.0,0.0,138.0,0.00046913614861752534,0.001211642987891581,1.453125,1.453125,12.0
infer(airway),CN411003-440381-161033843259829-201,F:\airway_segment_with_img\imgs\CN411003-440381-161033843259829-201.nii.gz,0.3603515625,0.3603515625,0.9999686479568481,1024,1024,320,369.0,369.0,319.9899673461914,-29956.0,27644.0,-282.92388916015625,451.70892333984375,-1024.0,0.0,301.0,5.006789206163558e-06,0.0012336728603987005,1.44140625,1.44140625,11.999623775482178
infer(airway),CN411003-437007-158545076255882-201,F:\airway_segment_with_img\imgs\CN411003-437007-158545076255882-201.nii.gz,0.341796875,0.341796875,1.0,1024,1024,350,350.0,350.0,350.0,-32516.0,32764.0,-322.54046630859375,662.5025024414062,-1024.0,0.0,375.0,0.00020555767798036072,0.001993909476409499,1.3671875,1.3671875,12.0
infer(airway),CN411003-291452-169769883273710-201,F:\airway_segment_with_img\imgs\CN411003-291452-169769883273710-201.nii.gz,0.3623046875,0.3623046875,1.0,1024,1024,350,371.0,371.0,350.0,-1024.0,3071.0,-581.6561279296875,506.0497741699219,-1024.0,-927.0,562.0,0.0,0.002535378481821181,1.44921875,1.44921875,12.0
infer(airway),CN411003-450986-166733124-6,F:\airway_segment_with_img\imgs\CN411003-450986-166733124-6.nii.gz,0.771484375,0.771484375,1.0,512,512,355,395.0,395.0,355.0,-1024.0,2188.0,-489.9201965332031,500.5106506347656,-1024.0,-776.0,544.0,0.0,0.0030201654121364187,1.54296875,1.54296875,12.0
infer(airway),CN411003-452993-176906177-3,F:\airway_segment_with_img\imgs\CN411003-452993-176906177-3.nii.gz,0.66796875,0.66796875,1.0,512,512,316,342.0,342.0,316.0,-1024.0,2579.0,-556.20654296875,497.0262756347656,-1024.0,-880.0,547.0,0.0,0.0032824254863049744,1.3359375,1.3359375,12.0
infer(airway),CN411003-434423-157688787254578-601,F:\airway_segment_with_img\imgs\CN411003-434423-157688787254578-601.nii.gz,0.408203125,0.408203125,1.0,1024,1024,330,418.0,418.0,330.0,-32768.0,32767.0,1211.2447509765625,11105.7138671875,-30719.0,-106.0,30720.0,0.11904887616352362,0.2508257994377172,1.6328125,1.6328125,12.0
infer(airway),CN411003-470366-6828-402,F:\airway_segment_with_img\imgs\CN411003-470366-6828-402.nii.gz,0.798828125,0.798828125,2.0,512,512,180,409.0,409.0,360.0,-1024.0,1775.0,-619.5784912109375,485.37152099609375,-1024.0,-941.0,446.0,0.0,0.00110626220703125,1.59765625,1.59765625,24.0
infer(airway),CN411003-471447-6811-402,F:\airway_segment_with_img\imgs\CN411003-471447-6811-402.nii.gz,0.748046875,0.748046875,2.0,512,512,165,383.0,383.0,330.0,-1024.0,3071.0,-727.2202758789062,439.18017578125,-1024.0,-969.0,391.0,0.0,0.0012273152669270834,1.49609375,1.49609375,24.0
infer(airway),CN411003-454845-175578740-5,F:\airway_segment_with_img\imgs\CN411003-454845-175578740-5.nii.gz,0.697265625,0.697265625,1.0,512,512,271,357.0,357.0,271.0,-1024.0,3071.0,-634.4303588867188,483.40264892578125,-1024.0,-925.0,543.0,0.0,0.004053995161556774,1.39453125,1.39453125,12.0
infer(airway),CN411003-440718-161788418260965-201,F:\airway_segment_with_img\imgs\CN411003-440718-161788418260965-201.nii.gz,0.341796875,0.341796875,1.0,1024,1024,320,350.0,350.0,320.0,-1024.0,3071.0,-629.2171630859375,494.3528137207031,-1024.0,-952.0,561.0,0.0,0.0030886882612822988,1.3671875,1.3671875,12.0
infer(airway),CN411003-447576-168694678272100-301,F:\airway_segment_with_img\imgs\CN411003-447576-168694678272100-301.nii.gz,0.4287109375,0.4287109375,1.0,1024,1024,330,439.0,439.0,330.0,-1024.0,3071.0,-686.8995971679688,476.4510498046875,-1024.0,-965.0,512.0,0.0,0.00224822608374705,1.71484375,1.71484375,12.0
infer(airway),CN411003-471451-175604965-5,F:\airway_segment_with_img\imgs\CN411003-471451-175604965-5.nii.gz,0.822265625,0.822265625,1.0,512,512,329,421.0,421.0,329.0,-1024.0,3071.0,-567.4093627929688,484.3844909667969,-1024.0,-869.0,459.0,0.0,0.00221108573288513,1.64453125,1.64453125,12.0
infer(airway),CN411003-442703-162122694261483-201,F:\airway_segment_with_img\imgs\CN411003-442703-162122694261483-201.nii.gz,0.4326171875,0.4326171875,0.9999749660491943,1024,1024,400,443.0,443.0,399.98998641967773,-1024.0,2122.0,-690.5227661132812,472.9232177734375,-1024.0,-974.0,470.0,0.0,0.0020988460352237633,1.73046875,1.73046875,11.999699592590332
infer(airway),CN411003-83144781-156898469-4,F:\airway_segment_with_img\imgs\CN411003-83144781-156898469-4.nii.gz,0.72265625,0.72265625,1.0,512,512,315,370.0,370.0,315.0,-1024.0,3067.0,-551.223876953125,490.0723876953125,-1024.0,-869.0,524.0,0.0,0.00299224853515625,1.4453125,1.4453125,12.0
infer(airway),CN411003-67888-8286-405,F:\airway_segment_with_img\imgs\CN411003-67888-8286-405.nii.gz,0.703125,0.703125,1.0,512,512,340,360.0,360.0,340.0,-1024.0,2266.0,-608.8197631835938,477.8840637207031,-1024.0,-926.0,424.0,0.0,0.0016888446384105372,1.40625,1.40625,12.0
infer(airway),CN531009-P00009866-46028,F:\airway_segment_with_img\imgs\CN531009-P00009866-46028.nii.gz,0.703125,0.703125,1.25,512,512,261,360.0,360.0,326.25,-3024.0,3071.0,-1001.5531616210938,1133.4293212890625,-3024.0,-883.0,405.0,0.21275793591924888,0.0012645497394679684,1.40625,1.40625,15.0
infer(airway),CN531009-P00009953-46058,F:\airway_segment_with_img\imgs\CN531009-P00009953-46058.nii.gz,0.8027340173721313,0.8027340173721313,1.25,512,512,245,410.99981689453125,410.99981689453125,306.25,-3024.0,3071.0,-1055.560302734375,1110.9005126953125,-3024.0,-928.0,404.0,0.21273637474880808,0.0012177445418582987,1.6054680347442627,1.6054680347442627,15.0
infer(airway),CN531009-P00009995-46068,F:\airway_segment_with_img\imgs\CN531009-P00009995-46068.nii.gz,0.703125,0.703125,1.25,512,512,265,360.0,360.0,331.25,-3024.0,3071.0,-1107.74951171875,1080.311279296875,-3024.0,-946.0,285.0,0.21275389773806494,0.0004353072468076209,1.40625,1.40625,15.0
infer(airway),CN531009-P00010003-46072,F:\airway_segment_with_img\imgs\CN531009-P00010003-46072.nii.gz,0.703125,0.703125,1.25,512,512,241,360.0,360.0,301.25,-3024.0,3071.0,-1023.719482421875,1146.2333984375,-3024.0,-879.0,314.0,0.22216796875,0.0009476910982883817,1.40625,1.40625,15.0
infer(airway),CN531009-P00009985-46063,F:\airway_segment_with_img\imgs\CN531009-P00009985-46063.nii.gz,0.703125,0.703125,1.25,512,512,297,360.0,360.0,371.25,-3024.0,3071.0,-1039.750244140625,1113.9967041015625,-3024.0,-905.0,309.0,0.2127616303533287,0.0007313427452803347,1.40625,1.40625,15.0
infer(airway),CN531009-P00010034-46087,F:\airway_segment_with_img\imgs\CN531009-P00010034-46087.nii.gz,0.703125,0.703125,1.25,512,512,297,360.0,360.0,371.25,-3024.0,3071.0,-1102.693603515625,1086.4534912109375,-3024.0,-977.0,326.0,0.2127616303533287,0.0010544359443939073,1.40625,1.40625,15.0
infer(airway),CN531009-P00010165-46109,F:\airway_segment_with_img\imgs\CN531009-P00010165-46109.nii.gz,0.7871090173721313,0.7871090173721313,1.25,512,512,313,402.99981689453125,402.99981689453125,391.25,-3024.0,2799.0,-1073.308837890625,1100.82666015625,-3024.0,-971.0,290.0,0.2127506338308259,0.0004156435539161864,1.5742180347442627,1.5742180347442627,15.0
infer(airway),CN411003-454428-168597643271950-201,F:\airway_segment_with_img\imgs\CN411003-454428-168597643271950-201.nii.gz,0.3798828125,0.3798828125,1.0,1024,1024,300,389.0,389.0,300.0,-1024.0,3071.0,-560.8115234375,498.1642150878906,-1024.0,-897.0,517.0,0.0,0.0023837650831153487,1.51953125,1.51953125,12.0
infer(airway),CN411003-455861-169210017272843-301,F:\airway_segment_with_img\imgs\CN411003-455861-169210017272843-301.nii.gz,0.341796875,0.341796875,1.0,1024,1024,300,350.0,350.0,300.0,-1024.0,3071.0,-490.9169616699219,514.167724609375,-1024.0,-787.0,641.0,0.0,0.004358683816113569,1.3671875,1.3671875,12.0
infer(airway),CN411003-456085-769-301,F:\airway_segment_with_img\imgs\CN411003-456085-769-301.nii.gz,0.341796875,0.341796875,1.0,1024,1024,316,350.0,350.0,316.0,-1024.0,2394.0,-575.2239990234375,508.12640380859375,-1024.0,-920.0,616.0,0.0,0.003766372674510354,1.3671875,1.3671875,12.0
infer(airway),CN531009-P00010737-46202,F:\airway_segment_with_img\imgs\CN531009-P00010737-46202.nii.gz,0.8320310115814209,0.8320310115814209,1.25,512,512,261,425.9998779296875,425.9998779296875,326.25,-3024.0,3071.0,-1081.9815673828125,1095.058349609375,-3024.0,-945.0,279.0,0.21275793591924888,0.0004138433411122922,1.6640620231628418,1.6640620231628418,15.0
infer(airway),CN531009-P00010327-46137,F:\airway_segment_with_img\imgs\CN531009-P00010327-46137.nii.gz,0.7617189884185791,0.7617189884185791,1.25,512,512,269,390.0001220703125,390.0001220703125,336.25,-3024.0,3071.0,-1039.2025146484375,1122.6573486328125,-3024.0,-922.0,504.0,0.21292536906543244,0.002277926423282838,1.5234379768371582,1.5234379768371582,15.0
infer(airway),CN411003-471981-178316130287921-601,F:\airway_segment_with_img\imgs\CN411003-471981-178316130287921-601.nii.gz,0.404296875,0.404296875,1.0,1024,1024,345,414.0,414.0,345.0,-1024.0,3071.0,-563.7052001953125,494.7674865722656,-1024.0,-858.0,469.0,0.0,0.0017321544809615608,1.6171875,1.6171875,12.0
infer(airway),CN411003-471738-175612207283379-201,F:\airway_segment_with_img\imgs\CN411003-471738-175612207283379-201.nii.gz,0.375,0.375,1.0,1024,1024,350,384.0,384.0,350.0,-1024.0,2102.0,-567.939208984375,518.989990234375,-1024.0,-907.0,712.0,0.0,0.005414690054116819,1.5,1.5,12.0
infer(airway),CN531009-P00011527-46320,F:\airway_segment_with_img\imgs\CN531009-P00011527-46320.nii.gz,0.703125,0.703125,1.25,512,512,265,360.0,360.0,331.25,-3024.0,3071.0,-1006.2289428710938,1130.0447998046875,-3024.0,-873.0,370.0,0.21275389773806494,0.0011860107164179856,1.40625,1.40625,15.0
infer(airway),CN531009-P00014182-46818,F:\airway_segment_with_img\imgs\CN531009-P00014182-46818.nii.gz,0.703125,0.703125,1.25,512,512,269,360.0,360.0,336.25,-3024.0,1768.0,-1047.707763671875,1109.6112060546875,-3024.0,-910.0,305.0,0.21292536906543244,0.0004722281357096874,1.40625,1.40625,15.0
infer(airway),CN411003-473819-179146893289282-301,F:\airway_segment_with_img\imgs\CN411003-473819-179146893289282-301.nii.gz,0.3095703125,0.3095703125,1.0,1024,1024,321,317.0,317.0,321.0,-1024.0,3071.0,-513.6219482421875,497.4911193847656,-1024.0,-804.0,530.0,0.0,0.002829780375704056,1.23828125,1.23828125,12.0
infer(airway),CN531009-P00011606-46335,F:\airway_segment_with_img\imgs\CN531009-P00011606-46335.nii.gz,0.6835939884185791,0.6835939884185791,1.25,512,512,365,350.0001220703125,350.0001220703125,456.25,-3024.0,3071.0,-1052.1964111328125,1113.9146728515625,-3024.0,-906.0,319.0,0.21557580138728707,0.0007494781495013262,1.3671879768371582,1.3671879768371582,15.0
infer(airway),CS020003-548578-113036-6,F:\airway_segment_with_img\imgs\CS020003-548578-113036-6.nii.gz,0.7260000109672546,0.7260000109672546,0.800000011920929,512,512,388,371.7120056152344,371.7120056152344,310.40000462532043,-2048.0,2337.0,-911.7405395507812,745.894775390625,-2048.0,-962.0,550.0,0.350950259006564,0.004665678208098775,1.4520000219345093,1.4520000219345093,9.600000143051147
infer(airway),CN531009-P00010921-46223,F:\airway_segment_with_img\imgs\CN531009-P00010921-46223.nii.gz,0.7382810115814209,0.7382810115814209,1.25,512,512,497,377.9998779296875,377.9998779296875,621.25,-3024.0,1909.0,-1088.328125,1091.8602294921875,-3024.0,-990.0,272.0,0.21275222591012063,0.0007102243944349208,1.4765620231628418,1.4765620231628418,15.0
infer(airway),CS020003-607073-113850-5,F:\airway_segment_with_img\imgs\CS020003-607073-113850-5.nii.gz,0.7080000042915344,0.7080000042915344,0.800000011920929,512,512,438,362.4960021972656,362.4960021972656,350.4000052213669,-2048.0,2248.0,-820.6412353515625,779.7012939453125,-2048.0,-876.0,510.0,0.29681002606534523,0.0028060657493281607,1.4160000085830688,1.4160000085830688,9.600000143051147
infer(airway),CS756001-147440-128424521899501-4,F:\airway_segment_with_img\imgs\CS756001-147440-128424521899501-4.nii.gz,0.607421875,0.607421875,1.5,512,512,229,311.0,311.0,343.5,-1024.0,3040.0,-463.89129638671875,494.1850891113281,-1024.0,-602.0,495.0,0.0,0.0016400858463070183,1.21484375,1.21484375,18.0
infer(airway),CS756001-135785-1-8,F:\airway_segment_with_img\imgs\CS756001-135785-1-8.nii.gz,0.693359375,0.693359375,1.5,512,512,244,355.0,355.0,366.0,-1024.0,2104.0,-554.1729736328125,486.2271728515625,-1024.0,-875.0,441.0,0.0,0.001608426453637295,1.38671875,1.38671875,18.0
infer(airway),CS756001-159997-151500892253051-10,F:\airway_segment_with_img\imgs\CS756001-159997-151500892253051-10.nii.gz,0.68359375,0.68359375,1.5,512,512,244,350.0,350.0,366.0,-1024.0,2447.0,-469.6161804199219,499.7691345214844,-1024.0,-682.0,571.0,0.0,0.0026290143122438526,1.3671875,1.3671875,18.0
infer(airway),CN411003-474016-178838972288804-301,F:\airway_segment_with_img\imgs\CN411003-474016-178838972288804-301.nii.gz,0.341796875,0.341796875,1.0,1024,1024,391,350.0,350.0,391.0,-1024.0,3071.0,-577.438720703125,496.0861511230469,-1024.0,-889.0,510.0,0.0,0.003754061942022043,1.3671875,1.3671875,12.0
infer(airway),CS757004-3000697404-CT20170422100332-9,F:\airway_segment_with_img\imgs\CS757004-3000697404-CT20170422100332-9.nii.gz,0.5859375,0.5859375,0.699999988079071,512,512,346,300.0,300.0,242.19999587535858,-1024.0,2327.0,-405.6807861328125,469.3466796875,-1024.0,-226.0,489.0,0.0,0.00197841644525071,1.171875,1.171875,8.399999856948853
infer(airway),CS757004-3000235373-CT20160122083953-5,F:\airway_segment_with_img\imgs\CS757004-3000235373-CT20160122083953-5.nii.gz,0.552734375,0.552734375,0.699999988079071,512,512,414,283.0,283.0,289.7999950647354,-1024.0,2213.0,-449.8437194824219,501.40826416015625,-1024.0,-594.0,703.0,0.0,0.004980666217318812,1.10546875,1.10546875,8.399999856948853
infer(airway),CS757004-3000943751-CT20170815174824-4,F:\airway_segment_with_img\imgs\CS757004-3000943751-CT20170815174824-4.nii.gz,0.767578125,0.767578125,0.8999999761581421,512,512,331,393.0,393.0,297.89999210834503,-1024.0,3070.0,-596.0714111328125,495.7492370605469,-1024.0,-913.0,565.0,0.0,0.0024827107794068875,1.53515625,1.53515625,10.799999713897705
infer(airway),CS757004-3000611914-CT20170116150156-5,F:\airway_segment_with_img\imgs\CS757004-3000611914-CT20170116150156-5.nii.gz,0.66015625,0.66015625,0.699999988079071,512,512,393,338.0,338.0,275.0999953150749,-1024.0,2076.0,-472.8661804199219,490.19873046875,-1008.0,-772.0,486.0,0.0,0.0024540632867690554,1.3203125,1.3203125,8.399999856948853
infer(airway),CW023007-00540783-15657751-5,F:\airway_segment_with_img\imgs\CW023007-00540783-15657751-5.nii.gz,0.681640625,0.681640625,2.0,512,512,198,349.0,349.0,396.0,-1024.0,1630.0,-517.8121948242188,474.16357421875,-1014.0,-812.0,375.0,0.0,0.0004548350772017424,1.36328125,1.36328125,24.0
infer(airway),CS757004-3000771447-CT20170203100859-5,F:\airway_segment_with_img\imgs\CS757004-3000771447-CT20170203100859-5.nii.gz,0.599609375,0.599609375,0.699999988079071,512,512,395,307.0,307.0,276.49999529123306,-1024.0,2784.0,-504.90557861328125,484.4488220214844,-1013.0,-817.0,460.0,0.0,0.0018470466587689268,1.19921875,1.19921875,8.399999856948853
infer(airway),CS757004-3000406753-CT20170609152133-7,F:\airway_segment_with_img\imgs\CS757004-3000406753-CT20170609152133-7.nii.gz,0.689453125,0.689453125,0.699999988079071,512,512,462,353.0,353.0,323.3999944925308,-1024.0,2886.0,-491.4045104980469,483.7713623046875,-1009.0,-803.0,423.0,0.0,0.0016676580610944089,1.37890625,1.37890625,8.399999856948853
infer(airway),CS757004-3000525355-CT20141209092939-5,F:\airway_segment_with_img\imgs\CS757004-3000525355-CT20141209092939-5.nii.gz,0.677734375,0.677734375,0.699999988079071,512,512,486,347.0,347.0,340.1999942064285,-1024.0,1636.0,-609.877685546875,484.1156005859375,-1024.0,-907.0,530.0,0.0,0.0020646460262345677,1.35546875,1.35546875,8.399999856948853
infer(airway),CS757004-3002569806-CT20160113104253-8,F:\airway_segment_with_img\imgs\CS757004-3002569806-CT20160113104253-8.nii.gz,0.615234375,0.615234375,0.699999988079071,512,512,342,315.0,315.0,239.3999959230423,-1024.0,2046.0,-410.7845458984375,466.5249328613281,-1023.0,-151.0,413.0,0.0,0.0011238295533542975,1.23046875,1.23046875,8.399999856948853
infer(airway),CS757004-3002812749-CT20170616155552-5,F:\airway_segment_with_img\imgs\CS757004-3002812749-CT20170616155552-5.nii.gz,0.671875,0.671875,0.699999988079071,512,512,389,344.0,344.0,272.29999536275864,-1024.0,2295.0,-533.6143188476562,494.153564453125,-1024.0,-842.0,568.0,0.0,0.003126795769523344,1.34375,1.34375,8.399999856948853
infer(airway),CW023007-00880747-15635591-5,F:\airway_segment_with_img\imgs\CW023007-00880747-15635591-5.nii.gz,0.681640625,0.681640625,2.0,512,512,174,349.0,349.0,348.0,-1024.0,1234.0,-606.3590087890625,450.8028869628906,-1013.0,-880.0,207.0,0.0,1.5631484229597256e-05,1.36328125,1.36328125,24.0
infer(airway),CW023007-8001637990-15660378-4,F:\airway_segment_with_img\imgs\CW023007-8001637990-15660378-4.nii.gz,0.712890625,0.712890625,2.0,512,512,143,365.0,365.0,286.0,-1024.0,3069.0,-552.2337036132812,487.67193603515625,-1024.0,-861.0,510.0,0.0,0.0036249752278154,1.42578125,1.42578125,24.0
infer(airway),CS757004-3003023401-CT20170429165356-7,F:\airway_segment_with_img\imgs\CS757004-3003023401-CT20170429165356-7.nii.gz,0.64453125,0.64453125,0.699999988079071,512,512,412,330.0,330.0,288.39999508857727,-1024.0,2292.0,-512.777099609375,480.78448486328125,-1015.0,-834.0,485.0,0.0,0.0031797166263430664,1.2890625,1.2890625,8.399999856948853
infer(airway),CW023007-90948366-15657332-7,F:\airway_segment_with_img\imgs\CW023007-90948366-15657332-7.nii.gz,0.66015625,0.66015625,1.649999976158142,512,512,201,338.0,338.0,331.64999520778656,-1024.0,2081.0,-622.52001953125,465.3934326171875,-1011.0,-893.0,340.0,0.0,0.00022034140619835749,1.3203125,1.3203125,19.799999713897705
infer(airway),CW028001-FS170227041-57816-4,F:\airway_segment_with_img\imgs\CW028001-FS170227041-57816-4.nii.gz,0.755859375,0.755859375,1.5,512,512,237,387.0,387.0,355.5,-1024.0,2488.0,-540.2490844726562,503.9176330566406,-1024.0,-856.0,512.0,0.0,0.0018315697521097047,1.51171875,1.51171875,18.0
infer(airway),CS757004-3002437352-CT20151030100031-5,F:\airway_segment_with_img\imgs\CS757004-3002437352-CT20151030100031-5.nii.gz,0.685546875,0.685546875,0.699999988079071,512,512,609,351.0,351.0,426.29999274015427,-1024.0,2097.0,-504.77716064453125,486.4759826660156,-1024.0,-792.0,445.0,0.0,0.0014487074382683262,1.37109375,1.37109375,8.399999856948853
infer(airway),CW831001-CT1200720,F:\airway_segment_with_img\imgs\CW831001-CT1200720.nii.gz,0.6484379768371582,0.6484379768371582,1.25,512,512,233,332.000244140625,332.000244140625,291.25,-3024.0,2256.0,-950.8505859375,1168.3353271484375,-3024.0,-787.0,693.0,0.21397506685499584,0.004699770442098169,1.2968759536743164,1.2968759536743164,15.0
infer(airway),CW831001-CT1202877,F:\airway_segment_with_img\imgs\CW831001-CT1202877.nii.gz,0.6484379768371582,0.6484379768371582,1.25,512,512,241,332.000244140625,332.000244140625,301.25,-3024.0,3071.0,-1022.247802734375,1151.1536865234375,-3024.0,-880.0,384.0,0.22328382310036307,0.0015929922523340249,1.2968759536743164,1.2968759536743164,15.0
infer(airway),CW831001-CT1206548,F:\airway_segment_with_img\imgs\CW831001-CT1206548.nii.gz,0.6484379768371582,0.6484379768371582,1.25,512,512,217,332.000244140625,332.000244140625,271.25,-3024.0,2976.0,-964.976318359375,1159.4166259765625,-3024.0,-838.0,581.0,0.21393522811679067,0.0031887868896251508,1.2968759536743164,1.2968759536743164,15.0
infer(airway),CW831001-CT1203305,F:\airway_segment_with_img\imgs\CW831001-CT1203305.nii.gz,0.6484379768371582,0.6484379768371582,1.25,512,512,253,332.000244140625,332.000244140625,316.25,-3024.0,2202.0,-1003.9501342773438,1138.0054931640625,-3024.0,-892.0,470.0,0.2140880522489824,0.002595019121733157,1.2968759536743164,1.2968759536743164,15.0
infer(airway),CW831001-CT1210215,F:\airway_segment_with_img\imgs\CW831001-CT1210215.nii.gz,0.6484379768371582,0.6484379768371582,1.25,512,512,217,332.000244140625,332.000244140625,271.25,-3024.0,3071.0,-969.3650512695312,1153.7427978515625,-3024.0,-865.0,530.0,0.21352738966567952,0.0030939644497418126,1.2968759536743164,1.2968759536743164,15.0
infer(airway),CW831001-CT1208786,F:\airway_segment_with_img\imgs\CW831001-CT1208786.nii.gz,0.6484379768371582,0.6484379768371582,1.25,512,512,253,332.000244140625,332.000244140625,316.25,-3024.0,2244.0,-930.2633056640625,1167.0914306640625,-3024.0,-810.0,485.0,0.21301764530979259,0.0019280653727456348,1.2968759536743164,1.2968759536743164,15.0
infer(airway),CW831001-CT1210536,F:\airway_segment_with_img\imgs\CW831001-CT1210536.nii.gz,0.7636719942092896,0.7636719942092896,1.25,512,512,241,391.00006103515625,391.00006103515625,301.25,-3024.0,3071.0,-977.7852172851562,1177.4708251953125,-3024.0,-854.0,408.0,0.224365234375,0.0007536955394190872,1.527343988418579,1.527343988418579,15.0
infer(airway),CW813001-P913572-4182,F:\airway_segment_with_img\imgs\CW813001-P913572-4182.nii.gz,0.703125,0.703125,0.625,512,512,486,360.0,360.0,303.75,-3024.0,1748.0,-1242.750732421875,1082.51318359375,-3024.0,-988.0,335.0,0.24267578125,0.0011051633230452676,1.40625,1.40625,7.5
infer(airway),CW831001-CT1210946,F:\airway_segment_with_img\imgs\CW831001-CT1210946.nii.gz,0.6484379768371582,0.6484379768371582,1.0,512,512,291,332.000244140625,332.000244140625,291.0,-3024.0,3071.0,-961.1292114257812,1156.7088623046875,-3024.0,-847.0,580.0,0.21283764093828317,0.003781701208283444,1.2968759536743164,1.2968759536743164,12.0
infer(airway),CW831001-CT1212389,F:\airway_segment_with_img\imgs\CW831001-CT1212389.nii.gz,0.6484379768371582,0.6484379768371582,1.0,512,512,301,332.000244140625,332.000244140625,301.0,-3024.0,3071.0,-1076.3123779296875,1108.7850341796875,-3024.0,-928.0,467.0,0.21371171742958905,0.0018386583623723406,1.2968759536743164,1.2968759536743164,12.0
infer(airway),CW831001-CT1212740,F:\airway_segment_with_img\imgs\CW831001-CT1212740.nii.gz,0.6484379768371582,0.6484379768371582,1.0,512,512,291,332.000244140625,332.000244140625,291.0,-3024.0,3073.0,-1015.526611328125,1134.4310302734375,-3024.0,-893.0,553.0,0.21296954291364306,0.0036733166393830667,1.2968759536743164,1.2968759536743164,12.0
infer(airway),CW831001-CT1216676,F:\airway_segment_with_img\imgs\CW831001-CT1216676.nii.gz,0.6484379768371582,0.6484379768371582,1.25,512,512,245,332.000244140625,332.000244140625,306.25,-3024.0,3071.0,-1042.010986328125,1118.7891845703125,-3024.0,-908.0,431.0,0.21403992660648508,0.002465804243197458,1.2968759536743164,1.2968759536743164,15.0
infer(airway),CW831001-CT1214887,F:\airway_segment_with_img\imgs\CW831001-CT1214887.nii.gz,0.6484379768371582,0.6484379768371582,1.25,512,512,273,332.000244140625,332.000244140625,341.25,-3024.0,2154.0,-965.3422241210938,1157.90478515625,-3024.0,-819.0,560.0,0.21395967455529027,0.0035474157488759642,1.2968759536743164,1.2968759536743164,15.0
infer(airway),CW831001-CT1219326,F:\airway_segment_with_img\imgs\CW831001-CT1219326.nii.gz,0.8222659826278687,0.8222659826278687,1.25,512,512,245,421.00018310546875,421.00018310546875,306.25,-3024.0,2314.0,-1060.613037109375,1108.7767333984375,-3024.0,-938.0,407.0,0.21392945611007178,0.0019422254718246283,1.6445319652557373,1.6445319652557373,15.0
infer(airway),CW831001-CT1215996,F:\airway_segment_with_img\imgs\CW831001-CT1215996.nii.gz,0.6484379768371582,0.6484379768371582,1.25,512,512,265,332.000244140625,332.000244140625,331.25,-3024.0,3071.0,-872.527099609375,1187.66015625,-3024.0,-203.0,535.0,0.2129312451349125,0.0022642022767979724,1.2968759536743164,1.2968759536743164,15.0
infer(airway),CW831001-CT1216044,F:\airway_segment_with_img\imgs\CW831001-CT1216044.nii.gz,0.6484379768371582,0.6484379768371582,1.25,512,512,277,332.000244140625,332.000244140625,346.25,-3024.0,3071.0,-863.8436279296875,1186.24755859375,-3024.0,-175.0,447.0,0.21291460343697804,0.0009024029088863503,1.2968759536743164,1.2968759536743164,15.0
infer(airway),CW831001-CT1225346,F:\airway_segment_with_img\imgs\CW831001-CT1225346.nii.gz,0.6484379768371582,0.6484379768371582,1.25,512,512,245,332.000244140625,332.000244140625,306.25,-3024.0,2011.0,-1007.158203125,1137.136474609375,-3024.0,-883.0,412.0,0.21359907225335664,0.0014453651460959469,1.2968759536743164,1.2968759536743164,15.0
infer(airway),CW831001-CT1301713-38244,F:\airway_segment_with_img\imgs\CW831001-CT1301713-38244.nii.gz,0.6484379768371582,0.6484379768371582,1.25,512,512,221,332.000244140625,332.000244140625,276.25,-3024.0,3071.0,-995.395263671875,1148.1368408203125,-3024.0,-863.0,569.0,0.2157926114733854,0.0026770531791508213,1.2968759536743164,1.2968759536743164,15.0
infer(airway),CW831001-CT1266830-49903,F:\airway_segment_with_img\imgs\CW831001-CT1266830-49903.nii.gz,0.7597659826278687,0.7597659826278687,1.25,512,512,333,389.00018310546875,389.00018310546875,416.25,-3024.0,2739.0,-989.3019409179688,1136.9486083984375,-3024.0,-877.0,325.0,0.21295705444783497,0.001147204017835091,1.5195319652557373,1.5195319652557373,15.0
infer(airway),CW833001-201912191242-7876180,F:\airway_segment_with_img\imgs\CW833001-201912191242-7876180.nii.gz,0.744140625,0.744140625,1.5,512,512,203,381.0,381.0,304.5,-1024.0,2619.0,-643.0797119140625,493.8017578125,-1024.0,-912.0,713.0,0.0,0.003982373847945264,1.48828125,1.48828125,18.0
infer(airway),CW833001-4686610-7897418,F:\airway_segment_with_img\imgs\CW833001-4686610-7897418.nii.gz,0.693359375,0.693359375,1.5,512,512,206,355.0,355.0,309.0,-1024.0,3071.0,-686.4212646484375,473.1997985839844,-1024.0,-935.0,639.0,0.0,0.003664257185537306,1.38671875,1.38671875,18.0
infer(airway),CW871001-477473-57871-2,F:\airway_segment_with_img\imgs\CW871001-477473-57871-2.nii.gz,0.78125,0.78125,2.0,512,512,144,400.0,400.0,288.0,-1024.0,1549.0,-631.5789184570312,462.51007080078125,-1024.0,-938.0,335.0,0.0,0.00045047856426693296,1.5625,1.5625,24.0
infer(airway),CW833001-4798562-7881126,F:\airway_segment_with_img\imgs\CW833001-4798562-7881126.nii.gz,0.552734375,0.552734375,1.5,512,512,193,283.0,283.0,289.5,-1024.0,2883.0,-589.4447631835938,498.0372314453125,-1024.0,-892.0,590.0,0.0,0.0035505129717829545,1.10546875,1.10546875,18.0
infer(airway),CW871001-477431-57836-3,F:\airway_segment_with_img\imgs\CW871001-477431-57836-3.nii.gz,0.78125,0.78125,2.0,512,512,175,400.0,400.0,350.0,-1024.0,1362.0,-621.560302734375,465.77545166015625,-1024.0,-932.0,327.0,0.0,0.00018951415189408867,1.5625,1.5625,24.0
infer(airway),CW871001-477034-57467-3,F:\airway_segment_with_img\imgs\CW871001-477034-57467-3.nii.gz,0.78125,0.78125,2.0,512,512,175,400.0,400.0,350.0,-1024.0,1419.0,-599.8773803710938,472.27056884765625,-1024.0,-913.0,325.0,0.0,0.0004988533892450218,1.5625,1.5625,24.0
infer(airway),CW871001-477452-57851-4,F:\airway_segment_with_img\imgs\CW871001-477452-57851-4.nii.gz,0.830078125,0.830078125,2.0,512,512,150,425.0,425.0,300.0,-1024.0,3071.0,-716.4859008789062,442.88116455078125,-1024.0,-976.0,412.0,0.0,0.0010716756184895833,1.66015625,1.66015625,24.0
infer(airway),CW833001-5017457-7891785,F:\airway_segment_with_img\imgs\CW833001-5017457-7891785.nii.gz,0.712890625,0.712890625,1.5,512,512,189,365.0,365.0,283.5,-1024.0,3071.0,-585.5276489257812,493.7430419921875,-1024.0,-879.0,659.0,0.0,0.0041078630685399044,1.42578125,1.42578125,18.0
infer(airway),CW831001-CT1307472-19896,F:\airway_segment_with_img\imgs\CW831001-CT1307472-19896.nii.gz,0.6484379768371582,0.6484379768371582,1.0,512,512,301,332.000244140625,332.000244140625,301.0,-3024.0,2440.0,-1046.9495849609375,1110.3267822265625,-3024.0,-890.0,314.0,0.21359208043661418,0.0008313757138932007,1.2968759536743164,1.2968759536743164,12.0
infer(airway),CW833001-6276657-7952612,F:\airway_segment_with_img\imgs\CW833001-6276657-7952612.nii.gz,0.751953125,0.751953125,1.5,512,512,223,385.0,385.0,334.5,-1024.0,3070.0,-641.946044921875,488.0598449707031,-1024.0,-921.0,605.0,0.0,0.0030237031228510258,1.50390625,1.50390625,18.0
infer(airway),CW871001-477509-113297-4,F:\airway_segment_with_img\imgs\CW871001-477509-113297-4.nii.gz,0.781000018119812,0.781000018119812,2.0,512,512,171,399.87200927734375,399.87200927734375,342.0,-2048.0,2223.0,-816.33251953125,789.61083984375,-2048.0,-933.0,500.0,0.27187806569987233,0.0022021730296400586,1.562000036239624,1.562000036239624,24.0
infer(airway),TX000001-15436813-921-5,F:\airway_segment_with_img\imgs\TX000001-15436813-921-5.nii.gz,0.744140625,0.744140625,2.0,512,512,137,381.0,381.0,274.0,-1024.0,1553.0,-592.4685668945312,475.5685119628906,-1024.0,-900.0,429.0,0.0,0.0006600815554067546,1.48828125,1.48828125,24.0
infer(airway),TX000001-13532764-9854-3,F:\airway_segment_with_img\imgs\TX000001-13532764-9854-3.nii.gz,0.7421879768371582,0.7421879768371582,1.25,512,512,277,380.000244140625,380.000244140625,346.25,-3024.0,1634.0,-1049.731689453125,1114.98291015625,-3024.0,-902.0,390.0,0.21275460653500722,0.0014068517399408317,1.4843759536743164,1.4843759536743164,15.0
infer(airway),TX000001-15573769-R04881623-6,F:\airway_segment_with_img\imgs\TX000001-15573769-R04881623-6.nii.gz,0.625,0.625,1.0,512,512,345,320.0,320.0,345.0,-2048.0,2477.0,-775.9788818359375,803.21044921875,-2048.0,-836.0,482.0,0.32725067138671876,0.0019602457682291667,1.25,1.25,12.0
infer(airway),TX000001-1013562289-1734-302,F:\airway_segment_with_img\imgs\TX000001-1013562289-1734-302.nii.gz,0.68359375,0.68359375,1.0,512,512,358,350.0,350.0,358.0,-1024.0,2107.0,-563.79736328125,517.919921875,-1024.0,-925.0,640.0,0.0,0.002152991075028158,1.3671875,1.3671875,12.0
infer(airway),CW833001-4991592-594,F:\airway_segment_with_img\imgs\CW833001-4991592-594.nii.gz,0.703125,0.703125,0.625,512,512,488,360.0,360.0,305.0,-1023.0,1563.0,-608.1350708007812,478.95025634765625,-1023.0,-904.0,432.0,0.0,0.0015548956198770491,1.40625,1.40625,7.5
infer(airway),TX000001-1013999630-neupacs-4,F:\airway_segment_with_img\imgs\TX000001-1013999630-neupacs-4.nii.gz,0.701171875,0.701171875,1.0,512,512,363,359.0,359.0,363.0,-1024.0,3041.0,-524.15673828125,501.1341247558594,-1024.0,-817.0,588.0,0.0,0.0023107607502582646,1.40234375,1.40234375,12.0
